District code,Population,Male_Literate,Female_Literate,SC,Households_with_Internet,Male_SC,Female_SC,ST,Male_ST,Female_ST,Workers,Male_Workers,Female_Workers,Main_Workers,Marginal_Workers,Non_Workers,Agricultural_Workers,Household_Workers,Hindus,Muslims,Christians,Sikhs,Buddhists,Jains,Others_Religions,Religion_Not_Stated,LPG_or_PNG_Households,Housholds_with_Electric_Lighting,Households_with_Computer,Married_couples_1_Households,Married_couples_2_Households,Married_couples_3_Households,Married_couples_3_or_more_Households,Married_couples_4_Households,Married_couples_5__Households,Married_couples_None_Households,Power_Parity_Less_than_Rs_45000,Power_Parity_Rs_45000_90000,Power_Parity_Rs_90000_150000,Power_Parity_Rs_45000_150000,Power_Parity_Rs_150000_240000,Power_Parity_Rs_240000_330000,Power_Parity_Rs_150000_330000,Power_Parity_Rs_330000_425000,Power_Parity_Rs_425000_545000,Power_Parity_Rs_330000_545000,Power_Parity_Above_Rs_545000,Total_Power_Parity,State,District,Latitude,Longitude,sex_ratio,Literacy_rate,Male Literacy rate,Female Literacy rate,Lit Gender Gap,Female Workers ratio,Male Worker Ratio,Gender Work diff,Internate_Penitration_Rate(%),LPG_PNG_RATIO,Households,Households LPG_PNG Ratio,High Income Concentration Ratio(%),Low Income Dependancy Rate,Workforce Participation Rate,Agricultural Dominance vs Industrilization,Marginal Work Intensity,SC Share(%),ST Share(%),Hindu Share,Muslims Share,Christians Share,Buddhist,Jain,Other,No Relegion,Households with computer Ratio,High Marid Couple Household,Low Marid Couple Household Ratio
4,140802,56301,29935,18,235,12,6,122336,62652,59684,51873,39839,12034,28941,22932,88929,3763,1222,10341,108239,604,0.8316643229499581,20126,28,4,289,3285,15824,1005,10366,3835,1252,1643,308,83,2368,39,87,27,114,12,18,30,19,3,22,7,214,Jammu and Kashmir,Kargil,33.565994894894914,76.63675315315312,810.0,61.246289115211425,72.0,48.0,24.0,19.0,51.0,32.0,0.16690103833752362,2.0,181664,8.71058657741765,3.2710280373831773,18.22429906542056,36.84109600715899,7.254255585757523,44.20796946388295,0.012783909319469893,86.88512947259271,7.344355904035455,76.87319782389454,0.4289711793866564,14.293831053536172,0.019886081163619836,0.0028408687376599764,0.2052527662959333,0.5532191298220891,0.04568874405495861,5.70613880570724
5,476835,163333,98391,556,346,406,150,176101,90274,85827,161393,117677,43716,73247,88146,315442,31583,3930,32604,431279,958,2.3463042771608627,83,10,2,711,13160,62900,3342,70995,9180,1148,1250,87,15,7453,117,268,78,346,35,50,85,59,8,67,12,629,Jammu and Kashmir,Punch,33.791241290322574,74.29593161290322,893.0,54.88774943114495,65.0,44.0,21.0,19.0,47.0,28.0,0.07256178762045572,7.0,187839,33.48612375491777,1.9077901430842605,18.60095389507154,33.84671846655552,19.56900237308929,54.61575161252347,0.1166021789507901,36.93122358887246,6.837585328258203,90.44617110740613,0.20090807092600166,0.017406440382941687,0.0020971614919206853,0.000419432298384137,0.14910818207556073,1.7791832367080318,0.007985562103716481,37.795665436890104
7,616435,228499,160705,141224,1443,74644,66580,53307,27693,25614,200431,161548,38883,142847,57584,416004,21566,3952,540063,64234,1828,1.5493928800279024,24,16,2,717,32772,109422,6112,87230,15954,3596,4489,752,141,10163,139,340,174,514,54,69,123,78,52,130,28,936,Jammu and Kashmir,Kathua,32.51781678321678,75.58901398601404,890.0,63.1378815284661,70.0,55.0,15.0,13.0,50.0,37.0,0.23408794114545736,60.0,54394,201.16556973195574,2.9914529914529915,14.850427350427351,32.51453924582478,10.759812603838729,28.730086663240716,22.909795842221808,8.647627081525222,87.61069699157251,10.420238954634309,0.2965438367386667,0.0038933545304857767,0.002595569686990518,0.00032444621087381476,0.1163139665982626,11.236533441188366,0.2592197668860536,160.3669522373791
10,1236829,431746,316838,1068,16413,995,73,8935,5021,3914,407188,333151,74037,330547,76641,829641,10408,20095,42540,1177342,2746,0.9853423553296374,285,74,2,1653,138119,165403,33831,117581,23234,6314,7640,1075,251,18993,251,427,668,1095,319,380,699,240,370,610,445,3099,Jammu and Kashmir,Srinagar,34.27312898550724,75.11021159420288,900.0,60.52445406761969,66.0,54.0,12.0,13.0,51.0,38.0,1.3270225714306505,287.0,48144,343.55890661349287,14.359470797031301,8.099386898999677,32.92193181110727,2.5560674676071002,18.822018330599132,0.08634985111118837,0.7224119098112997,3.439440698754638,95.19036180425911,0.22201937373719405,0.023042797347086783,0.0059830421181909545,0.00016170384103218798,0.13364822461310336,70.27043868394816,0.5213526088401462,244.22773346626786
12,560440,178326,115632,402,1537,397,5,22607,11837,10770,188420,138428,49992,98306,90114,372020,34080,10615,13840,535159,1109,1.6843908357718935,35,6,18,833,16828,73629,5293,55081,15020,3099,3612,439,74,7528,213,430,119,549,71,96,167,84,24,108,32,1068,Jammu and Kashmir,Pulwama,33.88414418604652,75.00921860465118,912.0,52.451288273499394,61.0,43.0,18.0,19.0,47.0,28.0,0.2742488045107416,11.0,147408,49.94912080755454,2.9962546816479403,19.9438202247191,33.62001284704875,18.087251884088737,47.82613310688886,0.07172935550638783,4.0337948754549995,2.4694882592248946,95.4890800085647,0.19788023695667692,0.006245093141103418,0.001070587395617729,0.0032117621868531865,0.14863321675826138,3.590714208184088,0.0502008032128514,37.366357321176594
16,409936,138620,80463,53408,596,27209,26199,39216,20377,18839,151912,101144,50768,79377,72535,258024,12199,1932,187621,220614,472,0.10294289840365325,21,22,42,722,7963,61831,3077,60875,8043,1127,1324,169,28,8378,247,467,99,566,75,102,177,74,19,93,19,1103,Jammu and Kashmir,Doda,33.359614675767915,76.07163720136518,919.0,53.443220405136415,65.0,41.0,24.0,26.0,47.0,21.0,0.1453885484563444,4.0,213578,28.950079128000073,1.7225747960108795,22.393472348141433,37.057491901174814,8.0303070198536,47.74803833798515,13.02837516100074,9.566371336013427,45.768363842160724,53.81669333749658,0.11513992428086334,0.005122750868428242,0.005366691385972444,0.010245501736856484,0.17612505366691386,1.44069145698527,0.013109964509453221,28.502467482605887
19,554985,197543,124811,138569,1214,72093,66476,56309,29142,27167,243672,163845,79827,152442,91230,311313,11396,2641,489044,59771,1962,0.6158725010585872,106,57,235,392,20008,73999,5744,62914,15369,3544,4377,686,147,10902,218,492,171,663,87,107,194,122,43,165,37,1278,Jammu and Kashmir,Udhampur,33.04770670731707,75.15286951219511,870.0,58.083371622656465,67.0,48.0,19.0,31.0,55.0,24.0,0.21874465075632674,9.0,214847,34.44264988573264,2.895148669796557,17.05790297339593,43.90605151490581,4.676778620440592,37.43967300305329,24.968062199879277,10.146039983062604,88.11841761489049,10.769840626323234,0.3535230681910322,0.01909961530491815,0.010270547852644666,0.042343486760903444,0.07063253961818788,2.673530465866407,0.06842078316197107,29.283164298314613
21,1529958,641916,495219,377991,19905,197610,180381,69193,36323,32870,508622,417456,91166,410344,98278,1021336,36873,10589,1289240,107489,12104,7.468963200297002,470,1987,321,4075,197168,294739,46657,215803,40735,8759,10378,1376,243,35100,404,827,682,1509,281,382,663,282,271,553,398,3525,Jammu and Kashmir,Jammu,32.713199095022645,74.8477520361991,880.0,74.32458930245144,79.0,69.0,10.0,13.0,51.0,38.0,1.3010161063244874,76.0,259475,113.59051931785335,11.290780141843971,11.460992907801417,33.24418055920489,7.249588102756074,19.32240445753428,24.705972320808804,4.522542448877682,84.26636548192826,7.025617696694941,0.7911328284828734,0.03071979753692585,0.12987284618270567,0.020980968105006804,0.26634718077228264,17.981308411214954,0.09365064071683207,83.16909143462762
23,519080,186064,137778,111690,1615,56154,55536,135500,67900,67600,294035,158791,135244,119632,174403,225045,9193,4521,479782,32455,1559,0.5288202203899206,1740,57,14,728,21458,96082,5117,66941,17582,2765,3143,323,55,14306,118,276,222,498,72,38,110,49,79,128,97,950,Himachal Pradesh,Chamba,32.66741814595661,76.39354063116366,986.0,62.3876859058334,71.0,53.0,18.0,52.0,61.0,9.0,0.31112737920937045,22.0,98076,97.96688282556386,10.210526315789474,12.421052631578949,56.64541111196733,3.126498546091452,59.31368714608804,21.516914541111195,26.103876088464204,92.42929798874933,6.252408106650227,0.300339061416352,0.33520844571164365,0.010980966325036604,0.0026970794482546042,0.1402481313092394,5.2173824381092215,0.05607895917451772,68.2542110200253
24,1510075,606443,546197,319385,8053,159697,159688,84564,41745,42819,675170,403756,271414,313915,361255,834905,54849,15662,1461140,19797,3023,0.5912951343476317,14511,194,208,2273,148361,330081,22753,220761,52298,8867,10052,1056,129,53296,317,800,706,1506,252,101,353,127,206,333,369,2878,Himachal Pradesh,Kangra,32.14093603238864,76.41205910931173,1012.0,76.32998361008559,81.0,72.0,9.0,36.0,54.0,18.0,0.5332847706239757,57.0,262239,125.87029389221283,12.821403752605976,11.014593467685893,44.71102428687317,8.123731800879778,53.50578372854245,21.15027399301359,5.5999867556247205,96.75943247851929,1.31099448702879,0.20018873234773107,0.9609456483949473,0.012847044020992337,0.013774150290548482,0.1505223250500803,8.676436380553618,0.049191767814855916,84.1831306556233
26,437903,174550,133122,122659,2623,62686,59973,16822,8493,8329,269084,148829,120255,193876,75208,168819,12372,2707,415669,2974,1568,0.31879206125557485,15377,94,83,742,40064,91322,7010,62549,14979,2492,2794,272,30,15223,98,239,205,444,70,35,105,41,67,108,100,854,Himachal Pradesh,Kullu,31.90911922077925,77.40922649350647,942.0,70.26030878984615,77.0,63.0,14.0,57.0,66.0,9.0,0.5989911007688917,52.0,77346,118.06945414113206,11.7096018735363,11.475409836065573,61.44831161238905,4.59782075485722,27.949636544722097,28.01054114724037,3.8414900103447565,94.9226198496014,0.6791458382335814,0.35807016622402676,3.511508256394681,0.02146594108740977,0.01895396925803203,0.16944391794529837,9.063170687559797,0.03878675044604763,80.86908178832778
27,999777,393669,330078,293739,5333,147250,146489,12787,6345,6442,572671,297464,275207,284154,288517,427106,15822,7134,981412,9460,876,0.4081910265989316,2628,43,86,1191,59324,214491,16401,141425,40350,7803,8883,934,146,29336,233,535,431,966,131,77,208,93,152,245,190,1842,Himachal Pradesh,Mandi,31.635805940594054,76.96556930693067,1007.0,72.39084315802424,79.0,66.0,13.0,55.0,60.0,5.0,0.533418952426391,35.0,169223,126.75050081844665,10.314875135722042,12.64929424538545,57.27987341177082,2.7628428888489203,50.380934253698896,29.38045184076049,1.2789852137026558,98.16309036915231,0.946211005054127,0.08761953915723207,0.2628586174716962,0.004300959113882396,0.008601918227764791,0.11912656522404495,9.691944948381721,0.0862766881570472,83.5731549493863
28,454768,180555,177536,109256,2521,53727,55529,3044,1531,1513,241931,118724,123207,126153,115778,212837,8824,3347,449412,3711,243,0.12995637335960314,95,293,9,414,34978,104120,7525,65041,15955,3047,3478,383,48,20594,95,240,215,455,77,34,111,40,64,104,113,878,Himachal Pradesh,Hamirpur,31.67668481012659,76.49767088607594,1095.0,78.74146817718045,83.0,75.0,8.0,52.0,55.0,3.0,0.5543485909298808,43.0,80888,128.7211947384037,12.870159453302962,10.82004555808656,53.1987738803082,3.647320930347909,47.85579359404127,24.02455757661049,0.6693522851212047,98.8222566231573,0.8160204763747668,0.05343383879252717,0.0208897723674489,0.06442845582802659,0.0019790310663898953,0.09103542905393519,9.302986846009297,0.05934131144298289,80.40871328256355
28,454768,180555,177536,109256,2521,53727,55529,3044,1531,1513,241931,118724,123207,126153,115778,212837,8824,3347,449412,3711,243,0.12995637335960314,95,293,9,414,34978,104120,7525,65041,15955,3047,3478,383,48,20594,95,240,215,455,77,34,111,40,64,104,113,878,Uttar Pradesh,Hamirpur,25.738158381502892,79.82619479768789,1095.0,78.74146817718045,83.0,75.0,8.0,52.0,55.0,3.0,0.5543485909298808,13.0,277733,37.48924326601448,12.870159453302962,10.82004555808656,53.1987738803082,3.647320930347909,47.85579359404127,24.02455757661049,0.6693522851212047,98.8222566231573,0.8160204763747668,0.05343383879252717,0.0208897723674489,0.06442845582802659,0.0019790310663898953,0.09103542905393519,2.7094367612059065,0.017282785985100798,23.41853506785294
29,521173,213281,186434,115491,2412,58601,56890,8601,4445,4156,215346,141612,73734,134482,80864,305827,19604,3427,480138,14275,390,4.99047341285907,56,70,10,225,43809,105929,8238,71424,18538,3527,4086,498,61,15651,108,271,240,511,87,38,125,46,75,121,122,987,Himachal Pradesh,Una,31.58330388349513,76.18353932038836,976.0,76.69526241766171,81.0,72.0,9.0,29.0,54.0,25.0,0.46280217893098835,36.0,121130,87.4506728308429,12.360688956433636,10.94224924012158,41.31948508460722,9.103489268433126,37.550732309864124,22.1598202516247,1.650315730093462,92.1264148372997,2.7390137248092286,0.07483119808585632,0.01074499254566142,0.013431240682076776,0.0019187486688681111,0.043171845049532497,6.800957648807067,0.05035911830265005,58.96474861718814
30,381956,155599,132021,98989,1574,50271,48718,10693,5485,5208,205871,111543,94328,103406,102465,176085,4138,2561,371973,6984,236,0.6249410926913047,113,10,7,246,17262,79146,6281,50624,15387,3523,4063,459,81,10379,528,1214,671,1885,271,221,492,315,374,689,72,3666,Chhattisgarh,Bilaspur,22.356942982456143,81.99770350877188,981.0,75.3018672307805,81.0,70.0,11.0,50.0,58.0,8.0,0.41208935060582896,13.0,133617,59.23348076966254,1.9639934533551555,14.402618657937808,53.899140215103316,2.009996551238397,49.771458826158124,25.916335913037102,2.799537119458786,97.38634816575731,1.8284828619003237,0.06178722156478757,0.029584559478055064,0.0026181026086774394,0.0018326718260742074,0.064405324173465,4.7007491561702475,0.06062102876131031,37.88739456805646
30,381956,155599,132021,98989,1574,50271,48718,10693,5485,5208,205871,111543,94328,103406,102465,176085,4138,2561,371973,6984,236,0.6249410926913047,113,10,7,246,17262,79146,6281,50624,15387,3523,4063,459,81,10379,528,1214,671,1885,271,221,492,315,374,689,72,3666,Himachal Pradesh,Bilaspur,31.3780422907489,76.65316079295157,981.0,75.3018672307805,81.0,70.0,11.0,50.0,58.0,8.0,0.41208935060582896,19.0,89622,88.3109058043784,1.9639934533551555,14.402618657937808,53.899140215103316,2.009996551238397,49.771458826158124,25.916335913037102,2.799537119458786,97.38634816575731,1.8284828619003237,0.06178722156478757,0.029584559478055064,0.0026181026086774394,0.0018326718260742074,0.064405324173465,7.008323849054919,0.09037959429604338,56.48613063756667
31,580320,244372,184206,164536,5250,85482,79054,25645,13351,12294,298737,190001,108736,219235,79502,281583,10283,4969,548579,14678,1452,2.399710504549214,574,591,110,410,53722,119866,14478,74573,19282,5062,6076,857,157,23422,116,317,307,624,130,58,188,63,103,166,160,1253,Himachal Pradesh,Solan,31.03864311926604,76.94442140672783,880.0,73.85201268265784,79.0,68.0,11.0,40.0,62.0,22.0,0.9046732837055418,69.0,78371,152.94688086154318,12.769353551476456,9.257781324820431,51.4779776674938,3.442158152488644,26.612706159598577,28.352633030052388,4.419113592500689,94.53043148607665,2.529294182519989,0.250206782464847,0.09891094568513924,0.10184036393713813,0.01895505927763992,0.07065067548938517,18.473670107565297,0.20032920340432048,95.15381965267765
32,529855,205617,157028,160745,2220,83017,77728,11262,5912,5350,280083,169399,110684,193906,86177,249772,10730,5313,476830,33215,577,2.925517358522615,2645,236,86,765,28904,91509,8593,61976,18571,3769,4665,709,187,11878,124,274,209,483,61,44,105,53,87,140,77,930,Himachal Pradesh,Sirmaur,30.682764453961443,77.43184689507493,918.0,68.44230968849968,74.0,62.0,12.0,44.0,61.0,17.0,0.41898255183021765,16.0,183360,49.90674083769633,8.279569892473118,13.333333333333334,52.86031083975805,3.8310072371404194,30.768379373257215,30.33754517745421,2.125487161581942,89.99254513027148,6.268696152721027,0.10889771730001604,0.49919317549140807,0.044540487491860986,0.016230855611440866,0.14437912259014257,4.6864092495637,0.10198516579406632,33.80017452006981
33,814010,342846,269796,215777,9177,110828,104949,8755,4554,4201,430926,258628,172298,311770,119156,383084,26114,7967,791449,11810,2025,0.4971683394552892,3262,185,197,1035,108888,172754,24127,114928,25903,4965,5765,688,112,34174,156,397,415,812,150,104,254,82,133,215,232,1668,Himachal Pradesh,Shimla,31.155725451807253,77.62573042168668,915.0,75.26222036584316,81.0,69.0,12.0,44.0,61.0,17.0,1.1273817274972053,101.0,107833,160.20513200968162,13.908872901678656,9.352517985611511,52.93866168720286,6.059973174048445,27.65115124174452,26.5079053082886,1.0755396125354726,97.22841242736577,1.4508421272465941,0.2487684426481247,0.4007321777373742,0.02272699352587806,0.024201176889718796,0.12714831513126373,22.374412285663944,0.10386430869956322,106.57961848413751
34,84121,36697,24002,14750,354,7433,7317,48746,23609,25137,56273,33863,22410,46782,9491,27848,2537,944,64732,448,485,0.2960021873254003,18086,29,45,47,10740,17865,2563,10752,2106,207,235,19,9,6442,21,52,44,96,15,6,21,8,13,21,23,181,Himachal Pradesh,Kinnaur,31.60667184065933,78.51613736263741,819.0,72.15677417054005,79.0,63.0,16.0,59.0,73.0,14.0,0.42082238679996675,2.0,502609,3.554452864950687,12.70718232044199,11.602209944751381,66.89530557173595,4.508378796225544,16.865992571926146,17.53426611666528,57.947480415116324,76.95105859416792,0.5325661844248166,0.5765504451920448,21.49998216854293,0.03447415033107072,0.0534943712033856,0.05587189881242496,0.509939137580107,0.0017906563551388854,2.139237458939255
35,2298323,907660,727059,580576,14428,304894,275682,0,0,0,757138,637652,119486,625778,131360,1541185,100684,30903,1074332,27667,176587,43.63503302190336,405,580,812,15066,244468,411216,38445,285718,82786,19869,23635,3187,579,39073,269,1023,1250,2273,830,459,1289,575,897,1472,678,5982,Punjab,Gurdaspur,32.04283371212125,75.3204064393939,895.0,71.12659969899792,75.0,67.0,8.0,11.0,53.0,42.0,0.6277620682558543,214.0,114236,359.97058720543436,11.334002006018054,4.496823804747576,32.94306326830476,13.297972100198379,17.34954526123375,25.2608532395142,0.0,46.74416955319161,1.2037907639613754,7.683297778423659,0.01762154405625319,0.02523579148796753,0.035330108083154545,0.6555214388926187,33.6540144963059,0.5068454777828355,250.11204874120244
36,815168,316254,260313,276707,9732,143901,132806,0,0,0,284165,235562,48603,248208,35957,531003,42387,9861,336124,10190,5445,55.65625736044595,6662,553,334,2168,110555,161206,23145,110069,28131,5932,7043,943,168,20093,81,322,555,877,298,228,526,223,293,516,470,2472,Punjab,Kapurthala,31.336592638036837,75.47641165644177,912.0,70.72983728507498,74.0,67.0,7.0,12.0,55.0,43.0,1.193864332260344,55.0,200231,80.51001093736734,19.01294498381877,3.2766990291262137,34.859685365470675,14.916333820139707,12.653563950521704,33.94478193452147,0.0,41.23370887964199,1.2500490696396325,0.667960469498312,0.8172548480803957,0.06783877679202324,0.040973149093193065,0.26595744680851063,11.559149182693988,0.08390309192882221,54.97100848519959
37,2193590,882581,739956,854444,39082,442124,412320,0,0,0,774472,639484,134988,689592,84880,1419118,66664,29762,1394329,30233,26016,32.74828021644883,11385,4011,805,8448,299449,446200,79134,303584,68750,13495,15600,1805,300,66139,201,803,1594,2397,755,677,1432,655,800,1455,1399,6883,Punjab,Jalandhar,31.250336907216507,75.54400350515463,915.0,73.96719532820627,77.0,71.0,6.0,13.0,56.0,43.0,1.7816456128994025,48.0,627328,71.12706590491736,20.32543948859509,2.920238268197007,35.30614198642408,8.60767077441147,10.959724818973443,38.95185517804148,0.0,63.56379268687403,1.3782429715671571,1.1860010302745727,0.5190122128565502,0.18285094297475826,0.036697833232281325,0.385122105771817,12.614453682921853,0.04782187308712508,48.3931850642726
38,1586625,637927,561772,557504,13747,284322,273182,0,0,0,499822,412506,87316,411011,88811,1086803,74362,15990,1000743,23089,14968,33.921563066256994,3476,2034,531,3576,201675,319930,34328,217844,52307,9712,11214,1309,193,48329,167,653,925,1578,586,357,943,360,529,889,730,4305,Punjab,Hoshiarpur,31.55157169811319,75.8469857442349,961.0,75.61326715512487,79.0,72.0,7.0,11.0,51.0,40.0,0.8664303159221618,1157.0,17434,1835.0923482849605,16.957026713124275,3.8792102206736354,31.502213818640197,14.877696459939738,17.768525595111857,35.13772945718112,0.0,63.073694162136604,1.455227290632632,0.9433861183329393,0.21908138343969116,0.12819664381942805,0.03346726542188608,0.22538406995982035,196.90260410691752,1.1070322358609612,1249.5353906160376
40,600163,238696,187337,192493,5138,101882,90611,0,0,0,214783,182777,32006,192845,21938,385380,21389,8048,152851,16808,1698,71.23414805644467,48,178,251,808,64037,113683,14294,71651,23817,6191,7425,1003,231,12860,67,263,355,618,217,132,349,153,232,385,222,1640,Punjab,Fatehgarh Sahib,30.64290947368421,76.36208394736842,871.0,70.98621541147988,74.0,67.0,7.0,11.0,57.0,46.0,0.8561007592937252,34.0,188704,60.24408597591996,13.536585365853659,4.085365853658537,35.78744441093503,9.958423152670369,10.214029974439317,32.07345337849884,0.0,25.468247792682984,2.800572511134475,0.28292313921384693,0.007997827256928533,0.029658609411109982,0.041821971697688795,0.134630092158297,7.574826182804816,0.122413939291165,37.97004832965915
41,3498739,1428348,1131877,923358,58589,487839,435519,0,0,0,1284822,1053600,231222,1138654,146168,2213917,98646,71667,1502403,77713,16517,53.259417178589196,2007,19620,1254,15817,488757,703624,123400,476270,122292,27009,31634,3911,714,85908,336,1382,2526,3908,1039,1014,2053,1116,1457,2573,1722,10593,Punjab,Ludhiana,30.76596397379912,75.83110851528383,873.0,73.17564985556224,76.0,69.0,7.0,14.0,56.0,42.0,1.674574753932774,106.0,462825,152.02808837033436,16.256018125177004,3.1719059756442936,36.722430567127184,7.6777950564358335,11.37651752538484,26.39116550277114,0.0,42.941271126540165,2.2211716849985095,0.47208437096908346,0.05736352440121999,0.5607734672406259,0.03584148460345284,0.45207716265774617,26.662345378922918,0.15426997245179064,102.90498568573435
42,995746,348549,279340,363417,7897,192418,170999,0,0,0,359172,292379,66793,304880,54292,636574,82397,18098,158414,9388,3277,82.24195728629591,178,436,365,4767,89445,183396,21662,124032,38321,8484,10212,1410,318,18663,128,479,574,1053,401,196,597,256,403,659,336,2774,Punjab,Moga,30.756540067340065,75.1600845117845,893.0,63.057145095235136,66.0,59.0,7.0,14.0,56.0,42.0,0.7930737356715468,42.0,211348,86.77441944092207,12.112472963229992,4.6142754145638065,36.07064452179572,22.94081944026817,15.115877629659327,36.496958059585474,0.0,15.909077214470358,0.9428107167892213,0.3290999913632593,0.017876044694128825,0.04378626677887735,0.03665593434470236,0.47873654526355114,10.249446410659196,0.15046274391051725,58.68614796449457
43,2029074,707070,520441,855726,10042,445461,410265,0,0,0,756695,596406,160289,618362,138333,1272379,227971,14679,906408,6844,19358,53.759251757205504,454,1143,278,3774,141899,349662,31070,251154,72346,17405,20602,2805,392,30065,235,838,818,1656,582,373,955,479,747,1226,212,4283,Punjab,Firozpur,30.63407535211269,74.40245732394365,893.0,60.49611793359927,66.0,54.0,12.0,17.0,56.0,39.0,0.49490555790473884,69.0,205217,170.38646895725014,4.949801540975952,5.486808311930889,37.29262708013606,30.127197880255586,18.281209734437258,42.173227787650916,0.0,44.67101741976882,0.337296717616016,0.9540312477514374,0.022374738427479727,0.05633111458724522,0.013700831019469964,0.1859961736240275,15.140071241661266,0.19101731338047043,122.38459776724152
44,901896,300401,224447,381554,4571,200473,181081,0,0,0,335326,272699,62627,287205,48121,566570,111014,5187,254920,4333,1681,70.80916203198595,240,744,433,920,76441,166585,14077,112350,36561,9078,10416,1119,219,13465,113,402,382,784,280,173,453,226,354,580,95,2025,Punjab,Muktsar,30.31243303303303,74.5518747747748,896.0,58.19384940170485,63.0,53.0,10.0,15.0,57.0,42.0,0.5068211855912433,46.0,164445,101.30134695490894,4.691358024691358,5.580246913580247,37.18011832849907,33.10629059482414,14.35051263546519,42.30576474449382,0.0,28.264899722362667,0.48043233366153076,0.1863851264447342,0.026610606987945394,0.08249288166263072,0.04800997010741815,0.10200732678712401,8.560308917875277,0.13317522575937243,68.32071513271914
45,617508,215767,165518,240328,4348,126567,113761,0,0,0,221555,185049,36506,190415,31140,395953,54058,8225,141363,3125,1227,76.07820465483847,155,1109,103,637,62103,113549,12276,76761,25289,5936,6901,816,149,9242,76,276,313,589,199,133,332,168,254,422,122,1540,Punjab,Faridkot,30.591187250996025,74.79751553784862,890.0,61.745758759400694,66.0,57.0,9.0,13.0,57.0,44.0,0.7041204324478387,25.0,244296,46.48008972721616,7.922077922077922,4.935064935064935,35.878887399029644,24.399359075624563,14.055200740222517,38.91900995614632,0.0,22.89249693931091,0.5060663181691574,0.19870187916593793,0.025100889381190202,0.17959281499187055,0.016679945846855424,0.10315655829560103,5.025051576775715,0.06099158398008973,31.42130857648099
46,1388525,488261,356607,450473,11284,236936,213537,0,0,0,549986,432988,116998,452678,97308,838539,128382,14938,380569,16299,2474,70.88716443708252,246,1266,559,2826,118427,255650,32253,168278,55630,13697,15928,1876,355,26199,160,592,692,1284,439,284,723,356,542,898,302,3365,Punjab,Bathinda,30.190524611973352,75.05685898004438,868.0,60.84643776669487,66.0,55.0,11.0,18.0,58.0,40.0,0.8126609171602959,62.0,192156,133.04294427444367,8.974739970282318,4.75482912332838,39.609369654849566,23.342775997934492,17.69281399890179,32.44255594965881,0.0,27.408148935020975,1.173835544912767,0.17817468176662285,0.017716641760141157,0.09117588808267765,0.04025854773950775,0.20352532363479234,16.784799850121775,0.18474572742979664,87.57363808572201
47,769751,244037,179523,258878,2673,136311,122567,0,0,0,328512,230739,97773,247175,81337,441239,90367,13442,156539,10375,917,77.74501104902754,123,1577,493,1284,39414,140099,10085,95737,30615,7184,8364,982,198,12411,106,366,294,660,236,155,391,202,279,481,56,1694,Punjab,Mansa,29.919547714285724,75.4304922857143,883.0,55.025586196055606,60.0,50.0,10.0,27.0,56.0,29.0,0.347255151341148,11.0,375165,37.343302280329986,3.3057851239669422,6.257378984651712,42.67769707346921,27.50797535554257,24.759217319306448,33.63139508750233,0.0,20.336316549117832,1.347838456851631,0.11912943276462129,0.015979193271590423,0.20487144544144797,0.06404668522678113,0.16680718829855368,2.6881505470926124,0.05277677821758426,25.518638465741738
48,1895686,711052,555739,465359,24274,244503,220856,0,0,0,660267,549661,110606,570391,89876,1235419,89123,23647,783306,40043,5683,55.91347934204294,245,1914,1410,3141,209192,352929,55105,235508,74053,17967,21439,2872,600,30740,241,905,1235,2140,694,464,1158,597,857,1454,687,5679,Punjab,Patiala,30.214540380693364,76.27505893949697,891.0,66.82493830729351,71.0,62.0,9.0,12.0,55.0,43.0,1.2804863252669483,470.0,44514,792.8494406254213,12.097200211304807,4.243704877619299,34.829977116463375,13.498024284115365,13.612069056911825,24.548316546094657,0.0,41.320450749754976,2.1123223993847082,0.29978593501244405,0.012924081308824352,0.10096608826567269,0.07437940671609117,0.1656919975143563,123.79251471447186,1.3478905512872354,529.0650132542571
49,2490656,932981,751789,770864,29961,405977,364887,0,0,0,917856,735195,182661,787254,130602,1572800,121599,41642,690939,12502,54344,68.93505164904347,876,3152,1044,10864,279993,461231,63864,324471,87870,19372,22637,2777,488,45325,262,1025,1582,2607,823,576,1399,709,990,1699,1012,6979,Punjab,Amritsar,31.548679820627772,74.79883856502238,889.0,67.6436248120977,71.0,64.0,7.0,16.0,56.0,40.0,1.2029360939447278,46.0,606348,76.06704400773154,14.50064479151741,3.7541195013612265,36.851977952796375,13.24815657358017,14.229029390231146,30.950239615587215,0.0,27.741245679853016,0.5019561111610756,2.1819151259748435,0.03517145683707425,0.1265530045096553,0.04191666773733506,0.43619030488353266,10.532565457460072,0.08048183551359946,53.51233944863346
51,684627,278534,224197,180905,6600,94334,86571,0,0,0,233676,186910,46766,194209,39467,450951,21520,12321,304481,14492,2094,52.736015377716626,118,653,143,1601,67749,129123,17542,86325,25742,6079,7234,981,174,13553,90,342,429,771,287,148,435,190,293,483,256,2034,Punjab,Rupnagar,30.910937330754347,76.53743500967126,915.0,73.43137211941685,78.0,69.0,9.0,14.0,52.0,38.0,0.9640285878295773,26.0,261203,49.43396515353958,12.586037364798427,4.424778761061947,34.13187034691884,9.209332580153717,16.88962495078656,26.423877527471163,0.0,44.47399825014205,2.1167730749736715,0.30585997922956587,0.01723566263089244,0.09538040422010817,0.02088728606964084,0.23384996501744745,6.715849358544887,0.06661485511269012,33.04900785978722
53,1655169,570413,431664,461609,10736,244231,217378,0,0,0,568758,485129,83629,499792,68966,1086411,91799,18578,389410,179116,2406,65.09534675915269,268,3222,1038,2271,135280,305557,30955,198490,68026,17062,20319,2642,615,27195,190,702,802,1504,542,314,856,398,621,1019,372,3943,Punjab,Sangrur,30.185045204336895,75.89437014178496,885.0,60.54227695177955,65.0,56.0,9.0,11.0,55.0,44.0,0.6486346711423426,19.0,708130,43.149845367376045,9.43444078113112,4.818665990362668,34.36253337272508,16.14025648869994,12.125719550318413,27.888934604260957,0.0,23.526902690903466,10.821613986245513,0.1453627998107746,0.016191700062048044,0.19466290149223434,0.06271262934479802,0.13720653298847427,4.371372488102467,0.08684846002852584,28.03016395294649
55,1055450,465346,340092,199086,44283,106356,92730,0,0,0,404136,328159,75977,385929,18207,651314,1687,4799,852574,51447,8720,13.106163247903737,1160,1960,246,1014,168344,231204,78113,162464,24076,4872,5667,676,119,42854,893,3631,7152,10783,4285,2444,6729,3382,4461,7843,7897,34145,Chandigarh,Chandigarh,30.7426,76.75872465753424,818.0,76.31228385996495,80.0,72.0,8.0,16.0,57.0,41.0,4.195651144061775,31.0,551265,41.94062746591929,23.127837165031483,2.615317030311905,38.290397460798715,0.4174337351782569,4.505166577587743,18.86266521388981,0.0,80.7782462456772,4.87441375716519,0.8261878819460894,0.10990572741484675,0.18570278080439623,0.023307593917286467,0.09607276517125397,14.169773158100007,0.021586714193718087,29.47112550225391
56,330086,128237,86889,80567,602,40833,39734,3512,1651,1861,157276,84265,73011,128367,28909,172810,4387,3122,324859,3554,353,0.050592875796004674,563,74,105,411,21374,52621,4104,44218,9723,1844,2229,292,93,10388,73,133,66,199,23,32,55,19,4,23,5,356,Uttaranchal,Uttarkashi,30.968958552036234,78.56880615384617,958.0,65.17271256581618,76.0,54.0,22.0,45.0,50.0,5.0,0.18237671394727434,9.0,231551,22.72544709372881,1.4044943820224718,20.50561797752809,47.646976848457676,2.789363920750782,18.38106259060505,24.407881582375502,1.0639651484764576,98.41647328272026,1.0766891052634768,0.10694182728137516,0.17056161121647087,0.022418400053319437,0.031809891967547854,0.12451300570154446,1.7723957141191355,0.040163937966150004,19.096440956851836
57,391605,155395,125161,79317,899,39718,39599,12260,6021,6239,180940,93832,87108,115115,65825,210665,3845,5384,385818,4395,428,0.08248107148785128,190,11,23,417,27853,71524,5582,54317,10328,1350,1536,166,20,19584,78,158,115,273,26,35,61,39,9,48,8,467,Uttaranchal,Chamoli,30.58338611464965,79.56281095541402,1019.0,71.6425990475096,80.0,63.0,17.0,44.0,48.0,4.0,0.22956805965194518,16.0,174896,40.895160552556945,1.7130620985010707,16.70235546038544,46.20472159446381,2.125013816734829,36.37946280534984,20.254337917033745,3.130705685576027,98.52223541578887,1.1223043628145708,0.10929380370526423,0.04851827734579487,0.0028089528989670713,0.005873265152385694,0.10648485080629716,3.191611014545787,0.011435367303997804,31.05674229256244
59,618931,227406,180588,102130,1366,50371,51759,875,459,416,280442,140821,139621,165912,114530,338489,8129,4021,609835,7374,656,0.046854980603653715,32,91,109,544,50929,117239,7831,82854,19145,3984,4848,694,170,26647,129,255,178,433,41,57,98,61,11,72,10,743,Uttaranchal,Tehri Garhwal,30.463700918635173,78.48783792650917,1077.0,65.91914122898999,76.0,56.0,20.0,44.0,47.0,3.0,0.22070311553307234,5.0,1036821,11.307544889619328,1.3458950201884252,17.362045760430686,45.31070507051675,2.898638577673815,40.839103985850905,16.501031617417773,0.1413727863041276,98.5303692980316,1.1914090585218706,0.10598919750343738,0.005170204756265238,0.01470276977562927,0.017611009951028465,0.08789348085650905,0.7552894858418184,0.01639627283783797,7.991157586507218
62,483439,189623,155927,120378,1344,60111,60267,19535,9558,9977,216490,113539,102951,145481,71009,266949,5432,6055,475105,6015,1401,0.05378134573338105,185,13,30,430,45365,95421,7932,67738,13607,1440,1573,117,16,28624,105,217,149,366,38,47,85,51,15,66,8,631,Uttaranchal,Pithoragarh,30.14720631868129,80.34229230769236,1020.0,71.47747699296086,79.0,64.0,15.0,42.0,47.0,5.0,0.27800818717563125,16.0,288439,33.08186479636942,1.2678288431061806,16.64025356576862,44.78124437622947,2.5091228232250913,32.800129336228004,24.90034937189594,4.0408407265446105,98.2761010179154,1.244210748408796,0.28979871297102633,0.03826749600259805,0.002689067286669052,0.0062055398923131985,0.0889460717898225,2.749974864702762,0.005547100080086257,23.48434157655518
63,259898,97546,81937,72061,435,35623,36438,1982,971,1011,123638,58708,64930,78085,45553,136260,8985,2991,257509,1440,397,0.017699251244719084,102,7,16,381,13352,47083,3595,35989,9278,1294,1467,150,23,10978,53,99,68,167,15,21,36,26,0,26,0,281,Uttaranchal,Bageshwar,29.98703393393397,79.83954354354357,1090.0,69.0590154599112,78.0,60.0,18.0,48.0,47.0,-1.0,0.1673733541620174,3.0,502390,9.3718027826987,0.0,18.86120996441281,47.57173968249082,7.26718322845727,36.84385059609505,27.726646607515253,0.7626068688485482,99.08079323426882,0.5540635172259887,0.1527522335685538,0.03924616580350753,0.002693364319848556,0.006156261302510985,0.14659597226604285,0.7155795298473298,0.004578116602639384,7.1635581918429905
64,622506,231604,204893,150995,1830,72695,78300,1281,633,648,298211,142460,155751,201078,97133,324295,10274,4312,611250,7752,1895,0.041124101615084833,201,31,6,1115,40199,109876,9858,81556,17115,2655,3162,418,89,37424,131,256,178,434,42,58,100,59,9,68,11,742,Uttaranchal,Almora,29.683532133676103,79.50165064267351,1139.0,70.11932415109253,80.0,62.0,18.0,47.0,49.0,2.0,0.293973070139083,18.0,224157,49.01742974789991,1.482479784366577,17.654986522911052,47.90491979193775,3.445211611912371,32.57190378624531,24.255991106913026,0.2057811490973581,98.19182465711174,1.2452892020317876,0.3044147365647881,0.03228884540871895,0.004979871679951679,0.0009638461316035508,0.17911473945632653,4.397810463202131,0.0397043143867914,36.38342768684449
65,259648,102015,75711,47383,548,24188,23195,1339,777,562,99566,60427,39139,62698,36868,160082,4032,1570,249563,8693,870,0.12940596499876755,24,28,6,128,18785,37725,3159,34345,7444,1250,1503,208,45,9064,52,108,73,181,19,21,40,28,9,37,0,309,Uttaranchal,Champawat,29.29142393939393,80.07720212121217,980.0,68.44882302193739,78.0,59.0,19.0,30.0,46.0,16.0,0.21105496672418042,12.0,158863,23.74687623927535,0.0,16.828478964401295,38.34653068770027,4.049575156177811,37.02870457786795,18.24893702243037,0.5156981759921124,96.11589536603401,3.347994207542519,0.33506901651466603,0.009243283214197682,0.010783830416563963,0.0023108208035494205,0.04929751047572097,1.9885058194796774,0.028326293724781727,21.6192568439473
67,1648902,598525,439314,238264,7883,124385,113879,123037,61758,61279,591458,444578,146880,450762,140696,1057444,165250,26396,1104452,372267,6064,9.871296171634215,505,738,159,1949,116576,254802,28053,216964,43109,9421,11879,1923,535,28100,280,619,399,1018,120,141,261,114,78,192,53,1805,Uttaranchal,Udham Singh Nagar,29.02779577677222,79.45629004524895,920.0,62.94121785284996,70.0,56.0,14.0,19.0,52.0,33.0,0.4780757134141386,33.0,355722,71.62953092583534,2.936288088642659,15.512465373961218,35.86980912146386,27.939431033141833,23.787995090099383,14.449858148028202,7.461753336462689,66.9810576977892,22.576660104724237,0.36775987899826673,0.030626441110508693,0.04475705651397112,0.009642780468457192,0.11819986876115136,7.886214515829777,0.15039834477485226,60.992572851833735
69,561293,229862,175456,101830,18615,53868,47962,0,0,0,211479,164865,46614,182831,28648,349814,12827,9870,490702,23451,2583,7.295833014129875,1008,1626,90,882,69687,103455,32174,74902,18116,4455,5295,680,160,11923,42,196,344,540,187,180,367,101,157,258,238,1445,Haryana,Panchkula,30.700897142857134,76.97173238095236,873.0,72.2114831291322,77.0,67.0,10.0,18.0,55.0,37.0,3.316449697395121,35.0,196389,52.67861234590532,16.470588235294116,2.906574394463668,37.67711337928675,6.065377649790286,13.54649870672738,18.142039897166008,0.0,87.42350252007418,4.178031794446039,0.46018746002533434,0.17958535025378902,0.2896882733260525,0.016034406272659733,0.1571371814720654,16.382791296864895,0.0814709581493872,38.13961067065874
70,1128350,461288,356737,296246,12899,156874,139372,0,0,0,372139,320120,52019,319475,52664,756211,57293,15753,955096,22143,3705,12.248149953471883,381,4845,110,3868,121622,199681,32767,136640,39766,10339,12555,1841,375,19110,100,491,622,1113,386,294,680,227,364,591,297,2781,Haryana,Ambala,30.3503672316384,76.94970310734456,885.0,72.49745203172775,77.0,67.0,10.0,10.0,53.0,43.0,1.1431736606549388,24.0,517369,38.59547054423438,10.679611650485436,3.5958288385472854,32.98081269109762,15.395591432233655,14.151701380398185,26.254796827225597,0.0,84.64536712899367,1.9624230070456863,0.32835556343333183,0.03376611866885275,0.42938804448974166,0.009748748172109717,0.3428014357247308,6.333390674740852,0.07248211624585162,26.4105503035551
72,964655,370828,276065,215128,7356,113311,101817,0,0,0,336780,268556,68224,285904,50876,627875,85890,6726,805175,15970,1943,14.55390787379944,214,375,106,477,90150,171908,21951,115218,33776,9014,10985,1618,353,19412,83,416,448,864,319,203,522,183,295,478,190,2137,Haryana,Kurukshetra,30.05652659846548,76.78774680306903,888.0,67.05951868802836,73.0,61.0,12.0,15.0,53.0,38.0,0.7625524151121386,14.0,660953,26.009111086567426,8.890968647636873,3.8839494618624237,34.9119633444081,25.50329592018528,15.106597778965497,22.301029901882018,0.0,83.46766460548072,1.6555141475449773,0.20141916021790174,0.022184096905111153,0.03887400158605927,0.010988384448326087,0.049447730017467384,3.321113604144319,0.05340773095817706,17.43210182872307
73,1074304,385782,260747,247513,3724,131486,116027,0,0,0,373899,292696,81203,290663,83236,700405,85651,9450,974520,8232,1769,8.150207017752889,265,351,70,1539,62668,187349,15301,128054,39137,9894,11896,1683,319,21134,100,491,364,855,333,185,518,212,324,536,34,2046,Haryana,Kaithal,29.96068539094649,76.37698930041155,881.0,60.18119638389133,68.0,52.0,16.0,16.0,51.0,35.0,0.3466430358632193,23.0,267174,70.1224670065201,1.6617790811339197,4.887585532746823,34.803835785773856,22.907523154648715,22.26162680296016,23.0393817764804,0.0,90.71175384248778,0.7662635529608007,0.16466475038722744,0.02466713332539021,0.0326723162158942,0.006515846538782319,0.1432555403312284,5.72697942165031,0.11939784559874837,47.92906495392516
74,1505324,564516,413497,339604,11163,179681,159923,0,0,0,516062,411646,104416,411533,104529,989262,133723,15311,1341002,31650,2049,8.384042239411581,532,1516,49,2319,143133,267223,29253,189917,52737,12985,15700,2215,500,26197,146,730,658,1388,530,304,834,318,511,829,168,3368,Haryana,Karnal,29.703200647249204,76.87488025889972,887.0,64.97026553751883,71.0,58.0,13.0,15.0,52.0,37.0,0.7415679282333902,69.0,208699,128.04230015476833,4.98812351543943,4.334916864608076,34.2824534784538,25.912196596532976,20.25512438427941,22.56019302156878,0.0,89.08394471887779,2.102537393943098,0.13611687583536833,0.03534122886501511,0.10070921608902801,0.003255113184935602,0.15405321379317674,14.016837646562752,0.2395794900790133,91.00043603467194
75,1205437,464136,322463,206213,10024,109695,96518,0,0,0,412318,328667,83651,339016,73302,793119,62358,15824,1083936,86622,2261,2.0792459498090734,289,4647,99,2519,121846,209965,26719,152367,37420,8949,10817,1543,325,19784,91,444,591,1035,357,278,635,217,349,566,231,2559,Haryana,Panipat,29.34352134146342,76.92895914634147,864.0,65.25426048810515,72.0,58.0,14.0,15.0,51.0,36.0,0.8315656479766259,42.0,291335,72.06995383321606,9.026963657678781,3.5560765924189135,34.20485682785579,15.123763696952352,17.778025698611266,17.10690811713926,0.0,89.9205848169585,7.1859416958331295,0.18756683260925291,0.023974707927498493,0.3855033485781505,0.008212789220838583,0.20896985906355953,9.17122899754578,0.11155542588429128,52.299586386805565
77,1334152,502049,330709,282351,5263,150940,131411,0,0,0,523422,368277,155145,385851,137571,810730,102071,9114,1276669,23016,889,2.181385629223657,172,2594,56,1653,78386,222462,23750,153267,48467,13086,15718,2146,486,27130,131,650,472,1122,441,238,679,279,433,712,29,2674,Haryana,Jind,29.45149821958457,76.29598575667653,871.0,62.41852502563427,70.0,53.0,17.0,25.0,52.0,27.0,0.39448278756843297,17.0,448944,49.55228269004597,1.0845175766641735,4.899027673896784,39.23256120741864,19.50070879710826,26.282999186125156,21.163330714941026,0.0,95.69142046783276,1.7251407635711673,0.06663408667078415,0.012892084260264199,0.19443061959956587,0.004197422782411599,0.12389892605939952,5.290192095227913,0.1082540361381375,34.13944723618091
78,942011,327471,230107,284357,3210,149111,135246,0,0,0,369083,263498,105585,286258,82825,572928,97997,6558,779243,8360,996,16.026245978019364,171,1172,530,570,51693,153301,13142,118034,32676,8838,10397,1302,257,14987,89,444,330,774,304,161,465,187,301,488,39,1854,Haryana,Fatehabad,29.57298318584072,75.54608716814157,902.0,59.19017930788494,66.0,52.0,14.0,24.0,53.0,29.0,0.34076035205533695,33.0,156799,97.76911842550017,2.103559870550162,4.800431499460625,39.18032804287848,26.551480290341196,22.440751809213648,30.186165554330046,0.0,82.72122087746322,0.8874630975646782,0.10573124942277745,0.01815265426836842,0.12441468305571804,0.05626261264465065,0.06050884756122805,8.381431004024261,0.16390410653129164,75.27726579888903
79,1295189,456968,325929,387381,6287,202430,184951,0,0,0,502003,369462,132541,399169,102834,793186,147042,11952,940255,9524,2186,26.170852284878887,370,2256,624,1012,70538,215527,22706,157925,45978,13988,16392,1996,408,19922,113,569,538,1107,435,228,663,252,405,657,140,2681,Haryana,Sirsa,29.63583446327684,74.90970480225988,897.0,60.446544867196984,67.0,53.0,14.0,22.0,54.0,32.0,0.48541178160098647,24.0,298367,72.23553543119715,5.221932114882506,4.214845207012309,38.759053697954506,29.291060013585575,20.484738139015104,29.90922560336754,0.0,72.5959686192517,0.7353366960343239,0.16877845627163293,0.02856725929574757,0.17418307289515275,0.04817829675823374,0.07813531461431499,7.610090928286304,0.13674434505156402,52.929781108500606
80,1743931,670200,444111,408785,10132,217338,191447,0,0,0,691621,488321,203300,531227,160394,1052310,144213,16097,1701061,21650,1945,0.7035828825796434,334,3620,33,3018,110495,285004,33400,215575,60114,16187,18978,2326,465,30379,167,828,690,1518,577,340,917,362,579,941,100,3642,Haryana,Hisar,29.23628731117825,75.84324682779452,872.0,63.89650737328484,72.0,55.0,17.0,25.0,52.0,27.0,0.580986289021756,91.0,121209,235.13435470963375,2.7457440966501925,4.585392641405821,39.65873649817567,20.85144898723434,23.191025142382895,23.440434283237124,0.0,97.54176053983787,1.2414481994987185,0.11152964194110893,0.019152133886031042,0.20757701996237235,0.001892276701314444,0.17305730559293916,27.55570955952116,0.3836348785981239,177.85395473933454
81,1634445,643158,426713,341162,5292,181475,159687,0,0,0,623006,430678,192328,445675,177331,1011439,103788,14855,1611031,15515,873,0.14690001804894018,254,1016,26,3329,88938,266244,25236,198703,58683,17581,20686,2605,500,30740,150,756,628,1384,549,278,827,321,516,837,149,3349,Haryana,Bhiwani,28.728868064516128,76.02110225806452,886.0,65.45775477302693,74.0,56.0,18.0,25.0,50.0,25.0,0.3237796316180722,48.0,186340,142.88075560802832,4.4490892803822035,4.478948939982084,38.11728140133195,16.659229606135415,28.46377081440628,20.87326278950959,0.0,98.56746479691884,0.9492518867260753,0.05341262630434184,0.015540443392099458,0.06216177356839783,0.0015907540480101807,0.20367770099330354,13.542985939680156,0.2683267146077063,106.63464634539015
82,1061204,436025,311557,216889,8482,115573,101316,0,0,0,345967,272646,73321,288949,57018,715237,36568,8521,1043887,8185,732,0.3690148171322385,200,3491,24,769,94633,193120,27225,133362,37417,9594,11401,1525,282,20753,77,372,537,909,296,265,561,177,284,461,291,2299,Haryana,Rohtak,28.892517647058817,76.53123235294117,867.0,70.44658708410448,77.0,63.0,14.0,15.0,48.0,33.0,0.7992808168834644,81.0,117159,164.83582140509904,12.657677250978686,3.349282296650718,32.60136599560499,10.569794228929348,16.48076261608766,20.438011918537814,0.0,98.36817426244153,0.7712937380560194,0.06897825488784437,0.018846517728919227,0.3289659669582851,0.002261582127470307,0.07246486066769443,23.237651396819707,0.24069853788441348,113.82992343737996
83,958405,399480,276611,170448,5034,90856,79592,0,0,0,326534,250020,76514,246457,80077,631871,44845,9254,945693,8247,734,0.10872230424507384,105,645,22,1917,70149,168558,19241,114239,35840,9978,11871,1604,289,21450,81,407,452,859,305,219,524,171,275,446,260,2169,Haryana,Jhajjar,28.59651868131869,76.61137142857145,862.0,70.5433506711672,78.0,62.0,16.0,17.0,49.0,32.0,0.5252476771302319,28.0,254236,66.29981591906733,11.9870908252651,3.7344398340248963,34.070565157736034,13.73363876349783,24.523326820484236,17.78454828595427,0.0,98.6736296242194,0.8604921718897544,0.0765855770785837,0.010955702443121645,0.06729931500774725,0.002295480511892154,0.2000198246044209,7.5681650120360615,0.11367390928114036,44.93423433345395
84,922088,380440,249815,156314,2624,82420,73894,0,0,0,338584,232935,105649,212402,126182,583504,38320,7639,913251,5660,301,0.1883768143604515,75,644,15,405,45359,135455,13908,100023,37004,13048,15919,2295,576,15579,80,407,363,770,303,157,460,169,270,439,144,1894,Haryana,Mahendragarh,28.1352161458333,76.14018072916659,895.0,68.35085154562255,78.0,57.0,21.0,24.0,48.0,24.0,0.284571537640659,9.0,497638,27.219585321056673,7.602956705385427,4.223864836325237,36.71927191330979,11.317723223779034,37.26756137324859,16.95217810013795,0.0,99.04163160132222,0.6138242770755069,0.03264330519429816,0.008133713918845056,0.06984149018314956,0.0016267427837690113,0.0439220551617633,2.7948026477077716,0.11574678782568855,20.099550275501468
85,900332,375453,261494,182606,5121,95571,87035,0,0,0,337727,235326,102401,250219,87508,562605,28215,9782,889133,5713,701,0.2003705299822732,202,1525,12,1242,62667,152651,18092,105725,34760,10257,12265,1655,353,16378,72,359,421,780,270,208,478,153,247,400,249,1979,Haryana,Rewari,28.19164714828897,76.55956007604564,898.0,70.74579155244955,79.0,61.0,18.0,24.0,50.0,26.0,0.568790179622628,20.0,316462,48.23675512383793,12.58211217786761,3.6382011116725623,37.51138468920354,8.354380905287407,25.910868837848323,20.28207372391518,0.0,98.7561255181422,0.6345437016567222,0.07786016713834452,0.022436167991363186,0.16938196132093494,0.0013328416628532586,0.13794911210531227,5.7169581181942855,0.11154577800810209,33.40843450398468
86,1514432,638666,472450,197937,67087,104332,93605,0,0,0,544716,432456,112260,487441,57275,969716,27097,18228,1408801,70842,9725,0.9968753961881418,944,7451,254,1318,238359,305751,102343,211628,46969,13062,16024,2427,535,46021,85,404,714,1118,409,386,795,220,311,531,577,3107,Haryana,Gurgaon,28.043894789579163,77.01935130260523,854.0,73.3684972319655,78.0,68.0,10.0,16.0,53.0,37.0,4.429845645099945,114.0,209943,145.63524385190266,18.570968780173803,2.7357579658834887,35.96833664370536,4.974518831831634,10.514653507515844,13.070048704728901,0.0,93.02504173181761,4.677793390525293,0.6421549465410135,0.06233360098043359,0.49199964078941805,0.016771964670582767,0.08702932848751214,48.74799350299843,0.25483107319605797,100.80259880062682
88,1809733,734940,537799,223799,43437,119495,104304,0,0,0,579229,476933,102296,495316,83913,1230504,29288,32286,1588407,161680,9743,1.9103370497194891,640,4883,249,9559,258422,333171,82673,244743,54372,14109,17481,2764,608,36470,156,729,1321,2050,638,640,1278,416,670,1086,511,5080,Haryana,Faridabad,28.14873109756098,77.32718536585368,873.0,70.32744609287668,76.0,64.0,12.0,12.0,49.0,37.0,2.4001883150718917,259.0,99911,333.4677863298336,10.059055118110235,3.0708661417322833,32.006323584749794,5.056376666223549,14.487016361404557,12.366409851618995,0.0,87.77024014039641,8.933914560877213,0.538366709343312,0.035364332749637656,0.26981880752575105,0.013758935710405899,0.5281994636777911,82.74664451361711,0.608541602025803,244.96101530362023
93,1709346,748382,604616,281422,80037,148019,133403,0,0,0,579692,486951,92741,555026,24666,1129654,3094,19541,1410852,178807,15792,3.102180600065756,2643,46927,366,932,327253,352758,127465,246036,50271,11891,14439,2087,461,43639,578,1681,1903,3584,589,582,1171,482,567,1049,769,7151,Sikkim,East,27.29600352941175,88.74908392156858,884.0,79.15296259505097,82.0,75.0,7.0,12.0,54.0,42.0,4.682317096714182,116.0,281138,125.47503361338559,10.75374073556146,8.082785624388197,33.91308722751275,0.5337317058023916,4.255018182069099,16.463723552750583,0.0,82.53753189816456,10.46055040933784,0.9238621086661214,0.15462053908336873,2.7453189699452305,0.021411697807231535,0.05452377692989015,45.33894386386756,0.16397641016155767,87.51431681238395
99,1969168,710908,482435,720412,6295,376734,343678,13477,7160,6317,912672,596320,316352,680563,232109,1056496,230438,13790,1437144,50688,2077,24.11439755267199,938,1988,164,1316,88543,283142,24901,257909,63985,18448,21776,2759,569,30207,327,997,958,1955,168,148,316,157,254,411,322,3332,Rajasthan,Ganganagar,29.256785412667963,73.56192303262948,887.0,60.6013808877658,68.0,52.0,16.0,34.0,57.0,23.0,0.31967815849130193,90.0,98041,288.79958384757396,9.663865546218489,9.813925570228092,46.34810234576227,25.248720241225765,25.431809017916624,36.58458800874278,0.6844007215229986,72.98229506065506,2.5740820488653076,0.10547601829808326,0.047634330844295664,0.10095634298343259,0.00832839046744615,0.06683025521438496,25.39855774624902,0.5803694372762416,263.06239226446075
100,1774692,624281,409855,494189,3360,258352,235837,14289,7578,6711,835260,512802,322458,642109,193151,939432,166833,13839,1433067,118673,1542,12.2273047942967,241,1935,138,2099,55515,243163,16217,216660,61217,22375,26672,3510,787,24322,287,840,759,1599,123,114,237,133,215,348,239,2709,Rajasthan,Hanumangarh,29.1813351791531,74.74632573289902,906.0,58.271294399253506,67.0,49.0,18.0,38.0,55.0,17.0,0.18932862716460097,19.0,298663,81.41718257701824,8.822443706164636,10.594315245478036,47.06506819211446,19.97378061920839,23.124655795800113,27.846465752930648,0.8051537957008877,80.75018087645631,6.686963146281158,0.08688831639518294,0.013579821174603818,0.10903300403675681,0.007775997187117538,0.11827404417217185,5.429865768441354,0.2635076993132728,72.54330131285094
101,2363937,782399,496402,493646,7607,259532,234114,7779,4207,3572,986208,640572,345636,752768,233440,1377729,103833,26244,2073356,235741,1901,0.8490920020288188,285,30850,79,1653,108812,220793,29531,239576,71678,30558,42151,8393,3200,22565,320,1004,995,1999,178,159,337,160,260,420,335,3411,Rajasthan,Bikaner,28.12489068322981,73.26943322981371,905.0,54.09623860534354,63.0,44.0,19.0,31.0,52.0,21.0,0.32179368570313,26.0,414659,53.246884789670546,9.821166813251246,9.381413075344474,41.718878294979945,10.528509198870827,23.670463026055355,20.882367000474208,0.32906968332912423,87.70775194093582,9.972389281101822,0.08041669469194822,0.012056158857025377,1.3050263183832733,0.0033418826305438762,0.06992572137074718,7.121755466539977,0.7717184481706656,57.776630918417304
102,2039547,696729,452540,451721,2577,235113,216608,11245,5903,5342,902829,541404,361425,628381,274448,1136718,87983,16594,1777879,249736,958,0.019710259189908347,188,7104,127,3153,74197,231696,15259,217710,69555,29997,39372,7125,2250,20714,373,1056,931,1987,139,157,296,178,289,467,238,3361,Rajasthan,Churu,28.29330375536484,74.65846427038629,940.0,56.34922852966859,66.0,46.0,20.0,37.0,51.0,14.0,0.12635158689650203,15.0,488011,47.47761833237366,7.081225825647129,11.09788753347218,44.266153219317815,9.745256299919475,30.398669072437862,22.148104456528827,0.5513479218669636,87.17028830421657,12.244679823509829,0.0469712146863985,0.009217733153489477,0.3483126400127087,0.006226872928155125,0.15459315230293785,3.126773781738526,0.46105518113321214,44.61169932644961
103,2137045,815834,554526,360709,4828,185879,174830,41629,21380,20249,894649,541392,353257,592813,301836,1242396,68878,13472,1905682,228178,1004,0.012868236279535528,56,548,85,1217,131987,297559,24178,239984,74557,30255,38856,6711,1890,30267,354,1021,945,1966,122,144,266,162,264,426,288,3300,Rajasthan,Jhunjhunun,28.13517401247401,75.52840893970894,950.0,64.12405915645202,74.0,53.0,21.0,34.0,49.0,15.0,0.2259194354821728,80.0,164551,180.8308670260284,8.727272727272728,10.727272727272727,41.863835342727924,7.698885261147109,33.73792403501261,16.878867782381747,1.9479702112028527,89.17369545330118,10.677266973788573,0.046980760816922436,0.0026204408423781437,0.02564288538612898,0.003977454850038254,0.05694779473525358,14.693316965560829,1.1485800754781192,145.84171472674126
104,3674179,1359829,822647,653036,9750,342938,310098,289249,153397,135852,1708542,994171,714371,1179461,529081,1965637,216772,34562,3039279,547335,2696,1.7563651634827808,4384,13221,348,2384,123478,485723,45770,403740,113701,49889,65112,11527,3696,46360,544,1700,1542,3242,447,209,656,241,390,631,661,5732,Rajasthan,Alwar,27.55271738035265,76.65359630562563,895.0,59.40037216477477,70.0,47.0,23.0,41.0,51.0,10.0,0.2653654054415966,39.0,315256,154.07256325018398,11.53175157013259,9.490579204466156,46.50132723528168,12.687542945973817,30.966812639080572,17.77365773414959,7.8724798111360395,82.71994913693645,14.896797352551413,0.07337693672518406,0.11931917307240611,0.359835489778805,0.009471503701915449,0.06488524375105295,14.51835968228995,1.172380541528155,128.06734844063237
105,2548462,943910,536959,557305,4179,296293,261012,54090,28705,25385,1071154,647198,423956,694929,376225,1477308,238894,25068,2143046,371286,1576,0.920398263737109,899,5758,18,2423,61113,288723,26106,282742,69981,29251,38271,6974,2046,32613,408,1161,1046,2207,132,158,290,185,301,486,308,3699,Rajasthan,Bharatpur,27.32411858037578,77.21752077244258,880.0,58.108341423179944,70.0,45.0,25.0,36.0,48.0,12.0,0.16398125614586365,17.0,357723,80.71133251146837,8.326574749932414,11.03000811030008,42.03138991281801,22.30248871777541,35.12333427312973,21.86828761817912,2.1224566032375605,84.09173846814275,14.569022414303214,0.06184122031248652,0.03527617833815062,0.22594019451732064,0.0007063083538228154,0.095076952295149,7.297825412400097,0.5719509229208075,79.03936844989
106,1206516,435721,247377,245695,1330,131875,113820,58594,31802,26792,523212,339110,184102,317617,205595,683304,74342,12721,1127520,72258,688,0.11238972379976726,92,2739,21,1842,24561,96086,9504,141825,28860,8921,11666,2121,624,19833,216,547,414,961,66,78,144,97,157,254,68,1641,Rajasthan,Dhaulpur,26.72397054945053,77.74476219780222,846.0,56.617400846735556,67.0,45.0,22.0,33.0,52.0,19.0,0.110234758594167,8.0,291821,32.926348686352256,4.143814747105424,13.16270566727605,43.36552519817391,14.208771970061848,39.294779171731534,20.36400677653674,4.856462740651595,93.45255263916931,5.988979839471669,0.05702369467126835,0.007625261496739371,0.22701729608227325,0.0017405488199079002,0.15267099648906438,3.256790978031053,0.21382971067880652,48.59999794394509
107,1458248,531904,273945,354465,1059,189249,165216,324960,176200,148760,628726,371058,257668,438337,190389,829522,115367,9521,1370977,81553,602,0.020366906040673465,70,3424,413,912,28296,132079,13045,180863,40760,14651,18963,3409,903,22073,226,633,552,1185,72,81,153,99,161,260,164,1987,Rajasthan,Karauli,26.51901555555556,76.96081818181815,861.0,55.26145072717398,68.0,41.0,27.0,38.0,47.0,9.0,0.07262139224603771,9.0,306787,43.05234576432508,8.25364871665828,11.373930548565676,43.115162852957795,18.349328642365673,30.281712542506593,24.30759377005832,22.284275377027775,94.01535266977908,5.592532957357048,0.041282415611062044,0.004800280885007215,0.23480231071806718,0.028321657221542562,0.06254080238752256,4.252135846694938,0.2943410248804545,58.953932207036154
108,1335551,486184,255564,278789,1887,146333,132456,285848,152745,133103,578068,343802,234266,418555,159513,757483,88804,12070,1165505,155681,945,0.06079887626904551,177,9991,42,2398,40116,140947,14310,175484,41668,11899,15234,2651,684,21601,204,593,533,1126,81,80,161,94,152,246,164,1900,Rajasthan,Sawai Madhopur,26.251081180223288,76.4219283891548,897.0,55.53872521528568,69.0,40.0,29.0,37.0,49.0,12.0,0.14128999940848383,9.0,428602,32.88528751615718,8.631578947368421,10.73684210526316,43.283109368343105,15.362206522416047,27.594158472705633,20.87445556178686,21.403001457825273,87.26772695314519,11.656687015321767,0.0707573128993202,0.013252957019237751,0.7480807546847706,0.003144769462192009,0.1795513611984866,3.338761834989104,0.1595886160120578,40.94334604131572
109,1634409,596935,341116,354337,1719,185349,168988,433344,228554,204790,684495,398151,286344,506214,178281,949914,76277,17185,1582335,45488,439,0.018110521907307168,94,3737,115,1905,35600,195277,14539,197083,49469,18290,23883,4287,1306,20394,286,745,612,1357,74,98,172,122,198,320,151,2286,Rajasthan,Dausa,26.91234817629181,76.57342097264443,905.0,57.39389589753849,70.0,44.0,26.0,37.0,46.0,9.0,0.10517563229277371,11.0,327306,59.661906595051725,6.605424321959755,12.510936132983378,41.88027598966966,11.143543780451282,26.045624876733942,21.6798243279375,26.51380407229769,96.81389419661785,2.7831466909445557,0.026859861882796782,0.005751314389482682,0.22864533907975296,0.007036182497771365,0.11655589268047349,4.442020616792848,0.39901498903167065,60.21368383103274
110,6626178,2554793,1746172,1003302,76565,524831,478471,527966,276638,251328,2464893,1714947,749946,2060010,404883,4161285,131523,91011,5819980,687452,12708,0.2834514859093734,1020,81079,257,4900,570997,990085,182350,740126,198552,84826,117273,23600,8847,89953,890,3164,3578,6742,1130,645,1775,509,827,1336,1476,12219,Rajasthan,Jaipur,27.033459290187885,75.77117286012533,910.0,64.90868491610095,74.0,55.0,19.0,24.0,49.0,25.0,1.1554926535327001,137.0,417434,237.18360267730944,12.079548244537195,7.283738440134218,37.199317615675284,5.335850278287942,16.42598684811065,15.141488803953049,7.967881333703984,87.83313699088676,10.37478920729265,0.1917847664219102,0.015393489278434718,1.2236163894178513,0.003878555631919336,0.07394911516110796,43.68355236995549,2.1193769553989372,177.30371747390006
111,2677333,995275,656842,418806,5647,216523,202283,75349,39098,36251,1006504,657854,348650,698711,307793,1670829,87889,22776,2342076,327583,1122,0.013296814404483865,177,4050,15,1954,131342,339457,28382,265630,92135,42387,58649,11892,4370,29299,430,1247,1144,2391,166,173,339,197,319,516,359,4033,Rajasthan,Sikar,27.64644058641976,75.29317422839503,947.0,61.7075649536311,72.0,50.0,22.0,27.0,48.0,21.0,0.21091885096101234,36.0,368000,92.24375,8.901562112571288,10.662038184973966,37.593530576883786,8.732106380103804,30.580405045583525,15.642656330011992,2.8143305296726258,87.47794913819088,12.235422340067522,0.04190737573548005,0.006611056599982146,0.15126993915213385,0.0005602590338967921,0.07298307681562212,7.7125,1.1875,72.1820652173913
112,3307743,1102750,655874,699911,4449,360451,339460,10418,5475,4943,1425882,857031,568851,985927,439955,1881861,263401,29647,2833443,454487,1912,0.011064946702328446,163,12940,276,4156,97267,347344,35328,360200,124145,42635,56894,10858,3401,42702,557,1555,1344,2899,176,205,381,250,407,657,371,4863,Rajasthan,Nagaur,27.07862016048146,74.14215667001012,950.0,53.16688751211929,65.0,41.0,24.0,35.0,51.0,16.0,0.13450258983240235,38.0,258380,134.4314575431535,7.629035574748098,11.45383508122558,43.10739981915161,18.472846981727802,30.854937505347568,21.159775714134984,0.31495796378376434,85.66091742919568,13.740094076232644,0.057803765286480846,0.004927831454862122,0.3912033069074593,0.008344058168968991,0.12564458605157655,13.672884898211937,1.3162783497174704,139.40707485099466
113,3687165,1265753,765779,608024,19335,315199,292825,118924,61969,56955,1489741,965103,524638,1056479,433262,2197424,242017,42412,3224399,411558,6035,0.1118203280840429,514,36697,80,3759,197135,408808,54808,418390,119108,34698,44835,7937,2200,44245,540,1671,1676,3347,285,272,557,269,437,706,556,5708,Rajasthan,Jodhpur,26.678460838536967,73.00450847457628,916.0,55.09739867893083,66.0,43.0,23.0,30.0,50.0,20.0,0.5243866222422918,58.0,338792,120.6663675647595,9.74071478626489,9.4604064470918,40.40342648077859,16.245575573203663,29.083041951587557,16.49028454110407,3.225350642024428,87.44927335771521,11.161908946304274,0.1636758864873148,0.013940249487072048,0.9952632984962702,0.002169688636120163,0.10194824478969615,16.177477626390232,0.6493659826678316,123.49465158563366
114,669919,210415,98238,99134,754,52776,46358,42429,22497,19932,288903,182565,106338,175383,113520,381016,43872,6835,497045,168129,874,0.2571952728613459,98,1521,34,495,12431,43141,7416,80220,17296,4594,5828,1001,233,10055,110,309,278,587,36,41,77,49,79,128,86,986,Rajasthan,Jaisalmer,26.86900838548185,71.18371877346682,852.0,46.07318198170226,58.0,32.0,26.0,35.0,50.0,15.0,0.11255092033514501,3.0,456126,9.458132182774058,8.72210953346856,11.156186612576064,43.1250643734541,15.185719774457171,39.29346528073437,14.797908403851809,6.333452253182847,74.19479071350416,25.09691470162811,0.1304635336510832,0.014628634208016194,0.22704237377951664,0.005075240439515822,0.07388952992824506,1.625866536877968,0.051082376360917815,17.58724562949711
115,2603751,783461,404861,436414,2766,228431,207983,176257,92610,83647,1202482,696240,506242,741367,461115,1401269,132696,30565,2244882,321192,1157,0.01728275860479746,157,34010,34,1869,39580,126494,37730,313839,77361,15768,19460,3021,671,37116,426,1121,931,2052,103,136,239,176,285,461,259,3437,Rajasthan,Barmer,25.77070908045978,71.50297126436782,902.0,45.63884949060029,57.0,33.0,24.0,41.0,51.0,10.0,0.10623135622415507,9.0,456282,27.722767937372062,7.535641547861507,12.39453011347105,46.18268029469792,11.035175578511778,38.34693575454768,16.76097291945351,6.769349296457302,86.21723044945541,12.335741781760238,0.04443589267944592,0.006029762446562671,1.3061924892203596,0.0013058084279180305,0.0717810574052588,8.269009077719481,0.14705817893320358,68.78180598840191
116,1828730,543923,285659,357196,1585,185342,171854,178719,93290,85429,896644,494906,401738,660719,235925,932086,158013,21867,1732852,78990,730,0.012631717093283316,144,14640,82,1061,39745,161845,12794,221234,63191,15317,19356,3324,715,25735,287,790,678,1468,92,94,186,120,194,314,217,2470,Rajasthan,Jalor,25.07578093797277,72.18647261724662,952.0,45.36383173021715,58.0,32.0,26.0,45.0,53.0,8.0,0.08667217139763661,13.0,306942,52.72820272233842,8.785425101214575,11.619433198380568,49.030966845843835,17.622713139216902,26.312003426108916,19.53246241927458,9.77284782335282,94.7571265304337,4.3193910528071395,0.039918413325094465,0.00787431714905973,0.8005555768210725,0.0044839861543256795,0.05801840621633593,4.168214190303054,0.23294303158251395,72.07680929947678
117,1036346,309900,166906,201863,2146,104899,96964,292470,148966,143504,419829,272196,147633,313292,106537,616517,97823,9443,996562,30479,1284,0.05519392172112403,114,6829,56,450,47182,134089,10297,141471,31461,5958,7260,1113,189,22068,157,481,442,923,117,63,180,70,113,183,180,1621,Rajasthan,Sirohi,24.7976905263158,72.75309131578943,940.0,46.008379440843115,58.0,33.0,25.0,29.0,51.0,22.0,0.2070736993243569,16.0,290144,46.2146382485938,11.104256631708822,9.685379395434916,40.51050517877234,23.300677180471098,25.376284153786422,19.478340245439266,28.22126973037962,96.16112765427762,2.941006189052691,0.1238968452621036,0.011000187196168075,0.6589498101985244,0.005403600727942212,0.04342179156382135,3.548927429138635,0.06514006837983898,48.758892136318515
118,2037573,667381,418312,398096,4043,203328,194768,144578,74369,70209,842327,523077,319250,605288,237039,1195246,237280,26119,1870543,143476,1345,0.07558011418486602,141,18974,52,1502,94821,326793,19270,292954,69280,16371,20467,3334,762,46291,321,997,906,1903,227,130,357,149,242,391,345,3317,Rajasthan,Pali,25.80490393541874,73.55285640766907,987.0,53.28363695435697,65.0,41.0,24.0,32.0,51.0,19.0,0.19842233873338527,35.0,267942,121.96408177889244,10.4009647271631,9.67741935483871,41.33972132532185,28.169582596782483,28.140971380473378,19.537753984765207,7.095598538064649,91.80250229071547,7.041514586225868,0.06600990492119792,0.006919997467575395,0.9312059003530181,0.0025520558036448266,0.07371515032835634,7.191854953684006,0.28438990527800795,109.3348560509364
119,2583052,926268,600405,478027,13499,243750,234277,63482,32408,31074,1053722,686149,367573,827181,226541,1529330,145523,35602,2201663,314159,10605,0.2632157618197388,417,45614,184,3611,171799,393498,41732,314176,83680,25926,33606,5942,1738,52469,372,1227,1280,2507,273,211,484,197,319,516,460,4339,Rajasthan,Ajmer,26.199300378787903,74.6990419191919,951.0,59.10345591184382,70.0,48.0,22.0,29.0,52.0,23.0,0.522598848184241,64.0,268754,146.41568125497665,10.601521087808251,8.573404010140585,40.79368127316059,13.810378828571482,21.49912405738895,18.506286362024458,2.4576353863569143,85.23494687679536,12.162318064057557,0.4105608404321709,0.016143693584178716,1.7658955375269254,0.007123356401652,0.13979586938242047,15.527954932763791,0.64668804929415,116.90095775318694
120,1421326,478329,271330,287903,1908,148110,139793,178207,92677,85530,649161,371848,277313,495797,153364,772165,113426,16004,1243527,153146,754,0.026594883932327982,122,22458,30,911,32359,158264,12482,175326,49640,15166,19827,3484,1177,23047,227,668,593,1261,104,89,193,105,171,276,187,2145,Rajasthan,Tonk,26.153935071707927,75.79192216427637,952.0,52.743635168849366,66.0,39.0,27.0,40.0,51.0,11.0,0.13424084270603648,6.0,523691,30.22087452333533,8.717948717948717,10.582750582750583,45.67291388464012,17.472707078829444,23.6249559046215,20.255944097272547,12.538080637376648,87.49062495162968,10.77486797539762,0.05304905419305635,0.008583533967576756,1.5800738183921212,0.0021107050739942843,0.06409507741362643,2.3834665862120983,0.2247508549889152,33.478902635332666
121,1110906,371705,213339,210788,1392,109333,101455,228549,119454,109095,526091,314806,211285,361070,165021,584815,111388,11172,1017688,66609,682,0.9954937681496004,144,13455,24,1245,33406,136969,7705,151094,36875,9429,11579,1783,367,20523,178,532,470,1002,99,68,167,81,132,213,162,1723,Rajasthan,Bundi,25.48580716049379,75.79984074074079,925.0,52.66368171564471,64.0,40.0,24.0,40.0,55.0,15.0,0.12530313095797485,15.0,223635,61.24667426833903,9.402205455600697,10.33081834010447,47.35693208966375,21.17276288702905,31.367387010992392,18.974422678426436,20.573207814162494,91.6088309902008,5.995916846249818,0.06139133284004227,0.012962392857721536,1.2111735826433558,0.002160398809620256,0.11207068824905077,3.445346211460639,0.16410669170746978,67.5627696916851
122,2408523,777582,478544,407947,6207,206332,201615,229273,117026,112247,1148165,674589,473576,883329,264836,1260358,163052,30149,2224839,142427,1978,0.06095021720780744,183,35149,60,2419,93768,373644,24014,320832,87757,23072,28722,4572,1078,56286,369,1117,1033,2150,208,152,360,171,278,449,367,3694,Rajasthan,Bhilwara,25.45119767759564,74.63947595628417,973.0,52.15337366510513,64.0,40.0,24.0,40.0,55.0,15.0,0.2577098080441831,20.0,470681,79.3837014878442,9.935029778018409,9.989171629669736,47.67091698937482,14.201094790382914,23.06602274063397,16.93764186599007,9.51923647812373,92.37358331226233,5.913458165024789,0.08212502018872146,0.007598017540210328,1.4593591176002887,0.002491153291872239,0.10043499688398241,5.101969274306803,0.22902985249032784,68.16336329701008
123,1156597,383334,235805,148168,1989,74738,73430,160809,81173,79636,550831,319534,231297,362584,188247,605766,106587,13505,1105676,33677,759,0.02247974013420405,100,14966,68,1091,36073,193276,9222,159285,44271,11252,13851,2124,475,28081,176,543,488,1031,139,66,205,77,125,202,208,1821,Rajasthan,Rajsamand,25.24894767441859,73.96570215946844,990.0,53.53109164211908,66.0,41.0,25.0,40.0,55.0,15.0,0.17197001202666096,14.0,249159,77.57135002147223,11.422295442064799,9.665019220208675,47.62514514562981,19.35021812497844,34.175091815820096,12.81068513924902,13.903632812466228,95.59734289471614,2.911731571152268,0.06562354908408029,0.008646053897770787,1.2939684263403761,0.005879316650484136,0.0943284480246793,3.701251008392231,0.1906413173917057,63.929057348921766
124,1388552,415820,265771,52267,1477,26543,25724,983437,491631,491806,641515,346624,294891,216411,425104,747037,184330,12514,1340065,28662,830,0.017284192453721575,226,16141,853,1535,26351,141275,11742,208338,45907,5454,6207,662,91,23104,201,611,530,1141,165,68,233,84,136,220,236,2030,Rajasthan,Dungarpur,23.75104807692308,73.84765641025645,994.0,49.086458411352254,60.0,38.0,22.0,43.0,50.0,7.0,0.10636980105894486,3.0,1026867,13.757867377177375,11.625615763546799,9.901477832512315,46.200286341454984,28.733544811890603,66.26563681285707,3.764137029077773,70.82464322546078,96.50808900206835,2.064164683785699,0.05977449890245378,0.016275947893921148,1.162433959981333,0.06143090067926877,0.11054681423526089,1.143478171954109,0.008861907140846868,20.288703405601698
125,1797485,513854,315489,80091,2324,40639,39452,1372999,690476,682523,916574,482236,434338,542983,373591,880911,199370,19818,1701234,48834,22250,0.02375541381430165,138,22613,109,1880,34189,120603,15062,279122,52822,5271,5992,617,104,28123,286,839,723,1562,187,94,281,118,192,310,296,2734,Rajasthan,Banswara,23.453642032967014,74.44246868131869,980.0,46.13907765572453,57.0,35.0,22.0,49.0,53.0,4.0,0.12929176043193685,11.0,301071,40.05799296511454,10.826627651792247,10.460863204096562,50.99202496821948,21.751653439875014,40.759502233316674,4.455725638878767,76.38444827077834,94.64524043316078,2.7167959676993134,1.2378406495742662,0.007677393691741517,1.2580355329808037,0.006064028350723371,0.10459058072807284,5.002806646937101,0.03454334691816881,92.70969306243377
126,1544338,514851,306974,250224,4941,126748,123476,201546,101893,99653,802755,456632,346123,656904,145851,741583,123469,15435,1413163,97855,1274,0.0981002863362813,252,25843,136,4300,59190,268172,16560,212406,61690,14687,17882,2621,574,34471,319,973,888,1861,213,124,337,142,231,373,349,3238,Rajasthan,Chittaurgarh,24.631623761665463,74.80010997846382,972.0,53.215358295917085,66.0,40.0,26.0,45.0,58.0,13.0,0.3199429140511986,12.0,487581,55.00050248061348,10.778258184064239,9.851760345892528,51.98052498870066,15.38065785949636,18.168806173739185,16.202670658884262,13.050640468602081,91.50606926722,6.336371960024295,0.08249489425242401,0.016317671390589365,1.6734031021706386,0.008806362337778388,0.2784364562679931,3.3963587588523754,0.11772402944331302,43.56322334135251
127,1951014,765396,532949,405408,12843,211161,194247,183816,96428,87388,748811,534650,214161,577548,171263,1202203,134992,25125,1661307,243993,5665,0.566782196334829,280,25742,286,2683,165563,339899,36297,263575,60434,15559,19386,3084,743,36430,254,924,1024,1948,244,174,418,152,247,399,375,3394,Rajasthan,Kota,25.175718080000014,76.18618928000001,911.0,66.5471903328218,75.0,57.0,18.0,23.0,52.0,29.0,0.6582730826124261,36.0,462218,73.5365130739175,11.048909840895698,7.483794932233353,38.380606187346686,18.02751295053091,22.871325341107436,20.779348584889703,9.42156232605199,85.15095227404827,12.505958440072702,0.2903618323599933,0.014351511572956421,1.3194164675394435,0.014659043963805487,0.13751823410800743,7.852788078352639,0.16074666066661186,57.02395839192762
128,1222755,432607,260700,221184,1363,114969,106215,276857,143094,133763,552583,329754,222829,359785,192798,670172,185037,15258,1133349,79984,1432,0.2507452433234786,84,2795,48,1997,32685,161310,9491,170718,41104,8689,10462,1441,332,18037,202,556,479,1035,63,74,137,91,146,237,129,1741,Rajasthan,Baran,24.98023243243244,76.86210651828291,929.0,56.70040196114512,68.0,44.0,24.0,38.0,52.0,14.0,0.11146959121001346,62.0,52664,306.3003190034939,7.409534750143595,11.602527283170591,45.191636918270625,33.48582927813559,34.89032416849596,18.08898757314425,22.64206648102032,92.68815093784119,6.5412940450049275,0.11711258592277274,0.006869732693793932,0.22858217713278622,0.003925561539310818,0.16331971654174385,18.0217985720796,0.6304116664134893,324.1645146589701
129,1411129,466815,272977,243582,1750,125965,117617,182229,94185,88044,685950,402825,283125,475653,210297,725179,209772,11199,1299751,96164,842,0.058038634313376025,46,12488,42,977,38909,220428,9403,189643,52602,12912,16131,2583,636,23832,234,630,539,1169,65,83,148,102,165,267,145,1962,Rajasthan,Jhalawar,24.24725541474657,76.11242891705065,946.0,52.42554011716859,64.0,40.0,24.0,41.0,56.0,15.0,0.12401417588328212,20.0,194897,113.09973986259409,7.390417940876656,11.926605504587156,48.610013684078496,30.581237699540782,30.657773890225236,17.261497708572357,12.91370243259121,92.10717092484103,6.814685262651395,0.05966853491069916,0.0032598011946462727,0.884965159103101,0.0029763402211987707,0.06923534276455236,4.824599660333407,0.3263262133331965,97.30421709928834
130,3068420,973444,609185,188525,14211,97094,91431,1525289,773213,752076,1365783,835839,529944,822355,543428,1702637,302968,33535,2869976,104307,7406,0.13942028796579348,209,78647,373,3224,128320,357846,48517,433280,105608,21011,25259,3576,672,53774,451,1432,1389,2821,472,196,668,205,332,537,623,5101,Rajasthan,Udaipur,24.44076752136749,73.84029839743584,958.0,51.57797824287418,62.0,41.0,21.0,35.0,53.0,18.0,0.46313738015004463,18.0,701512,51.01067408682959,12.21329151146834,8.841403646343855,44.51095352005267,22.18273327461244,39.78875121450479,6.144041558847876,49.7092640512055,93.5326976098448,3.399371663592338,0.24136200389777146,0.006811323091362982,2.5631106562986816,0.012156093364011446,0.10507036194523567,6.916061307575637,0.09579308693222639,61.76373319344501
131,867848,250122,151393,60429,716,30755,29674,550427,276742,273685,481294,251691,229603,327445,153849,386554,96815,5516,827293,25597,358,0.008296383698527853,32,14077,27,392,17984,71612,5961,130262,27706,4659,5519,723,137,14559,299,871,778,1649,151,114,265,134,217,351,265,2829,Uttar Pradesh,Pratapgarh,25.864842731707316,81.93530048780492,983.0,46.26559028770015,57.0,35.0,22.0,53.0,57.0,4.0,0.08250292677980475,3.0,647682,11.056660521675761,9.367267585719336,10.569105691056912,55.45832910832311,20.115563460171952,31.965700798264677,6.963085701643605,63.42435541707765,95.32694665425282,2.94947963237802,0.041251463389902376,0.0036872816437901568,1.6220582406135637,0.003111143886947945,0.04516920013642942,0.9203590650967604,0.0211523556313129,20.112030286467743
132,3466382,1220114,856994,764450,9699,407029,357421,980,517,463,1037344,911136,126208,882701,154643,2429038,273050,34032,1966892,1454052,6523,0.5373614333330833,1937,10208,135,8008,149035,404499,38816,425406,92433,21262,27238,4667,1309,43899,612,1375,974,2349,251,332,583,223,138,361,125,4029,Uttar Pradesh,Saharanpur,30.03381165217392,77.59905147826095,890.0,59.92149739988264,67.0,53.0,14.0,8.0,50.0,42.0,0.27980182218809124,20.0,731063,55.33025197554794,3.102506825515016,15.18987341772152,29.925841987409353,26.32203010765956,14.907590924514915,22.05325321906241,0.028271552298621445,56.74192861606136,41.94725220705624,0.18817891392235478,0.055879588573907894,0.29448572026972214,0.0038945505717488727,0.23101897021159237,5.309528727346343,0.17905433594642323,58.190060227367546
133,4143512,1448528,968811,561250,10077,298587,262663,317,176,141,1291644,1081569,210075,1085491,206153,2851868,323641,45952,2382914,1711453,6495,0.44891869505868454,1516,16345,60,6128,147785,368153,56149,457996,123358,33548,44071,8004,2519,55962,769,1699,1114,2813,316,416,732,234,173,407,149,4871,Uttar Pradesh,Muzaffarnagar,29.470507977736563,77.64017847866423,889.0,58.34034027173084,66.0,50.0,16.0,11.0,49.0,38.0,0.24319948874288286,26.0,562594,65.43848672399635,3.0589201396017245,15.787312666803533,31.172686358818318,25.056517120816572,15.96051233931331,13.545272705859185,0.007650514828966345,57.50952332224452,41.30440553810391,0.15675108458718112,0.03658732012843211,0.394472128957271,0.0014480469707822737,0.14789386394922954,9.980376612619404,0.4477473986569356,81.40790694532825
134,3682713,1241471,893922,787444,7303,413872,373572,3058,1588,1470,1088036,921497,166539,839778,248258,2594677,311489,52549,2032081,1585210,6184,1.374638751377042,1736,2134,41,4703,128042,268353,37341,464666,89161,19263,24558,4131,1164,50423,722,1551,930,2481,289,381,670,187,142,329,109,4310,Uttar Pradesh,Bijnor,29.313974259681096,78.45098815489754,917.0,57.984236078130444,65.0,51.0,14.0,9.0,48.0,39.0,0.19830489098661774,26.0,497753,53.91288450295628,2.5290023201856147,16.751740139211137,29.544414674724855,28.628556408060028,22.817075905576655,21.38217124169057,0.0830366091520029,55.17891293728292,43.04462498163718,0.16791968312491362,0.04713916072200033,0.057946410703196255,0.0011133096714297313,0.1277047654813177,7.501913599717129,0.2338509260617214,93.35272715583834
135,4772006,1357435,906413,731406,11690,385244,346162,685,377,308,1417811,1193439,224372,1104968,312843,3354195,338384,88733,2488265,2248392,13157,0.15831916389040585,1260,2426,382,10569,179473,281758,61846,580311,110215,25797,33483,5967,1719,60730,829,1875,1250,3125,357,464,821,253,226,479,198,5452,Uttar Pradesh,Moradabad,28.851770406189537,78.73580193423597,906.0,47.44017505426439,54.0,40.0,14.0,10.0,48.0,38.0,0.24497035418647842,34.0,531933,52.96870094541982,3.6316947909024213,15.205429200293471,29.711006230922592,23.86665077362215,22.065211794801986,15.32701341951372,0.014354550266701259,52.14295623266191,47.11628610693281,0.27571214285983714,0.026403990271596473,0.050838159046740515,0.008005019272817344,0.22147918506389136,11.626652228758132,0.3231609995995736,109.09475441455973
136,2335819,630408,413258,307936,3847,162844,145092,358,207,151,737261,609693,127568,564266,172995,1598558,230238,54238,1073890,1181337,9201,2.7962783075229716,384,1307,63,4321,62281,131112,25960,295265,48438,10137,12988,2163,688,36750,461,965,474,1439,186,239,425,82,92,174,48,2545,Uttar Pradesh,Rampur,28.83244727272725,79.10977333333337,909.0,44.68094488485623,52.0,37.0,15.0,11.0,50.0,39.0,0.16469598029641852,13.0,493893,26.54664066913279,1.8860510805500983,18.1139489194499,31.563276092882198,31.22883212322366,23.464553258615332,13.183213254109157,0.01532653000938857,45.974880759168414,50.57485190419292,0.3939089458558219,0.0164396299542045,0.055954677995169996,0.0026971267893616756,0.1849886485211397,5.256199217239361,0.13930142763716027,59.783191905939134
137,1840221,600541,382569,318001,2825,166662,151339,164,89,75,599089,459037,140052,453567,145522,1241132,131877,31600,1075440,750368,5952,0.28773717939312726,189,517,21,2439,55064,89329,18303,229798,48312,10196,12760,2041,523,21966,340,749,449,1198,139,175,314,109,76,185,34,2074,Uttar Pradesh,Jyotiba Phule Nagar,28.870498984771597,78.39009365482241,910.0,53.42347468048675,62.0,44.0,18.0,16.0,48.0,32.0,0.15351417030889225,8.0,650809,13.72583968568351,1.639344262295082,16.39344262295082,32.55527461103856,22.012922954686196,24.29054781509926,17.280587494654178,0.008911973072799409,58.44080683787436,40.77597201640455,0.3234394129835492,0.010270505553409075,0.028094451699007893,0.0011411672837121193,0.132538428808279,2.81234586491582,0.0803615192783136,35.30959160060786
138,3443689,1254520,886968,624149,23717,334198,289951,3390,1828,1562,1090539,898810,191729,890810,199729,2353150,153995,63096,2183255,1185643,10582,0.7234102731111898,1855,18544,236,18662,236071,425624,69473,386915,102003,28894,37713,6723,2096,42114,563,1494,1364,2858,291,373,664,301,269,570,300,4953,Uttar Pradesh,Meerut,29.02957625698323,77.80611005586593,886.0,62.18587102377712,69.0,55.0,14.0,12.0,49.0,37.0,0.6887091139763202,24.0,995261,42.76506363657372,6.0569351907934585,11.366848374722391,31.667755131197968,14.120998882204121,18.314704930314278,18.124429935455844,0.09844094516084351,63.39872735313787,34.42944470304955,0.3072867497616655,0.05386665288299844,0.5384922970686377,0.00685311594630061,0.541918855041788,6.980380020919136,0.21059802403590616,38.87573209439534
139,1303048,489858,308112,149060,2989,79920,69140,14,10,4,416695,342604,74091,334519,82176,886353,74500,20347,917474,364583,1840,0.037066938439719796,161,16139,25,2343,44732,119121,19999,128531,42886,13858,18280,3322,1100,17393,264,551,317,868,102,139,241,57,44,101,39,1514,Uttar Pradesh,Baghpat,29.045793499999988,77.30266300000001,861.0,61.23872643218055,70.0,51.0,19.0,12.0,49.0,37.0,0.22938525672116453,7.0,609134,19.555795604907953,2.5759577278731833,17.437252311756936,31.978484292213334,17.878784242671497,19.720898978869435,11.439333009988887,0.0010744040127455012,70.40983908497614,27.979245584199507,0.1412073845322659,0.012355646146573265,1.2385575972642604,0.001918578594188395,0.1798091858473364,3.283185637314614,0.18058423926426698,21.100611688068636
140,4681645,1811397,1311867,773463,78116,412750,360713,3968,2104,1864,1520538,1231615,288923,1252911,267627,3161107,123680,83672,3414427,1186776,19026,0.49130166853744783,3487,16412,265,18251,501592,695130,179552,581289,133968,33996,43787,7509,2282,70799,552,1645,1787,3432,335,427,762,375,347,722,478,5946,Uttar Pradesh,Ghaziabad,28.74997308584685,77.67441879350343,881.0,66.71296093573946,73.0,60.0,13.0,13.0,49.0,36.0,1.6685588078549314,184.0,273296,254.35059422750425,8.039017827110664,9.283551967709384,32.47871207663118,8.13396311042539,17.60080971340407,16.521180055301073,0.08475653322710287,72.93220652142568,25.349551279518202,0.4063956152164464,0.07448236677492634,0.3505605401520192,0.005660403554733432,0.3898416048205278,65.69872958257713,0.8349920964814705,212.6957584450559
141,1648115,666065,456882,216105,53181,115438,100667,2215,1189,1026,569109,443384,125725,458492,110617,1079006,48845,35400,1394025,215500,7366,0.5619146722164412,895,4518,91,16459,193902,257586,87188,220613,42710,12235,16091,2888,968,36864,222,649,750,1399,285,158,443,173,122,295,220,2578,Uttar Pradesh,Gautam Buddha Nagar,28.393311038961038,77.52462467532465,851.0,68.13523328165813,75.0,60.0,15.0,17.0,50.0,33.0,3.226777257654957,53.0,364355,70.69643616802294,8.533747090768037,8.61132660977502,34.53090348671057,8.582714383360656,19.43687413131755,13.112252482381386,0.13439596144686505,84.58299329840455,13.075543878916216,0.4469348316106582,0.05430446297740145,0.27413135612502765,0.005521459364182718,0.9986560403855314,23.929409504466797,0.26567495986057554,60.54891520632351
142,3499171,1253314,778342,725600,7865,384743,340857,198,118,80,1173260,897815,275445,885216,288044,2325911,241137,65937,2707195,777407,4088,0.0790187161473389,669,1572,86,5389,124641,223922,38225,387654,104872,31428,41142,7515,2199,49008,719,1593,1020,2613,298,388,686,219,168,387,129,4534,Uttar Pradesh,Bulandshahr,28.34875862068968,78.01082758620684,896.0,58.0610664640282,68.0,47.0,21.0,17.0,49.0,32.0,0.22476752350771081,35.0,353321,63.37636313720385,2.845169827966475,15.857962064402296,33.52965602424117,20.552733409474456,24.55073896663996,20.736340121703112,0.005658483109285028,77.36675343960042,22.216890800706796,0.11682767146847069,0.0191188141419782,0.044924926504020524,0.0024577249868611736,0.15400790644412632,10.818773862861251,0.6223802151584537,109.71722597864265
143,3673889,1283380,809187,755254,13634,402483,352771,629,340,289,1174361,929337,245024,865799,308562,2499528,267197,78566,2904140,729283,7635,0.15991228913012887,2582,2805,91,21478,153283,268120,58336,408582,102536,31779,41901,7706,2416,51593,636,1437,1037,2474,270,364,634,202,160,362,185,4290,Uttar Pradesh,Aligarh,27.93748576850093,78.00146831119557,882.0,56.957817723943215,66.0,47.0,19.0,14.0,48.0,34.0,0.37110538723407266,36.0,420694,63.73278439911194,4.312354312354312,14.825174825174825,31.96506481279102,22.75254372377829,26.27488480969651,20.557344002499804,0.01712082210431507,79.04811495393574,19.850436417648982,0.20781792808655897,0.07027974987812642,0.07634961208681046,0.002476939286951783,0.5846121099467078,13.866610885821999,0.5742891507841804,97.12094776726077
145,2547184,943346,564400,506580,8726,271295,235285,1520,826,694,840939,635142,205797,594799,246140,1706245,179248,44453,2310776,216933,3179,0.11275196452239021,883,2056,126,10359,107867,281239,37596,273054,72044,25566,33795,6257,1972,31890,429,994,775,1769,181,241,422,179,109,288,116,3025,Uttar Pradesh,Mathura,27.59390432801821,77.62153416856502,863.0,59.19266138606398,69.0,48.0,21.0,17.0,46.0,29.0,0.34257438803007556,6.0,1732679,16.23145429707407,3.834710743801653,14.181818181818182,33.0144583194618,21.315220247841996,29.269661652034213,19.887844772894304,0.05967374166923159,90.71884873648703,8.516581448375932,0.12480448997795213,0.03466573282495493,0.08071658741575011,0.004946639112054724,0.40668440128392763,2.169819106712784,0.11381219487279524,15.759064431438253
146,4418797,1614594,1065916,991325,27183,531641,459684,7255,3827,3428,1389844,1119701,270143,1050562,339282,3028953,234455,94184,3922718,411313,10076,0.27285706946936006,4049,21508,384,36692,251013,536402,82012,435000,125466,42054,57706,11564,4088,54438,735,1846,1594,3440,359,471,830,326,298,624,354,5982,Uttar Pradesh,Agra,26.99512974910393,78.05278291517321,868.0,60.66153299189803,68.0,52.0,16.0,13.0,47.0,34.0,0.6151674313167136,36.0,705834,75.99548902433149,5.917753259779338,12.286860581745236,31.45299501199082,16.869159416452494,24.411516688203854,22.43427340065633,0.16418495803269534,88.77343765735336,9.308257428435839,0.22802586314782056,0.09163127430384332,0.4867388114910008,0.00869014801992488,0.8303617477788637,11.61916257930335,0.5791730066842913,61.62922160167972
147,2498156,912314,609492,473890,5834,253288,220602,2565,1346,1219,761521,621840,139681,573649,187872,1736635,150221,59942,2140745,314812,3370,0.07221326450389808,3395,19077,61,14892,100919,196080,31797,280279,72369,19461,26174,5097,1616,33325,490,1074,575,1649,213,269,482,96,136,232,88,2940,Uttar Pradesh,Firozabad,27.20963993055552,78.42660624999998,875.0,60.91717250644075,68.0,52.0,16.0,12.0,47.0,35.0,0.23353225339010053,12.0,842201,23.281853144320657,2.9931972789115644,16.666666666666664,30.48332450015131,19.72644221236184,24.670626286077468,18.96959197103784,0.10267573362111894,85.69300716208275,12.60177506929111,0.1348995018725812,0.13590024001703657,0.7636432632709886,0.0024418010724710547,0.5961196978891631,3.7754645268766005,0.19187818584874633,33.27934780414651
148,1868529,712110,491775,368206,2642,196507,171699,478,258,220,560840,466067,94773,424782,136058,1307689,137174,24784,1746649,100723,1729,0.025421066518100603,8814,4161,38,5940,43074,79022,24451,204465,57849,16122,21571,4084,1365,27299,372,748,401,1149,137,189,326,66,44,110,43,1998,Uttar Pradesh,Mainpuri,27.17386862302482,79.03501851015807,881.0,64.42955929503904,72.0,56.0,16.0,11.0,47.0,36.0,0.1413946478754143,5.0,891657,8.862376451931627,2.1521521521521523,18.61861861861862,30.01505462318219,24.45866913914842,24.25968190571286,19.705661512344737,0.025581620622425447,93.47722192162927,5.390497016637152,0.0925326821258862,0.4717079585063973,0.22268854269856128,0.0020336853214480482,0.31789712656319485,2.742197952800236,0.1530857717709837,22.930902802310754
150,4448359,1342697,849062,557150,15164,295964,261186,3227,1664,1563,1401971,1153006,248965,1043912,358059,3046388,326376,131699,2830768,1536534,14822,0.6336493974519593,4371,931,339,32407,210687,272830,56575,532465,112948,26162,34599,6426,2011,66210,807,1794,1114,2908,348,455,803,196,217,413,195,5126,Uttar Pradesh,Bareilly,28.51101940789474,79.43187072368416,887.0,49.271180675840235,57.0,41.0,16.0,12.0,49.0,37.0,0.340889752827953,111.0,189947,143.63480339252527,3.8041357783847056,15.743269605930548,31.516588476784364,23.279796800361776,25.539686626898845,12.524843431027039,0.07254360540594858,63.636230798818175,34.541591629632414,0.33320152442732254,0.0982609542080574,0.020929066201716185,0.0076207878006249044,0.7285158414597384,29.784624131994715,1.0587163787793437,280.3229321863467
151,2031007,654290,406805,333558,2870,176436,157122,1714,892,822,618605,534939,83666,463415,155190,1412402,224192,22782,1449007,489686,3510,4.174628644805262,360,138,45,3474,47723,83006,18097,262977,52172,11258,14557,2574,725,31764,401,811,401,1212,151,203,354,64,56,120,37,2125,Uttar Pradesh,Pilibhit,28.52024175035868,79.90103974175037,895.0,52.24477315932441,61.0,42.0,19.0,9.0,50.0,41.0,0.14130921262211307,8.0,598805,13.861941700553604,1.7411764705882353,18.870588235294118,30.45804371919939,36.24154347281383,25.087091116302002,16.423281652894353,0.08439163429766613,71.34426419997568,24.110502819537302,0.17282067467024978,0.0177251974020769,0.006794659004129479,0.0022156496752596126,0.1710481549300421,3.0221858534915373,0.12107447332604102,43.91696796118937
152,3006538,915142,575788,532673,3889,285280,247393,508,259,249,892214,783313,108901,699503,192711,2114324,275192,31141,2412595,527581,4630,1.699296666132276,2312,301,84,7945,91958,115163,27533,366501,74807,18274,23682,4195,1213,53211,600,1264,720,1984,233,309,542,146,102,248,69,3441,Uttar Pradesh,Shahjahanpur,27.991389350649328,79.8302275324675,872.0,49.589594410581206,57.0,41.0,16.0,8.0,49.0,41.0,0.12935143344271716,20.0,467418,24.638118343752275,2.0052310374891023,17.436791630340018,29.675793221306368,30.843721349362376,21.599190328777627,17.717155080028924,0.016896510205425645,80.24495283279308,17.547790847812333,0.15399772096677308,0.07689907794280332,0.010011514905183304,0.0027939111363302245,0.2642574283112337,5.890444955050939,0.2595107591064101,78.40968897218336
154,4483992,1397702,886031,1446427,3874,767033,679394,1602,833,769,1422602,1171252,251350,1023642,398960,3061390,473554,70971,3555450,893725,6579,0.2589433701041393,2663,1410,79,12475,74072,102040,34609,545306,124407,29131,39124,7532,2461,85024,888,1749,861,2610,316,440,756,136,81,217,65,4535,Uttar Pradesh,Sitapur,27.501995963091108,80.85288881199547,888.0,50.93080005495103,59.0,42.0,17.0,12.0,49.0,37.0,0.08639622907444973,24.0,308174,33.111164472019055,1.4332965821389196,19.58103638368247,31.726238583833332,33.28787672166917,28.044386272478178,32.25757316248557,0.03572709317947043,79.29206831769548,19.93145839689277,0.1467219388437803,0.05938904440507477,0.03144519437144402,0.0017618229470525372,0.27821191474025825,11.230343896629826,0.7985748311019101,176.94743878458274
155,4092845,1374587,847014,1274505,3845,685223,589282,349,186,163,1318946,1091952,226994,969871,349075,2773899,406830,59649,3508131,556219,5822,0.138974234304011,6671,446,98,9770,60689,95508,32065,472076,120921,31633,42033,8035,2365,73691,818,1617,808,2425,292,406,698,132,76,208,61,4209,Uttar Pradesh,Hardoi,27.337409090909137,80.26411767676768,868.0,54.28011566526463,63.0,45.0,18.0,12.0,50.0,38.0,0.09394443229587243,9.0,652717,14.632375133480513,1.4492753623188406,19.43454502257068,32.22565232741528,30.845083877581036,26.466208624158988,31.139830606827278,0.008527075909300253,85.7137516812877,13.590033338667846,0.14224824052706614,0.16299175756716905,0.01089706548867597,0.0023944224616373206,0.2387092596958839,4.912542495445959,0.36233160772585976,72.3247594286651
156,3108367,1053063,720521,948588,3476,494487,454101,2926,1558,1368,1124744,851014,273730,761831,362913,1983623,332663,49243,2732016,363453,3574,0.03873416491681966,920,240,31,6929,70484,99466,28719,388588,86512,21027,27502,4930,1545,64889,602,1283,852,2135,224,305,529,205,82,287,68,3620,Uttar Pradesh,Unnao,26.63163990895297,80.636773292868,907.0,57.05838467594078,65.0,49.0,16.0,19.0,52.0,33.0,0.11182720701899102,10.0,684254,14.536414840103237,1.8784530386740332,16.629834254143645,36.18440164884005,29.576774803866478,32.26627570362678,30.51724587218948,0.09413302869320128,87.89232416892857,11.692731263714998,0.11497998788431354,0.029597534654048255,0.007721095996708239,0.0009973082329081475,0.22291447567163078,4.197125628786972,0.22579334574587798,56.79002241857556
157,4589838,1742440,1384820,948294,68506,498799,449495,7506,4036,3470,1542806,1226399,316407,1152285,390521,3047032,203029,99863,3537787,985070,20493,0.5203451625090035,3877,4975,504,13249,469747,582769,152257,560253,129383,33210,43679,7923,2546,89276,603,1862,2204,4066,693,530,1223,431,396,827,767,7486,Uttar Pradesh,Lucknow,26.838233589251463,80.89706026871404,917.0,68.13443088841044,73.0,63.0,10.0,14.0,51.0,37.0,1.4925581251451576,123.0,380666,153.09194937294112,10.245792145337965,8.055036067325675,33.613517514125775,13.159723257493164,25.312385354996024,20.660729202207136,0.1635351835947151,77.07868992326091,21.461977525132696,0.446486346576938,0.08446921220313222,0.10839162515104017,0.01098077971379382,0.28865942545248874,39.99753064366137,0.6688277912921039,147.1770528494796
158,3405559,1165965,799878,1030367,5184,526735,503632,1756,876,880,1204710,867393,337317,644869,559841,2200849,507882,60774,2975998,413243,3634,0.07117774203882535,722,397,602,8539,65080,247856,34788,401983,109774,25849,34820,6641,2330,67776,647,1350,933,2283,224,317,541,237,51,288,53,3812,Uttar Pradesh,Rae Bareli,26.253902840059787,81.22260463378181,943.0,57.72453215463306,67.0,48.0,19.0,20.0,49.0,29.0,0.15222170574639876,21.0,303288,81.72298277544776,1.3903462749213011,16.972717733473242,35.3748092457068,42.15802973329681,46.47101792132546,30.255444113580175,0.05156275372119526,87.38647605283009,12.134366193626363,0.106707885548305,0.02120063108582174,0.011657410721705307,0.017676980489840288,0.25073710365904683,11.470285669067025,0.7682466830207592,132.54167655825486
159,1885204,654827,437850,312712,2624,168009,144703,230,124,106,592267,494545,97722,474686,117581,1292937,135679,43528,1596278,276846,3137,0.16762111686586703,3161,487,100,2035,59209,88081,18733,204757,51502,14583,19744,3878,1283,32053,359,751,425,1176,141,190,331,73,63,136,56,2058,Uttar Pradesh,Farrukhabad,27.45063297872342,79.4406284574468,874.0,57.96067693469779,65.0,50.0,15.0,11.0,49.0,38.0,0.13918918058735288,9.0,675880,13.032047108954254,2.7210884353741496,17.444120505344994,31.416600007214075,22.908417993911527,19.85270156871816,16.587700853594626,0.01220027116428779,84.67401936342168,14.685201177167034,0.16640108974943824,0.16767416152310308,0.025832748073948492,0.005304465723603388,0.10794587747532892,2.7716458542936615,0.18982659643723737,30.294874829851455
160,1656616,603596,413491,309980,2488,166454,143526,15,9,6,524676,430934,93742,419027,105649,1131940,129517,51330,1375788,273967,1263,0.030423465667360452,2033,606,65,2390,32510,61491,18082,186544,43298,11331,14941,2745,865,33955,325,656,331,987,122,166,288,51,43,94,35,1730,Uttar Pradesh,Kannauj,26.993988617886185,79.64437940379408,879.0,61.3954591770211,68.0,53.0,15.0,12.0,49.0,37.0,0.1501856797230016,9.0,365676,16.81570570669117,2.023121387283237,18.786127167630056,31.671552127952403,24.685139019127995,20.136045864495422,18.7116386658103,0.000905460287719061,83.04809322136211,16.5377492430352,0.07623975622594494,0.1227200509955234,0.03658059562385007,0.003923661246782598,0.14427000584323707,4.944814535271661,0.23654820113980682,51.01346547216662
161,1581810,623583,438420,388283,2964,208731,179552,169,89,80,506072,413713,92359,361588,144484,1075738,158026,20803,1457892,113961,1362,0.06606356009887408,1733,3917,94,1806,47520,113098,21506,178289,50264,13365,17505,3190,950,29275,290,636,417,1053,119,157,276,85,62,147,58,1825,Uttar Pradesh,Etawah,26.78817670157068,79.07621806282728,870.0,67.13846795759288,74.0,60.0,14.0,13.0,49.0,36.0,0.1873802795531701,13.0,354363,31.915860290154445,3.1780821917808217,15.890410958904111,31.99322295345206,31.22599155851341,28.550087734551603,24.546753402747484,0.01068396330785619,92.1660629279117,7.204468298973961,0.08610389364082918,0.10955803794387442,0.24762771761463134,0.0059425594730087685,0.11417300434312591,6.068918030381275,0.268086679478388,50.312532628970864
162,1379545,546198,384638,391622,2404,211413,180209,150,91,59,442023,364543,77480,325721,116302,937522,151727,12533,1273546,101963,1004,0.026892924841161396,332,228,444,1657,32687,65479,14279,170264,41165,9720,12540,2204,616,24401,259,549,338,887,97,129,226,83,36,119,20,1510,Uttar Pradesh,Auraiya,26.66892394014961,79.42637057356607,864.0,67.47413096346983,74.0,60.0,14.0,12.0,49.0,37.0,0.174260353957283,8.0,429844,15.233200882180512,1.3245033112582782,17.1523178807947,32.041216488044974,34.32558939240718,26.31130054318441,28.38776553138897,0.01087315020532132,92.31637967590764,7.391060095901185,0.07277761870761737,0.024065905787777855,0.016527188312088405,0.032184524607751105,0.12011206593478285,3.3219028298638578,0.14330780469193474,39.6106494449149
163,1796184,692964,477279,460544,2682,248195,212349,801,398,403,628864,493991,134873,448651,180213,1167320,234069,20783,1612968,176327,1300,0.026611972938184507,819,155,103,4034,23831,49753,25354,225671,54270,11525,14806,2502,779,34726,343,724,527,1251,115,164,279,146,17,163,20,2056,Uttar Pradesh,Kanpur Dehat,26.43047641196011,79.98710083056478,865.0,65.15162143744739,72.0,57.0,15.0,16.0,51.0,35.0,0.14931655108830721,5.0,455653,10.919054631484924,0.9727626459143969,16.682879377431906,35.011112447277114,37.2209253511093,28.656911510278853,25.640134863688797,0.04459454042570249,89.79970871581085,9.816755967094686,0.07237565861849342,0.04559666492965086,0.008629405450666525,0.005734379105926787,0.22458723605154038,5.564321973080393,0.17096343050523097,49.52694265153527
165,1689974,653430,421766,468178,2217,252588,215590,832,428,404,620764,470969,149795,420266,200498,1069210,243035,26109,1509708,171581,1148,0.02739687119446808,2875,256,145,3798,42616,104176,18615,170673,65432,20490,26905,4837,1578,24209,323,688,403,1091,129,173,302,72,63,135,55,1906,Uttar Pradesh,Jalaun,26.067954587155988,79.36686911314993,865.0,63.622043889432625,72.0,54.0,18.0,19.0,52.0,33.0,0.13118545019035796,8.0,515189,20.220928630075566,2.8856243441762857,16.94648478488982,36.73216274333215,39.15094947516287,32.298586902591005,27.70326644078548,0.04923152663887137,89.33320867658318,10.15287809161561,0.06793003916036577,0.17012096044081151,0.01514816204272965,0.008580013657014841,0.22473718530580944,3.6132370838663093,0.30629535956707155,33.12823061051381
166,1998603,783705,520808,562505,8517,297386,265119,3873,2074,1799,814914,565357,249557,560041,254873,1183689,248072,48648,1823930,147842,7050,0.24772303453962594,1203,7328,311,5988,94342,183340,40774,223646,72987,21485,27675,4792,1398,33912,350,852,666,1518,166,214,380,138,131,269,135,2651,Uttar Pradesh,Jhansi,25.45581535234902,78.89954580536917,890.0,65.27124196251081,74.0,55.0,19.0,27.0,53.0,26.0,0.42614766414340416,30.0,318988,57.47551632036315,5.092417955488495,13.202565069784985,40.77418076526454,30.441494439904087,31.276061032207082,28.144909219089538,0.1937853590733127,91.260245281329,7.397266990993209,0.35274639335575897,0.06019204414283377,0.36665610929234066,0.015560869267183128,0.2996092770800404,12.782299020652815,0.43826100041380867,70.11110135804482
167,1221592,397586,243605,240519,1079,126325,114194,71610,36834,34776,503351,326783,176568,357033,146318,718241,131354,14882,1163804,33724,1351,0.08464364534148881,69,20390,41,1179,20720,77082,9906,145245,40139,11857,15312,2667,788,17182,239,483,260,743,87,120,207,47,28,75,22,1287,Uttar Pradesh,Lalitpur,24.58877161016945,78.60082330508473,906.0,52.48814661523651,62.0,42.0,20.0,30.0,51.0,21.0,0.08832736298207584,6.0,362387,21.270630568977364,1.7094017094017095,18.57031857031857,41.20451018015835,26.095905243061008,29.068781029540027,19.68897962658564,5.862022672054172,95.26945166635014,2.760659860247939,0.11059338960962416,0.005648367048900123,1.6691333931459933,0.003356276072534856,0.09651340218338038,2.733541766122957,0.21744709385270442,40.08008013532494
168,1104285,408125,245174,241198,1196,130269,110929,474,259,215,443655,308527,135128,290375,153280,660630,181449,19876,1010014,91269,814,0.017749041234826155,74,41,273,1604,20175,55929,11037,139501,37669,9673,12348,2119,556,20040,240,488,250,738,91,123,214,40,33,73,26,1291,Himachal Pradesh,Hamirpur,31.67668481012659,76.49767088607594,861.0,59.16036168199332,69.0,48.0,21.0,26.0,52.0,26.0,0.10830537406557185,2.0,848218,6.5937058633511665,2.0139426800929514,18.590240123934933,40.17576984202448,40.898671264834164,34.54936831547035,21.842006366110198,0.04292370176177345,91.46316394771277,8.264985941129328,0.073712854924227,0.006701168629475181,0.003712809646060573,0.024721878862793575,0.14525235786051607,1.301198512646513,0.06554918664777215,16.446361666458387
168,1104285,408125,245174,241198,1196,130269,110929,474,259,215,443655,308527,135128,290375,153280,660630,181449,19876,1010014,91269,814,0.017749041234826155,74,41,273,1604,20175,55929,11037,139501,37669,9673,12348,2119,556,20040,240,488,250,738,91,123,214,40,33,73,26,1291,Uttar Pradesh,Hamirpur,25.738158381502892,79.82619479768789,861.0,59.16036168199332,69.0,48.0,21.0,26.0,52.0,26.0,0.10830537406557185,9.0,234082,23.892909322374212,2.0139426800929514,18.590240123934933,40.17576984202448,40.898671264834164,34.54936831547035,21.842006366110198,0.04292370176177345,91.46316394771277,8.264985941129328,0.073712854924227,0.006701168629475181,0.003712809646060573,0.024721878862793575,0.14525235786051607,4.715014396664417,0.2375236028400304,59.594928272998345
169,875958,302283,185823,220898,1316,117389,103509,647,355,292,349676,237153,112523,238712,110964,526282,130422,13523,815142,57454,965,0.04440852186977001,94,234,157,1523,12874,42936,11298,104537,31794,8899,11462,2001,562,15681,161,338,176,514,64,85,149,31,30,61,20,904,Uttar Pradesh,Mahoba,25.34529670138888,79.67863003472216,878.0,55.72253464207188,65.0,45.0,20.0,27.0,51.0,24.0,0.15023551357485176,1.0,889238,4.828403644468636,2.2123893805309733,17.809734513274336,39.91926553556221,37.2979558219609,31.733376039533738,25.217875742900915,0.07386198881681542,93.05720137266856,6.558990271223049,0.1101650992399179,0.010731108112489412,0.02671360955662258,0.017923233762349337,0.17386678356724866,1.2705260009131414,0.06320017813003942,11.755795411352192
170,1799410,630626,372311,387855,1655,208184,179671,163,82,81,701689,485314,216375,483232,218457,1097721,273458,19098,1637549,157612,1367,0.012837541194058052,168,916,50,1517,26907,73522,18612,216154,54436,14711,19761,3821,1229,32386,348,722,406,1128,130,175,305,84,49,133,32,1949,Uttar Pradesh,Banda,25.351885902503284,80.52487391304344,863.0,55.73699156945888,65.0,45.0,20.0,26.0,50.0,24.0,0.09197459167171462,3.0,969850,7.580759911326494,1.6418676244227808,17.855310415597742,38.995504081893515,38.97139615983719,31.13302331944779,21.554565107451886,0.00905852473866434,91.0047737869635,8.759093258345791,0.07596934550769419,0.009336393595678583,0.05090557460500942,0.0027786885701424355,0.08430541121812149,1.919059648399237,0.12672062690106717,22.28736402536475
171,991730,330339,200733,266655,827,141379,125276,366,196,170,394197,254977,139220,282614,111583,597533,150695,12555,955372,34559,693,0.006352535468323031,101,285,27,630,11637,41046,9437,108770,30004,8290,11257,2248,719,17427,186,378,223,601,65,91,156,49,15,64,13,1019,Uttar Pradesh,Chitrakoot,25.159924623803,81.07666087551297,879.0,53.55005898782935,63.0,43.0,20.0,30.0,48.0,18.0,0.08338963225878011,1.0,908523,4.517882321085982,1.2757605495583906,18.253189401373895,39.74841942867514,38.22834775505648,28.306405173047995,26.88786262389965,0.036905206054067136,96.33388119750336,3.484718623012312,0.06987789015155335,0.010184223528581367,0.028737660451937524,0.0027225152007098706,0.06352535468323033,1.0387188876891396,0.07913943840717295,11.97217902023394
172,2632733,911003,601163,651480,3385,342892,308588,340,189,151,1063929,713736,350193,670156,393773,1568804,425366,51555,2274674,350700,2201,0.015269303799511762,172,199,47,4338,43492,75263,33501,314716,80304,18567,24098,4235,1296,53903,539,1076,597,1673,190,266,456,114,43,157,43,2868,Uttar Pradesh,Fatehpur,25.8374362030905,80.85416203090509,901.0,57.437119525603244,66.0,48.0,18.0,28.0,52.0,24.0,0.1285736153267346,4.0,1047916,7.1821596387496704,1.4993026499302649,18.79358437935844,40.411579905748134,39.98067540221199,37.0112103345242,24.745388157477418,0.012914336546850745,86.39972226579755,13.320758314648696,0.08360133746946614,0.0065331349589950825,0.00755868521418617,0.001785217110888191,0.16477174100070155,3.196916546746113,0.12367403494173199,30.0325598616683
173,3209141,1121381,810178,709252,5149,351054,358198,723,380,343,1066601,704569,362032,553013,513588,2142540,386563,68642,2731351,452394,3920,0.0452145916929172,7795,746,43,11441,46358,140538,34400,305243,119337,42824,63749,14405,6520,45925,602,1281,948,2229,199,286,485,270,24,294,29,3639,Uttar Pradesh,Pratapgarh,25.864842731707316,81.93530048780492,998.0,60.18928429757371,70.0,51.0,19.0,23.0,44.0,21.0,0.16044792048713347,9.0,539992,26.025941125053702,0.7969222313822478,16.543006320417696,33.23633956875064,36.24251242967145,48.15183934760984,22.100992134655346,0.022529393379723733,85.11159216749903,14.097043414421492,0.12215106784027252,0.24289989127931744,0.023246096073684514,0.001339922427839724,0.3565128487654484,6.370464747625891,1.2074252951895583,56.52731892324331
174,1599596,507279,306145,555397,1503,291303,264094,193,102,91,639086,402644,236442,415312,223774,960510,321410,30491,1372381,220423,2225,0.032633239893073,687,545,3,2810,22034,43753,15029,196096,41806,10001,13548,2564,983,24943,312,620,350,970,106,149,255,76,17,93,14,1645,Uttar Pradesh,Kaushambi,25.53587532051282,81.41811282051287,908.0,50.851840089622634,60.0,40.0,20.0,31.0,48.0,17.0,0.09396122520936537,5.0,451374,9.693292037201966,0.851063829787234,18.966565349544073,39.9529631231886,50.29213595666311,35.01469285823817,34.72107957259208,0.012065546550504002,85.79547585765405,13.77991692902458,0.13909762214959276,0.04294834445697539,0.03407110295349576,0.0001875473557073161,0.17566935651251941,3.329611364411774,0.21777949106505912,43.444239145365046
175,5954391,2199340,1466387,1309851,24122,687076,622775,7955,4270,3685,2111907,1426110,685797,1286732,825175,3842484,541146,185877,5102041,796756,13782,0.07350877696812319,4391,2247,305,30492,204357,391542,85491,549894,179798,61206,91505,20425,9874,77356,1075,2389,1820,4209,451,602,1053,379,211,590,300,7224,Uttar Pradesh,Allahabad,25.392038662316445,82.05172446982063,901.0,61.56342437035123,70.0,52.0,18.0,24.0,46.0,22.0,0.405112798269378,25.0,803823,48.70997719647236,4.152823920265781,14.880952380952381,35.468060461598846,25.623571492494694,39.07250650715206,21.998068316306405,0.13359888525963445,85.68535388421753,13.380982202881873,0.2314594389249883,0.07374389757071714,0.037736856716329176,0.005122270270796795,0.5120926724496259,10.63555036369947,1.228379879650122,68.409836493855
176,3260699,1010518,681940,864559,3159,453168,411391,610,333,277,1192850,871241,321609,834294,358556,2067849,421973,77235,2505444,737106,4857,0.06409668601732327,1553,3016,211,6422,60554,108116,26293,376659,91916,23021,30817,5792,2004,68325,564,1160,767,1927,194,275,469,186,40,226,45,3230,Uttar Pradesh,Bara Banki,26.922777025232424,81.35762350597606,910.0,51.90476029832867,59.0,44.0,15.0,21.0,51.0,30.0,0.09688106752570538,19.0,316046,34.20894426760662,1.393188854489164,17.461300309597526,36.58264684964788,35.37519386343631,30.05876681896299,26.51452955332584,0.018707645201228324,76.83763512056771,22.605766432289517,0.14895579138092782,0.04762782458607801,0.09249550479820431,0.006471005143375699,0.19695163521686607,8.319358574384742,0.6340849116900704,119.17853730153205
177,2470996,838339,612562,555047,4746,281284,273763,931,469,462,831209,597888,233321,496579,334630,1639787,272734,43505,2094271,365806,3225,0.07737770518446813,737,358,185,4502,58328,127754,28625,252763,83756,25796,35595,7160,2639,45715,513,1063,698,1761,183,260,443,152,51,203,65,2985,Uttar Pradesh,Faizabad,26.60589185185181,82.00783530864202,962.0,58.71725409510983,67.0,51.0,16.0,19.0,47.0,28.0,0.19206829958445906,5.0,1191723,10.720108615844454,2.1775544388609713,17.185929648241206,33.638621835081885,32.81172364591817,40.25822627040853,22.462480716277973,0.03767711481524049,84.75412343848392,14.803989970036374,0.13051417323217035,0.0298260296657704,0.0144880849665479,0.007486859549752407,0.18219373888100182,2.4019843537466343,0.22144407718907833,21.209878470080714
178,2397888,846676,640263,591125,2509,298240,292885,746,406,340,787398,547406,239992,440998,346400,1610490,301120,58520,1985654,401678,2536,0.0362402247310967,1817,235,33,5066,21512,99581,27308,206450,82674,31457,46756,10338,4961,28577,511,1031,624,1655,176,248,424,142,35,177,30,2797,Uttar Pradesh,Ambedkar Nagar,26.39119025974028,82.68282142857147,978.0,62.010360784156724,70.0,54.0,16.0,20.0,45.0,25.0,0.10463374436170496,4.0,509770,19.53449594915354,1.0725777618877368,18.26957454415445,32.837146689086396,38.242413620557834,43.99299972821877,24.65190200709958,0.03111071075880108,82.80845477353405,16.75132449889236,0.1057597352336723,0.07577501534683856,0.009800290922678624,0.0013762110657378494,0.21126925027357407,5.3569256723620455,0.9731839849343822,40.49865625674324
179,3797117,1300248,939654,851587,5956,431438,420149,696,358,338,1242632,869838,372794,690967,551665,2554485,501634,85785,3119590,650261,4453,0.04290096934068663,9989,426,336,10433,55055,233701,44008,350025,142503,51197,74847,16356,7294,60550,730,1497,1037,2534,240,347,587,274,28,302,37,4190,Uttar Pradesh,Sultanpur,26.2846386419753,82.05710456790123,983.0,58.9895439092343,68.0,50.0,18.0,20.0,45.0,25.0,0.1568558461590728,6.0,880077,26.554608289956448,0.883054892601432,17.42243436754177,32.72567055479196,40.36866908304309,44.39488118767262,22.427199372576613,0.018329695924565927,82.15680475476526,17.12512414023587,0.11727318383921274,0.2630680065955302,0.011219038022794663,0.00884881872220424,0.274761088478443,5.000471549648497,0.8287911171408865,39.77208812410733
180,3487731,878285,520083,509307,2681,270226,239081,11159,5606,5553,1152160,895576,256584,743452,408708,2335571,482897,37965,2291892,1169330,6400,0.23545393839146422,2793,1177,38,7889,38940,85814,35463,403826,96648,26960,37809,7903,2946,56895,584,1161,624,1785,204,286,490,119,44,163,37,3060,Uttar Pradesh,Bahraich,27.691776300578027,81.46779783237004,892.0,40.09391779354543,48.0,32.0,16.0,16.0,49.0,33.0,0.07686946040276615,5.0,858059,10.000943991030919,1.2091503267973858,19.084967320261438,33.03465777607275,41.91232120538814,35.47319816692126,14.602817705837978,0.3199501337689174,65.71298073159886,33.526954917108,0.18350039036840857,0.0800807172342133,0.03374686866619014,0.001089533567812426,0.22619290306505865,4.132932583889919,0.34333303420860334,47.062731117557185
182,2148665,544943,323414,277212,1551,145928,131284,24887,12657,12230,760253,534332,225921,458727,301526,1388412,328768,29916,1333242,805975,3228,0.04188647369413101,1866,198,87,3169,16229,57400,15510,181378,69285,26229,40851,9626,4996,29477,393,795,496,1291,134,190,324,115,24,139,26,2174,Uttar Pradesh,Balrampur,27.449076537911324,82.47158326180256,928.0,40.413791819571685,49.0,31.0,18.0,22.0,48.0,26.0,0.07218435633288577,4.0,373033,15.387378596531672,1.1959521619135236,18.077276908923643,35.382574761537974,43.24455148483465,39.66127065595269,12.901592384108271,1.1582540786953759,62.049784401011784,37.510500706252486,0.15023281898294988,0.08684462212583162,0.009215024212708822,0.004049025790432664,0.14748692792966794,4.15780909463774,1.3392916980535234,48.62250792825299
183,3433919,1034181,645813,531973,4313,276656,255317,870,476,394,1170552,855848,314704,739663,430889,2263367,431532,65299,2739076,678615,4735,0.055126518709381324,649,338,57,8556,45517,104084,31811,303072,116129,43205,64383,14623,6555,51977,637,1301,864,2165,215,306,521,215,35,250,41,3614,Uttar Pradesh,Gonda,27.157215552099505,82.0226888024882,921.0,48.92351858037421,58.0,39.0,19.0,19.0,48.0,29.0,0.12559993406949904,8.0,585290,17.783321088691075,1.1344770337576093,17.62589928057554,34.0879327671969,36.865683882475956,36.81075253384728,15.491716607176814,0.025335484034422477,79.7653060541032,19.76211436553978,0.13788909988849474,0.018899688664758836,0.009842981153603216,0.001659911022944921,0.2491613809178376,5.435083462898734,1.119957627842608,51.781510020673515
185,2464464,819719,574064,513959,3423,262534,251425,3620,1876,1744,783688,558642,225046,443724,339964,1680776,282260,36856,2082976,364510,3493,0.03651909705315233,9753,107,99,2626,37593,108101,30244,211665,86134,32142,47969,10859,4968,34022,478,989,692,1681,158,228,386,185,20,205,24,2775,Uttar Pradesh,Basti,26.833880454545447,82.69790590909092,963.0,56.55521849781535,65.0,47.0,18.0,19.0,45.0,26.0,0.13889429912548934,4.0,903823,11.96041702855537,0.8648648648648649,17.225225225225223,31.799531257100938,36.01688427027082,43.38001857882218,20.854798447045685,0.14688792370267936,84.5204474482078,14.790640074271726,0.14173467334073453,0.39574528173266077,0.004341714871874776,0.004017100675846756,0.10655460984619779,3.3462304013064506,0.5496651446134918,23.418855240461905
186,1715183,567098,387851,369039,2031,187413,181626,1593,823,770,539469,383482,155987,265453,274016,1175714,241825,28884,1300586,404410,1766,0.02606135905031708,4393,95,35,3451,17671,79525,19729,143246,59397,24175,36322,8238,3909,19075,340,684,416,1100,114,163,277,96,18,114,17,1850,Uttar Pradesh,Sant Kabir Nagar,26.791596516393444,83.0387764344262,972.0,55.67621647369406,65.0,46.0,19.0,18.0,44.0,26.0,0.1184130206514407,3.0,535368,14.854268465802962,0.9189189189189189,18.37837837837838,31.452562204732672,44.82648678608039,50.79365079365079,21.516013160111775,0.09287638695113,75.82782711815591,23.578242088453536,0.10296277423458605,0.25612427361978285,0.005538767583400722,0.0020405985833581606,0.20120302031911463,3.685128733880247,0.730151970233559,26.756548766455975
188,4440895,1593890,1106438,936061,14597,481123,454938,18172,9261,8911,1351629,1016876,334753,746381,605248,3089266,454931,82965,4009037,403847,9662,0.047805678810239824,2848,460,207,12711,149727,296619,65360,392621,157629,60398,90919,20692,9829,54197,792,1799,1464,3263,304,426,730,365,131,496,175,5455,Uttar Pradesh,Gorakhpur,26.63315886792452,83.3549560377358,950.0,60.805941144746726,70.0,51.0,19.0,15.0,45.0,30.0,0.3286950040476075,36.0,411258,72.12479757232686,3.2080659945004584,14.518790100824933,30.435959418090274,33.65797863171033,44.779151675496756,21.078206082332503,0.4091967947902394,90.27542871425692,9.09382005203906,0.21756875584763882,0.06413121679301131,0.010358272375275705,0.004661222568874067,0.28622608730897714,15.892699959636044,2.3899839030486945,95.46829484168089
189,3564544,1183722,771098,544231,3486,278947,265284,80269,41003,39266,1116973,804857,312116,523258,593715,2447571,528388,57049,2928462,620244,5006,0.02151747881355932,4619,383,133,4930,29304,127331,35931,328791,131217,44482,65323,14535,6306,33295,692,1374,836,2210,227,328,555,195,23,218,27,3704,Uttar Pradesh,Kushinagar,26.892530675909864,83.92261542461007,961.0,54.84067527291009,65.0,44.0,21.0,18.0,44.0,26.0,0.09779652039643781,3.0,867624,14.675827316902252,0.7289416846652268,18.682505399568033,31.33564910406492,47.30535115889104,53.15392583348031,15.267899624748635,2.2518728903332375,82.15530513860959,17.400374353634014,0.14043872091353057,0.12958179222924449,0.01074471236713588,0.0037311925452456194,0.13830661088767596,4.141310060579237,0.7268125363060496,37.8955630549639
190,3100946,1079288,795951,468663,4469,235694,232969,109894,54216,55678,876246,639073,237173,455382,420864,2224700,291016,50418,2730957,358539,3626,0.026379046910200953,1182,209,146,5469,60348,150001,36068,244457,118348,50948,79868,18894,10026,29891,633,1302,867,2169,218,312,530,205,47,252,58,3643,Uttar Pradesh,Deoria,26.42218856548857,83.8244070686071,1017.0,60.47312658782191,70.0,51.0,19.0,15.0,42.0,27.0,0.14411731129790717,6.0,994411,15.08440674932196,1.592094427669503,17.37578918473785,28.257376942391126,33.21167799910071,48.03034764210051,15.11354922014121,3.5438862850239894,88.0685119960167,11.5622458436877,0.11693205879754114,0.03811740030300431,0.0067398787337799495,0.004708240646563984,0.1763655349045098,3.6270717037522715,1.008235025557843,24.583094917493874
191,4613913,1559414,1212503,1171378,6652,579586,591792,9327,4690,4637,1372032,941890,430142,784272,587760,3241881,452055,115991,3878626,718692,3810,0.015583302069198097,5652,183,226,6005,49699,183381,47324,330071,168352,71109,110081,25639,13333,51426,870,1882,1425,3307,296,423,719,400,56,456,67,5419,Uttar Pradesh,Azamgarh,26.008290954773837,83.01220251256285,1019.0,60.077357332051996,68.0,52.0,16.0,18.0,41.0,23.0,0.1441726361116909,11.0,461390,39.74533474934437,1.2363904779479609,16.054622624100386,29.736841591941594,32.94784669745312,42.83865099356283,25.38795161503912,0.20214945535383957,84.06370037753204,15.576626607393768,0.08257632946264917,0.12249905882490632,0.003966264643481574,0.00489822846681331,0.13014983160714128,10.256832614490994,2.8897462016948783,71.53839485034352
192,2205968,773082,589962,474537,2656,241498,233039,22915,11464,11451,696747,475413,221334,396438,300309,1509221,212343,118614,1769937,428555,2109,0.01541273490821263,564,155,129,4179,40087,149908,26716,177926,76849,29470,44690,10202,5018,21368,402,919,688,1607,158,208,366,189,76,265,54,2693,Uttar Pradesh,Mau,26.01082203791469,83.50582654028433,979.0,61.788928941852284,69.0,54.0,15.0,20.0,43.0,23.0,0.12040065857709631,6.0,655003,22.886612733071452,2.005198663200891,14.9275900482733,31.584637673801254,30.476342201688706,43.10158493685656,21.511508779819106,1.0387730012402718,80.23402878010924,19.42707237820313,0.09560428800417775,0.02556700731832919,0.007026393855214582,0.0058477729504689095,0.189440644651237,4.07875994461094,0.7661033613586503,27.164150393204306
193,3239774,1160960,802630,494698,4672,257624,237074,110114,56817,53297,1019483,723060,296423,569522,449961,2220291,384432,72194,3004240,213440,4463,0.027532784694241016,1595,233,64,14847,62157,119972,42969,256651,118486,47236,73448,17231,8981,33855,611,1273,901,2174,215,303,518,223,45,268,64,3634,Uttar Pradesh,Ballia,25.86075638297873,84.03651978723408,937.0,60.608857284489595,69.0,51.0,18.0,19.0,43.0,24.0,0.14420758978867043,7.0,862610,13.908023324561505,1.7611447440836543,16.81342872867364,31.467719661927035,37.708524811105235,44.136194522125436,15.269521886403187,3.39881732491217,92.72992498859487,6.588113862263231,0.13775652252286733,0.04923182913376057,0.007191859679101073,0.001975446435461239,0.4582727066764534,4.981277750084048,1.0411425789174713,29.75284311566061
194,4494204,1565394,1166283,990345,8002,494226,496119,4736,2363,2373,1437375,934157,503218,896547,540828,3056829,436792,88404,3981502,483750,4947,0.028614633425629987,7898,349,114,14358,56508,181467,52398,321922,168722,75638,121720,29276,16806,54624,845,1824,1389,3213,286,411,697,387,52,439,69,5261,Uttar Pradesh,Jaunpur,25.70141280913127,82.54315351934063,1024.0,60.782220833767234,70.0,51.0,19.0,22.0,42.0,20.0,0.17805155262199937,6.0,938902,19.327576253964736,1.3115377304694924,16.061585249952483,31.982860591108015,30.388172884598664,37.62608922515001,22.036049097904765,0.10538017410869643,88.5919286262929,10.763863856647362,0.11007511007511006,0.17573746096082865,0.007765557593736288,0.0025366004747448046,0.3194781545297009,5.580774138301974,1.7899631697450853,34.28707149414955
195,3620268,1293553,903996,726641,5309,375015,351626,28712,14664,14048,1204602,808700,395902,766881,437721,2415666,435934,68254,3233790,368153,4181,0.02237403418752424,3145,213,184,9792,36798,105767,50180,268989,129252,54760,84572,19787,10025,42148,702,1443,993,2436,248,343,591,245,40,285,63,4079,Uttar Pradesh,Ghazipur,25.624724775583484,83.5360854578097,952.0,60.70127957377741,70.0,51.0,19.0,22.0,44.0,22.0,0.1466466018537854,4.0,907677,11.652493122553507,1.5444962000490317,17.210100514832067,33.273834975753175,36.18904833297637,36.33739608601015,20.071469846983703,0.7930904562866616,89.32460248799259,10.1692195163452,0.11548868757782574,0.08687202162933794,0.005883542323386003,0.005082496654943778,0.2704772132891819,5.528398317903836,1.1044677787362684,29.63488113062246
196,1952756,699454,475152,446786,3492,235161,211625,41725,21571,20154,652543,462971,189572,341927,310616,1300213,248674,58552,1727869,215081,2153,0.07113023849369814,340,100,1175,4649,32433,99602,20762,164090,68585,27671,42299,9715,4913,19744,383,789,507,1296,133,188,321,121,31,152,30,2183,Uttar Pradesh,Chandauli,25.1180859611231,83.25307062634984,918.0,60.15119144429719,69.0,51.0,18.0,20.0,45.0,25.0,0.17882418489560398,5.0,717356,13.884598442056664,1.3742556115437472,17.54466330737517,33.41651491532993,38.10844649318129,47.60084776022423,22.879765828398426,2.136723686932725,88.48360983143823,11.014228096085738,0.11025443014897919,0.017411289480098895,0.0051209674941467345,0.060171368056224125,0.23807377880288166,2.8942394013572064,0.6848761284494729,22.874277206854057
197,3676841,1389116,1014787,486958,19214,256483,230475,28617,14992,13625,1220708,921234,299474,920761,299947,2456133,182146,168764,3107681,546987,7696,0.08999573274993397,1146,1898,298,7826,202055,336056,57583,305032,118204,47717,73989,17459,8813,44479,616,1533,1401,2934,304,391,695,299,214,513,302,5059,Uttar Pradesh,Varanasi,25.36057088888889,82.82529666666672,913.0,65.37957447711229,72.0,58.0,14.0,17.0,48.0,31.0,0.5225681502137296,19.0,1061721,31.65200650641741,5.9695592014232055,12.176319430717534,33.19991264240145,14.921340730133661,24.57156011101754,13.243923248244894,0.7783039843169721,84.5204075998935,14.876547558080427,0.20931011158763732,0.0311680597556435,0.05162039914154569,0.008104783426860176,0.21284575536445555,5.423552891955608,0.8300674094230029,28.729958247034766
199,2496970,865837,562846,661129,4447,347436,313693,20132,10480,9652,881996,613061,268935,537091,344905,1614974,334372,80246,2292534,195765,2373,0.04537499449332591,341,701,27,4096,43500,145997,24518,235797,80665,29306,44335,9941,5088,30022,489,1024,679,1703,176,245,421,160,52,212,52,2875,Uttar Pradesh,Mirzapur,25.10207959183675,82.60126628571429,903.0,57.216666599919094,66.0,48.0,18.0,23.0,47.0,24.0,0.17809585217283347,6.0,778418,18.755604315419223,1.8086956521739128,17.008695652173913,35.32265105307633,37.91082952757156,39.10505263062418,26.47725042751815,0.8062571837066524,91.81263691594212,7.840102203871092,0.09503518264136133,0.01365655174070974,0.028074025719171634,0.0010813105483846422,0.16403881504383314,3.149721614865021,0.6536333949112173,30.291822645416726
200,1862559,601988,383720,421661,5149,218996,202665,385018,197825,187193,730399,463611,266788,397196,333203,1132160,371261,29417,1738769,103567,3963,0.08853410818127104,1747,487,1907,10470,40467,95582,25220,217864,61110,15940,21647,4199,1508,26297,323,774,631,1405,130,173,303,178,69,247,59,2337,Uttar Pradesh,Sonbhadra,24.46693268858798,83.06816324951639,918.0,52.92224300008751,62.0,43.0,19.0,30.0,48.0,18.0,0.27644761857208283,10.0,411490,23.22826800165253,2.5246041934103554,13.821138211382115,39.21481145026815,50.82988886896066,45.619312184162354,22.638799629971455,20.671452555328447,93.35376758534898,5.560468151612915,0.2127717833367963,0.09379568647221376,0.026146822731521527,0.10238601837579374,0.5621298439405141,6.128946025419816,0.3664730613137622,52.94515055043865
201,1774480,647042,408160,281011,2635,150631,130380,140,87,53,545984,440244,105740,415476,130508,1228496,131779,28396,1611126,146346,2464,0.039899012668500065,2887,5671,18,5260,37027,69591,19712,191936,53726,15420,20684,3998,1266,24128,679,1347,602,1949,256,348,604,66,93,159,71,3461,Uttar Pradesh,Etah,27.591155309734443,78.70021858407083,873.0,59.4654208556873,68.0,49.0,19.0,13.0,46.0,33.0,0.14849420675352779,10.0,365770,19.02589058698089,2.0514302224790524,19.61860733891939,30.768675893782966,24.136055269018872,23.903264564529366,15.836244984446148,0.007889635273432217,90.79426085388396,8.247261169469365,0.138857580812407,0.16269555024570578,0.31958658311167215,0.0010143816780127136,0.2964248681303819,5.389178992262898,0.34611914591136506,52.474505837001395
203,3935042,1091226,668255,553944,3495,289191,264753,250046,127680,122366,1478947,999282,479665,797544,681403,2456095,998833,38691,3047427,865090,8469,0.02353215035570141,1337,296,1895,9602,38414,57546,41143,508159,109279,26324,35133,6684,2125,55494,935,1347,621,1968,138,21,159,30,49,79,40,3181,Bihar,Pashchim Champaran,27.16064352201258,84.30265911949685,909.0,44.713144103671574,53.0,36.0,17.0,26.0,48.0,22.0,0.08881734934468298,11.0,351126,16.388988568206283,1.2574662055957246,29.393272555800067,37.58402070422628,67.53676771378555,46.07352393290632,14.07720679982577,6.3543413259629755,77.44331572572796,21.984263446235136,0.21522006626612883,0.0339767656863637,0.00752215605322637,0.04815704635427017,0.2440126433212149,11.717446158928704,0.6051958556187808,144.72269213900424
204,5099371,1407603,869354,649726,7719,340363,309363,12461,6454,6007,1737539,1260774,476765,1132789,604750,3361832,1057417,46164,4086453,990349,4865,0.013099654839783181,878,464,104,15590,52358,74979,70258,747255,129176,26188,34713,6446,2079,73159,1194,1754,797,2551,223,18,241,25,40,65,47,4098,Bihar,Purba Champaran,26.68129336734693,85.00382155612242,902.0,44.65172273207813,52.0,36.0,16.0,20.0,47.0,27.0,0.15137161034174607,17.0,314274,23.857843792359535,1.1469009272816009,29.136163982430453,34.07359456685932,60.857166371517415,34.804974161731046,12.74129691681582,0.2443634714948177,80.13641290268937,19.421003100186276,0.09540392334662452,0.017217809804385677,0.009099161445597899,0.0020394672205650464,0.3057239804673949,22.35565143791723,0.6615246568281181,237.77181694954086
205,656246,171645,112053,96655,478,51089,45566,318,177,141,216372,166693,49679,137804,78568,439874,136334,9119,552492,99342,522,0.03291448633591672,73,52,44,3505,3983,10004,6698,124984,8303,733,897,136,28,14705,173,211,90,301,4,1,5,2,3,5,4,489,Bihar,Sheohar,26.458380748663107,85.29539411764709,893.0,43.23043492836528,50.0,36.0,14.0,16.0,48.0,32.0,0.07283853920633421,1.0,405256,2.46856308111416,0.81799591002045,35.37832310838446,32.97117239571746,63.00907696005028,36.311537537204444,14.728470725916806,0.04845743821676628,84.18977029955231,15.137920840660362,0.07954334197846538,0.01112387732649037,0.007923857821609578,0.006704802772131183,0.5340984935527227,1.6527824387547625,0.00690921294194287,30.84075251199242
206,3423574,885188,551606,405714,3460,213624,192090,2989,1585,1404,1114583,865929,248654,753645,360938,2308991,635907,37932,2672311,740101,2897,0.00762361204986368,253,188,20,7543,39465,66263,42461,602916,59010,7662,9470,1464,344,61687,866,1150,520,1670,69,10,79,14,22,36,29,2679,Bihar,Sitamarhi,26.56570069686413,85.61172491289203,899.0,41.96766303284229,49.0,34.0,15.0,15.0,48.0,33.0,0.1010639758334419,4.0,1049775,6.312114500726346,1.0824934677118327,32.32549458753266,32.55612409721537,57.053355380442724,32.383232114611474,11.850598234476603,0.08730642305380283,78.05617755012744,21.617788895464212,0.08461917282932982,0.007389938117300809,0.005491337415227479,0.0005841848314071785,0.22032530916521742,4.044771498654474,0.03276892667476364,57.4328784739587
207,4487379,1340085,815253,587158,5319,303389,283769,3990,2056,1934,1636938,1105947,530991,1074091,562847,2850441,940642,54934,3652168,818912,3262,0.012568584021987,328,442,169,11534,47090,113281,65548,681994,116811,22106,28218,4700,1412,74516,1090,1535,668,2203,165,7,172,10,17,27,26,3520,Bihar,Madhubani,26.41380538172716,86.16328360450552,926.0,48.03111125670464,58.0,38.0,20.0,25.0,47.0,22.0,0.11853244399459015,12.0,396421,28.5759331619667,0.7386363636363636,30.96590909090909,36.478710623729356,57.46350808643944,34.38413672356558,13.084653647485537,0.08891604653852504,81.3875538482486,18.24922744435003,0.0726927678718468,0.0073093892893825105,0.009849847761911798,0.0037661182619074525,0.25703200019432276,16.534946433211157,0.35618698303066687,172.03780828967183
208,2229076,647672,385611,354249,1845,182545,171704,10168,5242,4926,877682,551718,325964,472649,405033,1351394,554271,22555,1809936,409251,3758,0.012157503826697698,136,546,42,5136,12111,51028,25078,345385,55898,9148,10961,1483,330,28560,533,797,350,1147,114,5,119,8,12,20,15,1836,Bihar,Supaul,26.28157893772896,86.78496465201461,929.0,46.35476762568885,56.0,36.0,20.0,30.0,48.0,18.0,0.08276972162456551,2.0,504913,10.106295540023726,0.8169934640522877,29.030501089324616,39.37425193219074,63.15168819686401,46.14803539322898,15.892190306656213,0.4561531325087166,81.19669315895915,18.359670105460737,0.1685900346152397,0.006101182732217296,0.024494454204342965,0.001884188784949459,0.2304093714166767,4.966796259949733,0.06535779431307968,68.40485390552432
209,2811569,727643,468125,382654,2561,198247,184407,38848,19887,18961,1069893,708391,361502,696410,373483,1741676,691947,24367,1593525,1207442,4116,0.013195479107928705,187,1910,63,3955,17004,43290,29796,459413,47807,6416,7782,1067,299,46453,708,866,375,1241,24,9,33,12,20,32,22,2035,Bihar,Araria,26.211528119180603,87.30766554934816,921.0,42.530274021373835,50.0,35.0,15.0,27.0,48.0,21.0,0.09108792990675313,6.0,301832,14.342415648440193,1.0810810810810811,34.791154791154796,38.05323646689802,64.67441136637028,34.90844411543958,13.609980761631673,1.3817196021154026,56.67742815488433,42.94548702165943,0.14639512670683166,0.006651090547662177,0.0679335986418971,0.002240741735308648,0.14066878671659847,9.87171671658406,0.09906172970394127,152.20818203503936
210,1690400,439921,305135,113118,1093,57964,55154,64224,32506,31718,529064,421192,107872,384416,144648,1161336,321867,11633,531236,1149095,5783,0.023544723142451488,183,1476,28,2201,11715,58718,14073,276414,16858,2134,2594,382,78,39845,402,574,260,834,55,9,64,13,20,33,14,1347,Bihar,Kishanganj,26.324336758321294,87.95045007235886,950.0,44.07572172266919,51.0,37.0,14.0,13.0,49.0,36.0,0.06465925224798864,4.0,311381,18.85728416313134,1.0393466963622866,29.84409799554566,31.29815428300994,60.8370631908427,27.340359578425293,6.691788925698059,3.7993374349266444,31.42664458116422,67.97769758637008,0.34210837671557026,0.010825840037860862,0.08731661145291056,0.0016564126833885473,0.13020586843350687,4.5195435816571985,0.025049697958449614,88.77034886521656
211,3264619,805261,527065,390991,4170,203201,187790,139490,71391,68099,1143318,803275,340043,776385,366933,2121301,745015,28840,1989420,1255641,7989,0.01880770772944714,353,1450,650,8502,33688,86058,33664,517258,53373,8430,10296,1478,388,59786,822,1115,521,1636,74,16,90,22,35,57,36,2641,Bihar,Purnia,25.81714801901739,87.40447606973065,921.0,40.81107167482637,47.0,34.0,13.0,22.0,47.0,25.0,0.12773312904201073,14.0,246823,34.86628069507299,1.3631200302915563,31.12457402499053,35.02148336452125,65.16253570747595,32.09369571720204,11.976619630039524,4.272780376515605,60.93881093015755,38.462099252623354,0.24471462060350688,0.010812900372141436,0.04441559642947615,0.01991043977873069,0.2604285523057974,13.638923439063621,0.15719766796449278,209.56636942262267
212,3071029,762256,517934,263100,2941,136429,126671,179971,92190,87781,1013566,760522,253044,667602,345964,2057463,672291,20577,1684589,1365645,8659,0.08967678260283443,212,507,2141,6522,32570,60900,27263,505400,43516,6587,8148,1233,328,59999,732,1069,491,1560,124,14,138,20,33,53,31,2516,Bihar,Katihar,25.56565356037151,87.70466083591326,919.0,41.68602771253544,48.0,35.0,13.0,17.0,48.0,31.0,0.09576594685364416,7.0,445625,13.666199158485274,1.232114467408585,29.093799682034977,33.004116861156305,66.32927702784032,34.13334701440262,8.567161039508257,5.8602833122057785,54.854219872231745,44.4686455256528,0.2819576109505967,0.006903223642629229,0.016509124466099145,0.06971604631542067,0.21237181413786715,6.117924263674614,0.07360448807854138,113.41374474053296
213,2001762,517666,316911,346275,1397,179337,166938,12532,6442,6090,777546,496046,281500,443507,334039,1224216,484062,16347,1753829,241760,1342,0.008492518091561334,60,133,81,4387,12302,23236,23309,324221,42330,6610,8126,1211,305,26324,487,651,285,936,45,3,48,4,7,11,12,1494,Bihar,Madhepura,25.77341929460581,86.8978443983403,911.0,41.692119242946966,49.0,33.0,16.0,30.0,47.0,17.0,0.06978851631712461,5.0,230795,10.067809094651098,0.8032128514056224,32.59705488621151,38.84307924718323,62.25509487541573,42.96067370933681,17.29851001267883,0.626048451314392,87.61426183532308,12.077359845975694,0.06704093693456066,0.002997359326433412,0.006644146506927397,0.004046435090685106,0.21915692275105633,10.099438895989948,0.13215190970341645,140.48007972443077
214,1900661,506374,298622,317249,1668,164518,152731,6009,3101,2908,649898,456724,193174,363326,286572,1250763,356833,18651,1629254,266620,1292,0.01036481518797934,60,109,8,3121,21651,41342,19415,291291,43704,8148,10170,1600,422,23047,464,672,311,983,78,8,86,11,18,29,21,1582,Bihar,Saharsa,25.821270696721303,86.54670819672135,906.0,42.35347597493714,51.0,33.0,18.0,21.0,46.0,25.0,0.08775894280989613,3.0,636540,6.4948000125679455,1.3274336283185841,29.329962073324907,34.19326223876851,54.90600063394564,44.09491951044625,16.69150890137694,0.3161531698709028,85.72038885419335,14.027751398066252,0.06797635138512338,0.0031567965039530983,0.005734846982181462,0.0004209062005270797,0.164206031480627,3.0500832626386405,0.06629591227574073,45.76161749458008
215,3937385,1125566,691068,615688,6280,322327,293361,2772,1361,1411,1223640,947927,275713,731347,492293,2713745,642115,44846,3042729,881476,3534,0.021130775882978167,245,236,101,8232,59510,127442,53205,634400,81916,13027,16149,2468,654,73321,994,1489,695,2184,211,16,227,23,37,60,49,3514,Bihar,Darbhanga,26.146187719298258,85.97387352472099,911.0,46.138084032930486,55.0,37.0,18.0,15.0,46.0,31.0,0.15949672180901792,8.0,752786,16.929379664340196,1.394422310756972,28.286852589641438,31.07747908827813,52.4758098787225,40.2318492367036,15.636977333941182,0.07040205618703785,77.27791414860371,22.38734591613469,0.08975500236832314,0.006222403955925062,0.005993825851421692,0.002565154283871148,0.20907277291908208,7.0677456807113845,0.08687727986439704,84.27361826601452
216,4801062,1487117,1022115,751975,10290,393135,358840,5979,3124,2855,1547586,1195308,352278,910304,637282,3253476,769001,65253,4032773,745546,5149,0.019433200404410524,288,382,98,15893,87796,180651,73012,702089,126765,24479,32056,5670,1907,86953,1064,1719,828,2547,322,22,344,30,49,79,70,4105,Bihar,Muzaffarpur,26.18664417177915,85.32745092024543,900.0,52.264103233826184,59.0,45.0,14.0,15.0,47.0,32.0,0.21432758002291993,23.0,380620,47.46229835531501,1.705237515225335,25.91961023142509,32.23424317369782,49.690356464842665,41.17910087064629,15.66268046528039,0.12453494664305521,83.99751971542962,15.528772592397267,0.1072471049113717,0.005998672793644406,0.007956572941570011,0.0020412150478373325,0.33103092607427276,19.182386632336716,0.5010246440018916,184.4593032420787
217,2562012,793905,589093,320064,3707,159265,160799,60807,29833,30974,728201,539586,188615,363111,365090,1833811,338666,26049,2119262,436057,2463,0.010577624148520773,167,133,28,3631,31193,69375,33596,248009,89316,32551,48075,10885,4639,36327,596,1022,458,1480,229,9,238,12,20,32,25,2370,Bihar,Gopalganj,26.44874364161851,84.34636127167629,1021.0,53.98093373489273,63.0,46.0,17.0,15.0,43.0,28.0,0.1446909694412048,2.0,1248570,5.556356471803744,1.0548523206751055,25.14767932489452,28.42301285083754,46.50721435427856,50.1358828125751,12.492681533107573,2.3734080870815593,82.71866017801635,17.020099827791597,0.09613538109891757,0.0065183145121880766,0.005191232515694696,0.0010928910559357256,0.14172455086080782,2.6907582274121595,0.37154504753437934,19.86344377968396
218,3330464,1115906,814269,386685,3834,195965,190720,87000,43472,43528,932416,730396,202020,462104,470312,2398048,376344,31244,2712635,608282,2618,0.011079537265678296,407,359,86,5708,42384,52935,37833,323877,114884,41033,61005,13821,6151,45113,734,1292,596,1888,318,9,327,13,21,34,32,3014,Bihar,Siwan,26.1736372013652,84.33766552901022,988.0,57.95513778260326,67.0,49.0,18.0,12.0,44.0,32.0,0.11511909451655987,6.0,714908,7.404449243818785,1.06171201061712,24.35301924353019,27.996579455595377,40.36224174617338,50.4401468872263,11.610544356582146,2.612248623615208,81.44916143816597,18.26418180770007,0.07860766547844383,0.01222051942311942,0.010779278803193789,0.0025822227773667572,0.1713875303861564,5.292009601235403,0.860390427859249,45.30331175479922
219,3951862,1285767,871687,474066,4509,242976,231090,36786,18322,18464,1040231,857660,182571,545520,494711,2911631,493461,42103,3534772,406449,2330,0.009387979640989487,229,322,107,7282,51822,94787,37442,384243,132367,47458,70773,16311,7004,54359,892,1553,726,2279,355,19,374,27,43,70,52,3667,Bihar,Saran,25.89656077844312,84.82266287425155,954.0,54.59335371528662,64.0,45.0,19.0,9.0,42.0,33.0,0.11409811374992346,9.0,589666,16.07469313136589,1.418052904281429,24.32506135805836,26.32255377338581,47.43763644805817,47.557802065118224,11.996016055216502,0.9308523425160089,89.44573469417708,10.284999830459666,0.05895954868869409,0.005794736759532595,0.008148057801613519,0.0027075844247597715,0.1842675680476697,6.3496962687351814,1.1877910545970092,65.16282098679591
220,3495021,1152576,774164,738031,4810,387827,350204,2274,1232,1042,1060344,858648,201696,716006,344338,2434677,502637,36958,3152346,333980,2203,0.020228776880024467,362,246,71,5106,47300,70001,39564,435592,112105,30410,41647,8375,2862,43282,773,1254,573,1827,240,12,252,17,27,44,35,2930,Bihar,Vaishali,25.8134703180212,85.39247597173153,895.0,55.12813799974307,62.0,47.0,15.0,12.0,47.0,35.0,0.13762435189945926,8.0,566590,12.354789177359288,1.1945392491467577,26.38225255972696,30.338701827542668,47.40320122526274,32.47417819122851,21.116639928629898,0.06506398673999383,90.19533788208997,9.55587963563023,0.06303252541257978,0.010357591556674482,0.007038584317519122,0.0020314613274140555,0.14609354278557984,6.9828270883707795,0.5051271642634003,76.87957782523517
221,4261566,1293575,849305,803128,5379,417944,385184,1884,975,909,1343400,1037576,305824,907433,435967,2918166,721629,47917,3800598,452370,2126,0.012999915993322642,292,231,112,5283,46123,88021,50918,657647,102513,21642,27676,4775,1259,62517,1005,1534,661,2195,248,6,254,8,13,21,23,3500,Bihar,Samastipur,25.793205563909765,85.94833323308269,911.0,50.28386278659066,58.0,42.0,16.0,15.0,47.0,32.0,0.12622120600736914,5.0,889628,9.894135526309872,0.6571428571428571,28.714285714285715,31.523623006190682,53.71661456007146,32.45250856036922,18.845842115316294,0.044209100598230786,89.18313127146217,10.61511190956564,0.049887764263184,0.006851941281679083,0.005420542589273521,0.0026281418614659494,0.12396851298325545,5.723515896532034,0.1415198262644611,73.92381984379988
222,2970541,918507,630166,432270,4644,227481,204789,1597,848,749,938182,715345,222837,591811,346371,2032359,430870,58167,2554330,407348,2209,0.013532888453652046,229,276,57,5690,49493,120373,43127,473100,59643,12420,16403,2970,1013,46964,751,1029,447,1476,92,5,97,5,8,13,18,2354,Bihar,Begusarai,25.54302613168723,86.12560144032932,895.0,52.13437552284247,59.0,45.0,14.0,16.0,46.0,30.0,0.15633515915114451,7.0,760262,15.833094380621418,0.7646559048428208,31.90314358538658,31.58286655528404,45.926056991074226,36.91938237996465,14.55189475587107,0.05376125089672218,85.98871384034086,13.712922999547894,0.07436355869183425,0.007709033472354026,0.00929123684877603,0.0019188423926820063,0.19154760025194065,5.672649691816768,0.13324353972709407,62.22854752703674
223,1666886,461153,306875,247161,1580,130191,116970,675,352,323,560805,398216,162589,306283,254522,1106081,325731,20816,1486989,175588,1253,0.008578871020573692,79,86,115,2633,15401,40641,21654,269846,29736,4781,6121,1043,297,21998,406,535,245,780,28,5,33,7,11,18,16,1254,Bihar,Khagaria,25.53558891454964,86.56593256351037,886.0,46.07561644887533,52.0,39.0,13.0,21.0,45.0,24.0,0.09478752596158345,6.0,257274,15.796776977075025,1.2759170653907497,32.37639553429027,33.64387246638342,58.08275603819509,45.38511603855173,14.827708673538561,0.04049467090130939,89.20760027980317,10.53389373958387,0.07517010761383802,0.004739376298079173,0.005159321033352011,0.006899092079482341,0.1579592125676261,8.416707479185616,0.11544112502623662,104.88661893545404
224,3037766,937669,635397,318569,6764,169667,148902,67180,35545,31635,983528,740056,243472,534129,449399,2054238,475228,60461,2487866,537098,3556,0.01366135508791658,180,1050,32,7569,63241,174534,46929,430436,71666,14964,19816,3692,1160,41388,667,1127,593,1720,215,30,245,42,69,111,70,2814,Bihar,Bhagalpur,25.277192885375477,87.04213814229242,880.0,51.78364627163514,58.0,45.0,13.0,17.0,46.0,29.0,0.22266362846907894,14.0,445838,39.14740331689986,2.4875621890547266,23.702914001421462,32.376687341948,48.31870572063022,45.69254764480523,10.486949949403607,2.2114935778463516,81.89788153531246,17.68069034942125,0.11705970769308761,0.0059254070260843,0.03456487431882509,0.0010534056935260978,0.2491633654468448,10.526020662213629,0.26018419246452745,96.54538195488047
225,2034763,590961,374360,247858,1704,129663,118195,90432,45901,44531,771080,517817,253263,374097,396983,1263683,462614,26680,1772655,250925,6138,0.00683126241237923,113,94,1035,3664,15459,62359,22300,272892,63056,14195,18917,3613,1109,25148,510,764,325,1089,112,4,116,5,8,13,10,1738,Bihar,Banka,24.832355642023337,86.8664916342413,907.0,47.44144649770023,55.0,39.0,16.0,26.0,49.0,23.0,0.08374439676758423,2.0,726372,8.584995016327722,0.5753739930955121,29.344073647871117,37.895322452786885,59.995590600197126,51.48402241012606,12.181172942499938,4.444350521412075,87.11849979579931,12.331903027527039,0.30165675314520657,0.005553472320855057,0.004619702638587393,0.05086587479721225,0.18007011135940648,3.070052259723668,0.15267658995666133,37.56917942872247
226,1367765,473741,328076,183846,2653,97195,86651,21404,10995,10409,426658,327453,99205,233402,193256,941107,196449,16690,1252319,110416,1815,0.024711847429931308,95,145,61,2576,49141,90461,17946,199555,33704,6965,9066,1638,463,21424,287,554,307,861,137,20,157,29,46,75,42,1424,Bihar,Munger,25.198537962962963,86.54173672839504,876.0,58.62242417374329,65.0,51.0,14.0,16.0,45.0,29.0,0.19396606873256736,10.0,513513,17.6161070897913,2.9494382022471908,20.154494382022474,31.193808877987085,46.0436696370395,45.29529506068092,13.44134409054187,1.564888705296597,91.55951497516021,8.072731792376613,0.13269823398025246,0.006945637591252883,0.010601236323491242,0.004459830453330799,0.1883364466849203,3.494750863171916,0.0901632480579849,38.86074938706518
227,1000912,305182,202088,153209,1186,80069,73140,8333,4247,4086,326576,240494,86082,201866,124710,674336,159970,13546,956396,40886,487,0.013987243633805968,52,78,52,2821,12938,44491,8862,101792,30165,9874,14340,3109,1357,18133,222,376,181,557,75,8,83,11,17,28,15,904,Bihar,Lakhisarai,25.183449321266963,86.12825701357468,902.0,50.68077912943396,58.0,43.0,15.0,18.0,46.0,28.0,0.1184919353549563,2.0,545025,8.163111783863124,1.6592920353982303,24.557522123893804,32.627843406812985,48.98400372348243,38.18712948900103,15.30694007065556,0.832540722860751,95.55245615998209,4.084874594369935,0.04865562606902505,0.005195261921127931,0.007792892881691897,0.005195261921127931,0.2818429592211903,1.6259804596119445,0.24897940461446724,18.676574469061052
228,636342,196431,132245,131115,631,67582,63533,617,305,312,224655,151569,73086,148002,76653,411687,109696,9917,596102,37653,313,0.011786115013624749,41,43,31,2084,6803,20065,8873,61869,21544,7777,11485,2536,1172,8850,153,231,116,347,30,5,35,7,12,19,12,565,Bihar,Sheikhpura,25.12472436548223,85.77839390862943,930.0,51.65084184290837,60.0,43.0,17.0,24.0,46.0,22.0,0.09916051431462956,2.0,352151,5.697839847111041,2.1238938053097343,27.079646017699115,35.304128911811574,48.8286483719481,34.12031782065834,20.604486266818785,0.09696043951208627,93.67635642468987,5.917101181440168,0.049187386656860614,0.0064430762074481965,0.0067573726078115235,0.004871594205631563,0.32749684917858635,2.5196577604493524,0.33281177676621676,17.568883802686916
229,2877653,919558,600375,607672,4156,315240,292432,1442,728,714,1045420,703405,342015,740949,304471,1832233,534021,52585,2669775,198033,1978,0.01365696280962298,414,561,64,6435,43761,101378,43848,297609,99650,32597,46830,10089,4144,43233,624,1064,523,1587,216,22,238,31,51,82,48,2578,Bihar,Nalanda,25.229345508982053,85.48053113772461,922.0,52.818494794195125,61.0,43.0,18.0,25.0,47.0,22.0,0.14442325047530055,7.0,607079,16.699309315591545,1.8619084561675718,24.204809930178435,36.32891109525714,51.081957490769256,29.12427541083966,21.11693105457816,0.05011028084345124,92.77612693399794,6.8817539849314695,0.06873657108761898,0.01438672418112955,0.019495053781675552,0.002224034656020027,0.2236197345545137,7.22278319625617,0.6826129712936867,49.02310901876032
230,5838465,2028047,1431632,920918,40692,482088,438830,9069,4717,4352,1881886,1436411,445475,1371267,510619,3956579,658203,85349,5356075,439952,12551,0.08226477336080631,1062,2151,203,21668,321307,546859,132582,609661,183921,60090,86592,18736,7766,77267,1091,2325,1877,4202,692,129,821,180,293,473,476,7065,Bihar,Patna,25.40297114503818,85.3198433587787,897.0,59.25665393215511,66.0,52.0,14.0,16.0,47.0,31.0,0.6969640136576994,34.0,951128,57.49583652252904,6.737438075017693,15.442321302193914,32.23254742470838,34.975710537195134,27.13336514539138,15.773289725981057,0.15533192371625076,91.73772558369366,7.5354052820390285,0.21497088703965853,0.018189712535743557,0.03684187539019246,0.0034769412850809245,0.3711249446558299,13.939448738760712,0.8165041929162006,64.09873329352097
231,2728407,973486,625665,425402,3661,222716,202686,13977,7363,6614,822493,640283,182210,512009,310484,1905914,364875,47985,2518216,197819,2165,0.019938374296796627,647,1472,48,7496,45763,62153,34658,228026,94321,36903,58276,13900,7473,34932,602,1068,535,1603,243,21,264,30,48,78,53,2600,Bihar,Bhojpur,25.50666439393939,84.49407803030304,907.0,58.61116028510409,68.0,48.0,20.0,14.0,45.0,31.0,0.13418086084664055,6.0,785099,7.9165812209670365,2.0384615384615383,23.153846153846153,30.145539136939615,44.36207967727385,37.74913585890701,15.591588791554924,0.5122769440189825,92.29620067680519,7.250347913636052,0.07935033153044982,0.023713470900785696,0.05395089515603794,0.001759268320305585,0.27473906935438885,4.414475117150831,0.9518544794987639,29.04423518562627
232,1706352,593544,396263,251737,1784,131821,119916,26824,14102,12722,538322,402180,136142,328547,209775,1168030,251790,26122,1591454,105423,2125,0.014533929693287201,5090,97,57,1858,27362,46760,19324,144919,59439,23401,37653,9136,5116,20387,392,653,313,966,135,8,143,12,19,31,25,1556,Bihar,Buxar,25.48593018867924,84.08808081760995,922.0,58.00719898356259,67.0,48.0,19.0,17.0,45.0,28.0,0.10455052650332405,4.0,665706,7.024121759455375,1.6066838046272494,25.19280205655527,31.54812137237803,46.773120920192746,38.968312645591304,14.75293491612516,1.5720085890836122,93.26645381492213,6.178268024417002,0.12453467983159394,0.2982971860436768,0.005684641855842171,0.003340459647247461,0.10888726358922425,2.9027829101735603,0.7685074191910544,21.769219445220564
234,2959918,1061783,738049,549546,4594,286596,262950,31650,16399,15251,924879,707939,216940,542439,382440,2035039,405544,48512,2645415,300487,2889,0.08679294493969089,1584,252,537,6185,41659,114893,36279,260042,103275,37743,58724,13663,7318,33837,299,588,363,951,167,20,187,28,45,73,46,1555,Bihar,Rohtas,24.99170460829495,83.9350762672811,918.0,60.806819648382145,69.0,52.0,17.0,15.0,46.0,31.0,0.15520700235614635,4.0,971458,11.826862303877265,2.9581993569131835,19.228295819935692,31.246777782357483,43.848330430250876,41.3502739277246,18.566257578757252,1.069286378879415,89.37460429647037,10.151869072048617,0.09760405524747645,0.053514996023538486,0.008513749367381123,0.018142394485252632,0.20895849141766765,3.734489808102872,0.7533007088314677,26.768218492204497
235,2540073,868733,597269,612064,2362,316161,295903,1033,500,533,837770,599157,238613,480286,357484,1702303,426096,40652,2291133,237353,2218,0.011613839444771863,334,775,19,7946,24106,44456,31168,221195,88642,32349,49556,11594,5613,27729,585,940,435,1375,170,12,182,17,27,44,29,2215,Bihar,Aurangabad,24.774291867469877,84.45986024096379,926.0,57.71495543632014,66.0,49.0,17.0,20.0,45.0,25.0,0.09298945345271573,5.0,451528,9.845679559185697,1.3092550790067718,26.410835214446955,32.98212295473398,50.8607374339019,42.67090012772002,24.09631534211812,0.04066812253033673,90.19949426650336,9.344337741474359,0.08732032504577623,0.013149228388317974,0.030510934134570147,0.0007480099981378487,0.3128256550107024,6.902783437571978,1.2431122765365603,48.9881026204355
235,2540073,868733,597269,612064,2362,316161,295903,1033,500,533,837770,599157,238613,480286,357484,1702303,426096,40652,2291133,237353,2218,0.011613839444771863,334,775,19,7946,24106,44456,31168,221195,88642,32349,49556,11594,5613,27729,585,940,435,1375,170,12,182,17,27,44,29,2215,Maharashtra,Aurangabad,20.0979228832952,75.32072196796334,926.0,57.71495543632014,66.0,49.0,17.0,20.0,45.0,25.0,0.09298945345271573,4.0,629381,7.063448054517058,1.3092550790067718,26.410835214446955,32.98212295473398,50.8607374339019,42.67090012772002,24.09631534211812,0.04066812253033673,90.19949426650336,9.344337741474359,0.08732032504577623,0.013149228388317974,0.030510934134570147,0.0007480099981378487,0.3128256550107024,4.952167288176796,0.8918286379792209,35.14484866877138
236,4391418,1368803,928810,1334351,6856,683943,650408,3098,1635,1463,1664062,1076170,587892,1007057,657005,2727356,783505,87178,3876395,488121,3943,0.020790551024748725,870,1723,108,19345,57738,112617,57011,396876,161407,57349,87698,20540,9809,44524,979,1650,813,2463,330,32,362,45,73,118,75,3998,Bihar,Gaya,24.7266541547278,84.94291217765044,937.0,52.32052608064184,60.0,44.0,16.0,28.0,47.0,19.0,0.15612269203250523,6.0,1006670,11.187082161979596,1.8759379689844924,24.487243621810904,37.893500459304946,47.083882691870855,39.482002473465535,30.385424480202065,0.07054668901935549,88.2720569984456,11.115339054492193,0.089788765268986,0.019811368446365163,0.03923561819895077,0.0024593422898936063,0.4405183018332575,5.663325618127092,0.9744007470173941,39.42463766676269
237,2219146,659474,431538,565112,1841,290050,275062,2045,997,1048,817041,539439,277602,508509,308532,1402105,397505,40018,1964620,244394,1299,0.01126559496310743,176,279,80,8048,20522,31162,28411,194211,80648,31140,48312,11542,5630,23578,561,820,374,1194,98,10,108,14,23,37,22,1924,Bihar,Nawada,24.825708836206903,85.61594568965519,939.0,49.163597167559054,58.0,40.0,18.0,26.0,47.0,21.0,0.08295984130832311,3.0,761640,4.09143427341001,1.1434511434511436,29.158004158004157,36.81781189700903,48.65178124476006,37.76211964883035,25.465291603166264,0.09215256679821877,88.53045270568047,11.01297526165471,0.058536031428306205,0.007930978854027632,0.012572403978827891,0.0036049903881943774,0.36266203305235434,3.73024000840292,0.7391943700435901,25.499054671498346
238,1760405,534385,324203,302649,1839,155849,146800,78793,40185,38608,727571,452288,275283,445352,282219,1032834,331466,105637,1525746,217621,8443,0.009202427850409423,159,87,3438,4749,12984,32633,22414,203766,54928,17180,24953,5531,2242,24644,396,654,291,945,130,7,137,9,15,24,14,1516,Bihar,Jamui,24.78418380462726,86.26316298200514,922.0,48.77218594584769,58.0,38.0,20.0,33.0,49.0,16.0,0.10446459763520327,3.0,395759,8.245674766714087,0.9234828496042217,26.121372031662272,41.329750824384156,45.55789057012993,38.78920407767764,17.192009793200995,4.47584504702043,86.67016964846157,12.36198488416018,0.4796055453148565,0.009032012519846287,0.004942044586330987,0.19529596882535552,0.2697674682814466,5.663547765180325,0.566506383935678,51.48739510661792
239,1125313,374412,244469,222974,1106,115034,107940,1285,667,618,365378,266423,98955,251690,113688,759935,179519,15075,1045117,75742,691,0.013151896405711122,248,60,58,3249,15507,27641,11302,108063,39854,14343,21132,4802,1987,12597,248,408,190,598,81,5,86,6,10,16,13,960,Bihar,Jehanabad,25.155679045643165,84.9208124481328,922.0,54.99634323961422,64.0,45.0,19.0,18.0,45.0,27.0,0.09828376638321962,2.0,755064,3.660749287477618,1.3541666666666667,25.833333333333336,32.46901084409404,49.13240534460203,31.11517387472699,19.81439830518265,0.11419045190093778,92.87344943140265,6.730749578117377,0.061405137948286385,0.022038312896056473,0.005331849894207212,0.0051541215644003045,0.2887196717713205,1.4968267590561861,0.26315650064100526,14.311766949556596
245,49977,17720,8353,0,96,0,0,34811,16770,18041,28561,19554,9007,24430,4131,21416,1581,114,11842,787,776,2.3290713728315025,34920,72,349,67,3794,8635,494,6239,323,19,21,2,0,2894,52,161,70,231,28,21,49,6,6,12,4,348,Arunachal Pradesh,Tawang,27.680683962264148,91.82504245283016,714.0,52.169998199171616,61.0,40.0,21.0,43.0,67.0,24.0,0.1920883606458971,1.0,339507,2.5433938033678243,1.1494252873563218,14.942528735632186,57.14828821257778,5.535520464969714,14.463779279436995,0.0,69.65404085879504,23.694899653840768,1.5747243732116774,1.5527142485543348,69.87214118494508,0.14406627048442283,0.6983212277647718,0.13406166836744904,0.14550510004211992,0.0,1.8376646136898502
246,83947,29566,18926,0,202,0,0,46380,22771,23609,42493,28313,14180,34752,7741,41454,1705,801,31265,1970,8466,0.390722717905345,36087,71,5556,204,7133,14188,887,11500,1003,105,132,22,5,3770,52,161,70,231,28,21,49,6,6,12,4,348,Arunachal Pradesh,West Kameng,27.46486582278483,92.65015750452083,819.0,57.76501840446948,64.0,50.0,14.0,38.0,61.0,23.0,0.24062801529536496,1.0,543115,2.6123380867772017,1.1494252873563218,14.942528735632186,50.61884284131655,4.01242557597722,18.217118113571647,0.0,55.24914529405458,37.24373711984943,2.346718763029054,10.084934542032473,42.9878375641774,0.0845771736929253,6.618461648421027,0.24301047089234873,0.16331716119053977,0.0009206153392927834,2.1174152803734017
247,78690,21599,16850,0,57,0,0,72400,35266,37134,31710,16424,15286,27123,4587,46980,1063,273,12333,652,37136,0.045749142203583684,452,23,27868,190,3583,5318,885,11366,1396,217,266,38,11,1582,52,161,70,231,28,21,49,6,6,12,4,348,Arunachal Pradesh,East Kameng,27.371194055944056,93.04741486013997,1029.0,48.861354682933026,56.0,42.0,14.0,38.0,42.0,4.0,0.07243614182234083,1.0,428088,1.2422679449085234,1.1494252873563218,14.942528735632186,40.29736942432329,3.352254809208451,14.46546830652791,0.0,92.0066082094294,15.672893633244378,0.8285677976871266,47.19278180200788,0.5744058965561062,0.02922861863006735,35.41491930359639,0.24145380607446942,0.20673319504400964,0.002569565136140233,2.655061576124535
248,176573,65794,55254,0,2477,0,0,117216,56469,60747,65772,41263,24509,51157,14615,110801,1859,1543,57027,6148,84397,0.17556478057234118,4768,139,22586,1198,22966,30539,7418,24776,2474,435,559,86,38,5667,68,193,192,385,64,41,105,21,25,46,40,644,Arunachal Pradesh,Papum Pare,27.273529716981127,93.54468183962264,980.0,68.55408244748631,74.0,63.0,11.0,28.0,46.0,18.0,1.4028192305731908,6.0,401998,7.596803964198827,6.211180124223603,10.559006211180124,37.24918305743234,2.826430699993918,22.22070181840297,0.0,66.38387522441144,32.296557231286776,3.4818460353508183,47.797228341818965,2.7002995928029767,0.0787209822566304,12.791310109699673,0.6784729262118218,1.8452828123523002,0.009452783347180832,6.163214742361902
249,83448,24807,20471,0,139,0,0,78323,38570,39753,33370,17898,15472,25717,7653,50078,1846,481,13474,521,8779,0.03355382993001629,297,11,59449,889,3123,5373,750,12018,1285,167,227,41,19,2011,52,161,70,231,28,21,49,6,6,12,4,348,Arunachal Pradesh,Upper Subansiri,28.277196566523585,93.8991435622318,998.0,54.25893969897421,59.0,49.0,10.0,37.0,43.0,6.0,0.16657079858115234,1.0,343724,1.5631727781592208,1.1494252873563218,14.942528735632186,39.98897517016585,5.531914893617021,22.933772849865147,0.0,93.85845077173809,16.146582302751415,0.624340906912089,10.52032403412904,0.3559102674719586,0.013181861758220689,71.24077269676926,1.0653341002780174,0.21819832190943894,0.005527690821705788,3.49640991027685
250,112274,36777,27969,0,303,0,0,92783,45746,47037,49177,29156,20021,43000,6177,63097,1384,298,15881,2218,29969,0.5139212996775745,3311,49,60005,264,6115,14204,1300,13982,2874,493,631,108,30,2987,52,161,70,231,28,21,49,6,6,12,4,348,Arunachal Pradesh,West Siang,28.106296920289843,94.53510344202908,930.0,57.66784829969539,63.0,52.0,11.0,37.0,50.0,13.0,0.26987548319290305,1.0,936134,1.517304146628581,1.1494252873563218,14.942528735632186,43.800879990024406,2.8143237692417187,12.56074994407955,0.0,82.63979193758128,14.144859896325062,1.9755241640985446,26.692733847551526,2.949035395550172,0.04364322995528796,53.445143131980686,0.23513903486114326,0.1388690080693576,0.0032046694169851754,1.4935895929428906
251,99214,34210,28366,0,450,0,0,69979,34533,35446,40222,23591,16631,33578,6644,58992,3565,493,27854,2289,18254,0.06954663656338823,776,30,49393,549,4866,14231,1582,13537,2123,358,446,62,26,2989,68,193,192,385,64,41,105,21,25,46,40,644,Arunachal Pradesh,East Siang,28.15382352941176,95.06499226006191,980.0,63.07174390710988,68.0,58.0,10.0,34.0,47.0,13.0,0.45356502106557545,0.0,1243825,1.1441320121399714,6.211180124223603,10.559006211180124,40.54064950511017,8.863308637064293,16.518323305653624,0.0,70.53339246477312,28.074666881690085,2.307134073820227,18.39861309895781,0.782147680770859,0.03023766807103836,49.78430463442659,0.553349325700002,0.1271883102526481,0.0020903262114847347,1.0883363817257252
252,35320,10723,7472,0,97,0,0,28468,14413,14055,17644,9968,7676,14524,3120,17676,804,591,5261,411,5643,0.07644394110985277,2577,7,20967,427,1504,6198,392,4865,631,66,87,15,6,1603,52,161,70,231,28,21,49,6,6,12,4,348,Arunachal Pradesh,Upper Siang,28.8309244897959,95.00155765306124,889.0,51.514722536806346,57.0,45.0,12.0,46.0,53.0,7.0,0.2746319365798415,1.0,166000,3.733734939759036,1.1494252873563218,14.942528735632186,49.954699886749715,4.5567898435728855,17.6830650646112,0.0,80.60022650056625,14.89524348810872,1.1636466591166479,15.976783691959229,7.296149490373725,0.019818799546998868,59.36296715741789,1.208946772366931,0.236144578313253,0.003614457831325301,2.930722891566265
253,148226,44027,29147,0,170,0,0,53878,27061,26817,62966,39329,23637,50765,12201,85260,4208,496,47683,2134,35969,0.06341667453753053,50381,95,11738,132,4762,14593,1486,21057,3081,422,483,53,8,3807,52,161,70,231,28,21,49,6,6,12,4,348,Arunachal Pradesh,Changlang,27.36048479338845,96.37552644628106,926.0,49.3665079000985,57.0,41.0,16.0,33.0,51.0,18.0,0.11468973054659776,1.0,856964,1.7028719992905186,1.1494252873563218,14.942528735632186,42.4797269035122,6.6829717625385126,19.377124162246293,0.0,36.348548837585845,32.16912012737306,1.4396934410967037,24.266323047238675,33.989313615694954,0.06409132001133404,7.918988571505674,0.08905320254206414,0.17340285006137945,0.0009335281295363633,2.4571627279559
254,111975,29313,18661,0,98,0,0,98372,49365,49007,50169,27545,22624,44262,5907,61806,1811,836,20682,1103,83361,0.05447644563518643,778,43,5325,622,3104,16026,888,13124,3072,482,565,71,12,2724,52,161,70,231,28,21,49,6,6,12,4,348,Arunachal Pradesh,Tirap,26.94406229508198,95.41470327868862,944.0,42.843491850859564,51.0,34.0,17.0,42.0,48.0,6.0,0.08751953561062738,0.0,1088786,1.471914591113405,1.1494252873563218,14.942528735632186,44.80375083724046,3.6097988797863225,11.77420319320696,0.0,87.85175262335343,18.470194239785666,0.9850413038624692,74.44608171466845,0.6947979459700826,0.038401428890377315,4.755525787006029,0.5554811341817371,0.0815587268756211,0.0011021449577786635,1.2053792021572651
255,83030,29470,24587,0,381,0,0,72911,35803,37108,30202,17339,12863,22669,7533,52828,1968,435,9551,1482,34402,0.03251836685535348,193,13,37085,277,4211,12493,1598,10649,1513,260,358,77,21,2614,52,161,70,231,28,21,49,6,6,12,4,348,Arunachal Pradesh,Lower Subansiri,27.70849297297297,93.96226108108112,984.0,65.1053835962905,70.0,60.0,10.0,31.0,41.0,10.0,0.45887028784776585,1.0,600102,2.081812758497722,1.1494252873563218,14.942528735632186,36.374804287606885,6.5161247599496726,24.942056817429307,0.0,87.81283873298807,11.503071179091895,1.7848970251716247,41.433216909550765,0.23244610381789715,0.015656991448873902,44.66457906780681,0.33361435625677466,0.2662880643623917,0.003499405101132807,1.7745316629506316
256,92076,20258,16348,0,95,0,0,90764,44459,46305,38044,18429,19615,24372,13672,54032,2947,833,4859,471,51189,0.046700551718145876,121,81,34158,1154,586,3911,969,12003,2146,329,403,52,22,1410,52,161,70,231,28,21,49,6,6,12,4,348,Arunachal Pradesh,Kurung Kumey,28.04853351800553,93.24531994459834,1032.0,39.756288283591815,45.0,35.0,10.0,42.0,41.0,-1.0,0.10317563751683391,0.0,703274,0.5561132645313206,1.1494252873563218,14.942528735632186,41.318041617793995,7.746293765114079,35.93733571653874,0.0,98.57509014292542,5.277162344150485,0.5115339502150398,55.594291672096965,0.13141318041617794,0.08797080672487945,37.09761501368435,1.2533124809939615,0.13778413534411907,0.0031282259830450153,1.7067316579313325
258,54080,18087,13762,0,207,0,0,25974,12649,13325,22326,14102,8224,19829,2497,31754,3354,233,28915,2247,9213,0.06102071005917159,2932,19,10393,328,3068,5932,742,7625,977,116,151,26,9,2130,52,161,70,231,28,21,49,6,6,12,4,348,Arunachal Pradesh,Lower Dibang Valley,28.32651730103806,95.76567335640142,928.0,58.89238165680474,64.0,53.0,11.0,32.0,50.0,18.0,0.3827662721893491,1.0,445150,1.332584522071212,1.1494252873563218,14.942528735632186,41.283284023668635,15.022843321687718,11.184269461614262,0.0,48.02884615384615,53.46708579881657,4.154955621301775,17.03587278106509,5.421597633136095,0.035133136094674555,19.21782544378698,0.606508875739645,0.1666853869482197,0.002021790407727732,1.7129057621026618
259,145726,48380,34682,0,312,0,0,47410,23457,23953,60945,38910,22035,50754,10191,84781,7789,786,99020,3846,10684,0.1441060620616774,24452,104,7277,133,6549,17157,1471,21917,2652,386,447,50,11,4391,52,161,70,231,28,21,49,6,6,12,4,348,Arunachal Pradesh,Lohit,27.946785273972623,96.59670770547945,912.0,56.998751080795465,63.0,50.0,13.0,32.0,51.0,19.0,0.21410043506306353,1.0,798596,2.1483954339866465,1.1494252873563218,14.942528735632186,41.82163786832823,12.780375748625811,16.721634260398723,0.0,32.53365905878155,67.94943935879665,2.639199593758149,7.331567462223624,16.779435378724454,0.07136681168768785,4.993618160108697,0.09126717263906235,0.18419826796027028,0.0013774173674799273,2.7444414948234153
261,250260,67432,52194,0,178,0,0,238285,124343,113942,147654,79425,68229,104981,42673,102606,10836,1608,8102,3444,236494,0.033565092304003834,1256,314,1,565,1080,14398,2844,33129,3305,370,418,44,4,4495,79,210,42,252,33,3,36,4,6,10,5,381,Nagaland,Mon,26.69207374301676,95.03072988826828,899.0,47.80068728522337,51.0,44.0,7.0,58.0,60.0,2.0,0.07112602892991289,0.0,738070,1.9507634777189156,1.3123359580052494,20.73490813648294,59.00023975065931,7.338778495672315,28.9006731954434,0.0,95.21497642451851,3.237433069607608,1.3761687844641575,94.49932070646527,0.5018780468312954,0.12546951170782386,0.00039958443219052184,0.22576520418764487,0.38532930480848704,0.0005419540152018102,4.488598642405192
262,194622,83479,76015,0,537,0,0,178431,90567,87864,100067,57084,42983,81046,19021,94555,9166,3798,9840,2057,181847,0.04007768905879089,442,66,6,286,7236,40154,2728,32371,1393,76,91,13,2,8489,53,169,63,232,32,5,37,6,10,16,8,346,Nagaland,Mokokchung,26.478911764705888,94.522426006192,925.0,81.95065306080505,83.0,81.0,2.0,46.0,56.0,10.0,0.2759194746739834,1.0,510278,7.869043932914998,2.312138728323699,15.31791907514451,51.416078346743944,9.159862891862453,19.00826446280992,0.0,91.68079662114252,5.055954619724388,1.056920594794011,93.435993875307,0.2271069046664817,0.03391189074205382,0.0030828991583685297,0.14695152654889992,0.53461054562415,0.00039194321526697207,6.343796910703577
263,140757,53504,49377,0,261,0,0,136561,68071,68490,79466,41178,38288,49382,30084,61291,11955,2025,2580,772,136995,0.027707325390566723,286,6,2,77,1433,28846,2008,24291,605,69,83,12,2,5354,36,132,56,188,25,8,33,7,11,18,1,275,Nagaland,Zunheboto,26.028178205128206,94.50026666666668,976.0,73.09121393607423,75.0,71.0,4.0,55.0,58.0,3.0,0.1854259468445619,0.0,470697,6.128358583122476,0.36363636363636365,13.090909090909092,56.456162038122436,15.044169833639545,37.85770014849118,0.0,97.01897596567134,1.8329461412221062,0.5484629538850644,97.32730876617148,0.20318705286415598,0.004262665444702573,0.0014208884815675243,0.05470420654034968,0.4266014017510203,0.0004249017945727293,5.160644745983085
264,166343,67385,60823,0,198,0,0,156621,78816,77805,78412,42096,36316,63512,14900,87931,6438,1965,5605,2043,158236,0.02043969388552569,318,8,20,79,3228,25268,1757,27684,916,128,147,19,0,4522,42,161,78,239,30,12,42,14,20,34,0,359,Nagaland,Wokha,26.202611551155112,94.1990815181518,968.0,77.07447863751405,80.0,74.0,6.0,44.0,50.0,6.0,0.11903115850982607,0.0,1002713,2.5199633394600447,0.0,11.699164345403899,47.13874343976001,8.210477988063051,19.002193541804825,0.0,94.1554498836741,3.369543653775632,1.2281851355332056,95.12633534323656,0.19117125457638734,0.004809339737770751,0.012023349344426877,0.04749222991048617,0.17522461561782882,0.0,2.7609096521138152
265,378811,150142,127895,0,3303,0,0,223989,110892,113097,151350,99645,51705,122358,28992,227461,8990,5073,108900,31212,234239,0.14941487971574216,1270,2148,157,319,42378,71413,12077,60448,3198,463,570,86,21,12516,52,213,308,521,100,46,146,31,43,74,74,866,Nagaland,Dimapur,25.814176811594223,93.75074057971014,919.0,73.39728782955089,76.0,70.0,6.0,29.0,50.0,21.0,0.8719387768570607,4.0,1119394,6.379612540356658,8.545034642032332,6.0046189376443415,39.95396121020773,5.939874463164849,19.15559960356789,0.0,59.12948673612962,28.74784523152707,8.23946506305255,61.83532157197125,0.3352595357579374,0.5670373880378342,0.04144547016850092,0.0842108597691197,1.0788873265356076,0.0018760150581475334,5.40006467785248
266,163418,57926,47967,0,170,0,0,157146,79536,77610,80277,41556,38721,63645,16632,83141,3159,1275,3563,950,158224,0.0189697585333317,350,17,198,85,2073,36182,1558,27634,248,23,27,3,1,9982,35,112,37,149,22,3,25,3,5,8,3,219,Nagaland,Phek,25.63272986577182,94.56814563758392,951.0,64.79885936677722,69.0,60.0,9.0,49.0,50.0,1.0,0.10402770808601255,0.0,554058,6.530363247169069,1.36986301369863,15.981735159817351,49.123719541298996,3.9351246309652823,20.71826301431294,0.0,96.16198949932077,2.1802983759438987,0.5813313098924231,96.82164755412501,0.21417469311826115,0.010402770808601256,0.12116168353547344,0.05201385404300628,0.2811979973215801,0.0001804865194618614,4.987564478809078
267,196596,63653,53858,0,155,0,0,190916,98212,92704,98154,52931,45223,73518,24636,98442,3913,1104,2979,1052,191864,0.013733748397729353,572,5,1,96,773,24998,2251,31260,1005,122,136,10,4,6586,35,116,40,156,23,2,25,3,4,7,4,228,Nagaland,Tuensang,26.21104453280316,94.85809880715708,929.0,59.77283362835459,62.0,57.0,5.0,48.0,52.0,4.0,0.07884188894992776,0.0,674372,3.7068561565426794,1.7543859649122806,15.350877192982457,49.92675334187878,3.986592497503923,25.09933370010392,0.0,97.1108262629962,1.5152902398828054,0.5351075301633808,97.59303342896092,0.29095200309263664,0.002543286740320251,0.00050865734806405,0.04883110541414881,0.33379203169763866,0.0005931444366017569,4.6354237720427305
270,267988,107038,90451,0,1928,0,0,224738,110617,114121,114825,68140,46685,99408,15417,153163,2198,2072,25496,4384,234955,0.37240473454035256,1519,80,335,221,20712,50724,7982,37269,1116,256,288,28,4,13463,59,218,190,408,90,24,114,19,26,45,51,677,Nagaland,Kohima,25.60311428571428,93.78600657596373,928.0,73.69322506977925,77.0,70.0,7.0,36.0,49.0,13.0,0.7194351985909817,3.0,777622,6.522963599280884,7.533234859675036,8.714918759231907,42.847067779154294,1.9142172871761378,13.426518615284127,0.0,83.86121766646268,9.513858829499828,1.6358941445139334,87.67370180754362,0.5668164246160277,0.029852082929086376,0.12500559726554922,0.08246637909160112,1.0264627286779437,0.0005143887390017258,4.7926884784638295
272,479148,148012,116465,1000,256,536,464,419210,214519,204691,233622,124143,109479,185725,47897,245526,30369,4978,43833,1649,426819,0.029218529556629683,2409,53,1243,3002,2430,22798,2170,27914,3125,406,484,70,8,2964,62,502,165,667,71,24,95,0,0,0,0,823,Manipur,Senapati,25.08465586034914,94.03366234413956,937.0,55.19735029677678,60.0,50.0,10.0,47.0,50.0,3.0,0.053428168332122855,0.0,750811,3.036449918821115,0.0,7.533414337788578,48.75779508627814,12.999203842103913,20.501921908039485,0.2087037825473549,87.49071268167664,9.148112900398207,0.3441525374205882,89.07873976307947,0.5027674121565779,0.011061300475009809,0.2594188017063621,0.6265287552071593,0.28902080550231685,0.001065514490331122,3.717846435387867
273,140651,47403,37603,22,125,17,5,134626,68226,66400,70675,37237,33438,55979,14696,69976,1924,1710,2995,589,134760,0.04194779987344562,425,57,1144,622,1229,11541,1362,20289,1927,234,259,22,3,2002,51,29,10,39,0,0,0,0,0,0,0,90,Manipur,Tamenglong,24.98312942238265,93.49450740072204,943.0,60.43753688206981,65.0,55.0,10.0,49.0,51.0,2.0,0.08887245735899496,0.0,1056465,1.0924166915136801,0.0,56.666666666666664,50.24848739077575,2.7223204810753447,20.793774319066145,0.015641552495183113,95.71634755529644,2.129384078321519,0.4187670190755843,95.81161882958529,0.30216635502058287,0.0405258405557017,0.8133607297495219,0.4422293478183589,0.12892050375544858,0.0002839658673027502,1.9204611605684996
274,274143,104013,91922,443,837,244,199,254787,126328,128459,122655,70594,52061,89779,32876,151488,8282,5067,12034,2886,254979,0.055445515661534314,495,87,2333,1177,13371,29894,4496,37205,6333,1030,1223,158,35,5155,42,242,17,259,26,0,26,0,0,0,0,327,Manipur,Churachandpur,24.30309718875504,93.38671506024085,975.0,71.4718230996232,75.0,68.0,7.0,38.0,51.0,13.0,0.3053151092677909,2.0,733625,4.074833872891464,0.0,12.844036697247708,44.741248180694015,6.752272634625575,26.80363621540092,0.16159449630302433,92.93945130825882,4.389679838624367,1.0527352513104473,93.00948774909446,0.18056269902933872,0.03173526225364135,0.8510157107786811,0.4293379732475387,0.6128471630601465,0.0047708297836087914,5.071392059976146
275,237399,87313,69020,22113,676,11085,11028,3287,1625,1662,109937,62807,47130,76423,33514,127462,15109,11567,175102,18691,4264,0.023588978892076208,76,16,38457,737,11393,34364,3447,32723,7400,927,1089,130,32,3679,77,46,56,102,9,13,22,16,9,25,0,226,Manipur,Bishnupur,24.50712111801243,93.8246236024845,999.0,65.85242566312411,74.0,58.0,16.0,40.0,53.0,13.0,0.2847526737686343,3.0,394703,8.706293086193922,0.0,34.070796460176986,46.30895665103897,13.743325722914031,30.48473216478529,9.314698040008592,1.3845888146116874,73.75852467786301,7.873242936996365,1.7961322499252315,0.032013614210674855,0.006739708254878917,16.199310022367406,0.31044781149036016,0.8733148721950428,0.008107361737812988,8.290537442076701
276,422168,152617,116687,40593,880,20137,20456,1808,929,879,195319,109377,85942,133428,61891,226849,33106,21017,267146,107323,4322,0.02510848761630441,114,24,42347,786,15994,49507,5110,65413,12063,1108,1268,130,30,6551,97,229,108,337,32,24,56,30,20,50,0,539,Manipur,Thoubal,24.545392553191498,93.97959893617023,1002.0,63.79071838699285,72.0,55.0,17.0,41.0,52.0,11.0,0.20844782172026302,2.0,653161,7.579601354030629,0.0,17.996289424860855,46.265704648386425,16.949707913720633,31.687137452065596,9.615366394421178,0.4282655246252677,63.27954747872885,25.42186996645885,1.02376305167611,0.027003467813761343,0.00568494059237081,10.03084080271361,0.186181804400144,0.7823492217079709,0.004593048268344252,10.01483554590675
279,183998,70148,59681,248,276,160,88,173606,87970,85636,87929,46533,41396,67724,20205,96069,3852,2233,7553,1115,174112,0.05869629017706714,635,70,32,373,1659,14026,2437,28803,1594,189,240,43,8,5153,79,0,0,0,0,0,0,0,0,0,0,79,Manipur,Ukhrul,25.05900314960629,94.44129566929138,943.0,70.56000608702269,74.0,67.0,7.0,46.0,49.0,3.0,0.15000163045250492,0.0,444096,3.1583261276841044,0.0,100.0,47.78801943499386,4.380807242206781,22.978766959706125,0.13478407373993195,94.3521125229622,4.104935923216557,0.6059848476613876,94.62711551212514,0.34511244687442255,0.03804389178143241,0.017391493385797673,0.20271959477820412,0.548755224095691,0.0018014123072488833,6.485759835711198
280,144182,51053,39249,540,184,321,219,128280,63622,64658,76238,42615,33623,53753,22485,67944,8315,3040,10810,3086,129049,0.0943252278370393,400,59,354,288,1424,18764,1782,22711,2058,163,192,26,3,4136,24,147,44,191,22,6,28,4,2,6,0,250,Manipur,Chandel,24.2635812987013,94.09443844155844,933.0,62.630564148090606,68.0,56.0,12.0,48.0,57.0,9.0,0.12761648472070022,0.0,308063,6.0909619136345485,0.0,9.6,52.87622588117795,10.906634486738897,29.493166137621657,0.37452663994118546,88.97088402158383,7.497468477341138,2.1403503904787007,89.50423769957415,0.2774271406971744,0.040920503252833224,0.24552301951699934,0.19974754130196556,0.5784531086173932,0.0009738267821841636,7.372193350061513
281,86364,32977,27214,51,90,42,9,82080,42075,40005,39339,24016,15323,36185,3154,47025,2553,262,2989,1782,69104,0.015052568199712844,12328,25,19,104,4010,12158,1073,12580,1406,124,141,15,2,3077,14,42,23,65,7,9,16,0,0,0,0,94,Mizoram,Mamit,23.73852942502819,92.4330803833147,927.0,69.69454865453199,74.0,66.0,8.0,37.0,54.0,17.0,0.10421008753647354,2.0,207645,5.855185533001035,0.0,14.893617021276595,45.55022926219258,6.489743003126668,8.017489005821195,0.059052382937334995,95.03959983326385,3.460932796072438,2.063359733222176,80.0148209902274,14.27446621277384,0.028947246537909317,0.021999907368811078,0.12042054559770275,0.516747333188856,0.0009631823544992656,6.0584170098003804
282,83955,34147,31748,84,367,59,25,73609,36917,36692,36672,22733,13939,29697,6975,47283,5921,585,4000,4426,75210,0.019057828598654042,108,2,46,147,8787,14853,1986,12072,1550,141,154,12,1,3520,9,39,49,88,8,10,18,8,11,19,10,142,Mizoram,Kolasib,24.2020004347826,92.73470391304348,956.0,78.48847596926926,80.0,77.0,3.0,34.0,53.0,19.0,0.4371389434816271,7.0,132638,11.198148343611935,7.042253521126761,6.338028169014084,43.68054314811506,16.145833333333336,19.01996073298429,0.10005360014293371,87.67673158239533,4.76445714966351,5.271871836102674,89.58370555654815,0.12864034304091476,0.0023822285748317552,0.05479125722113036,0.175093800250134,1.4973084636378715,0.0007539317540976191,9.101464135466458
283,400309,169547,171048,627,4019,388,239,373542,182517,191025,174636,104643,69993,151410,23226,225673,11434,3360,13249,5264,379134,0.026229737527759804,1570,76,505,406,64710,79804,21093,54536,7544,786,861,65,10,18971,46,186,306,492,141,48,189,47,64,111,125,963,Mizoram,Aizawl,23.90781335453101,92.85359459459472,1009.0,85.08302336445097,85.0,85.0,0.0,35.0,53.0,18.0,1.0039744297530158,10.0,616663,12.941266137258115,12.980269989615783,4.7767393561786085,43.62529945617011,6.547332737808928,13.299663299663301,0.1566290040943371,93.31341538661384,3.30969326195514,1.3149841747250248,94.7103362652351,0.39219702779602755,0.01898533382961662,0.12615254715732097,0.10142165177400458,3.4205068246351735,0.0016216312637534604,8.84372826000587
284,125745,51440,49362,17,186,16,1,123466,61954,61512,60342,34129,26213,53111,7231,65403,5823,980,1075,699,123446,0.0071573422402481214,151,45,194,126,9115,23948,2263,17656,2478,234,263,26,3,5263,22,63,51,114,13,10,23,7,11,18,10,187,Mizoram,Champhai,23.54166580976866,93.24221799485862,984.0,80.16382361127678,81.0,79.0,2.0,42.0,54.0,12.0,0.14791840629846117,1.0,1210094,1.9790198116840512,5.347593582887701,11.76470588235294,47.9875939401169,9.64999502833847,11.983361506082,0.013519424231579785,98.18760189271939,0.8549047675851922,0.555886913992604,98.17169668774106,0.12008429758638514,0.035786711201240606,0.15428048828979285,0.10020279136347371,0.18701026531823148,0.0002479146248142706,1.459060205240254
285,64937,27598,26878,32,131,20,12,62889,31381,31508,32397,18261,14136,29838,2559,32540,1284,926,991,335,63444,0.009239724656205244,60,9,35,57,5511,12315,987,8522,1193,123,130,7,0,2735,10,37,37,74,6,9,15,6,9,15,4,118,Mizoram,Serchhip,23.263864705882344,92.914158496732,977.0,83.89054006190617,84.0,84.0,0.0,44.0,56.0,12.0,0.20173398832714784,1.0,511927,2.405616425779457,3.389830508474576,8.47457627118644,49.88989328118022,3.9633299379572184,7.898879525882026,0.04927853149976131,96.84617398401527,1.526094522383233,0.5158846266381262,97.70084851471427,0.09239724656205245,0.013859586984307868,0.053898393827863926,0.08777738423394983,0.19280092669462637,0.0,1.6646904734464094
286,161428,64515,56607,178,482,125,53,153533,77180,76353,78292,46230,32062,62013,16279,83136,10662,813,5231,1290,127124,0.04584087023316896,27543,93,5,68,14037,26394,3725,23345,2773,252,264,11,1,6235,26,84,80,164,22,17,39,11,16,27,18,274,Mizoram,Lunglei,23.007717036172675,92.63512555425892,947.0,75.03159303218773,78.0,72.0,6.0,41.0,56.0,15.0,0.2985851277349654,4.0,334657,7.886881194775547,6.569343065693431,9.48905109489051,48.499640706692766,13.618249629591785,20.792673580953355,0.11026587704735238,95.10927472309636,3.2404539485095523,0.7991178729836212,78.74965929082934,17.062095795029364,0.057610823401144776,0.0030973560968357407,0.04212404291696608,1.1130799594809013,0.00029881341194118157,6.975799101766884
287,117894,36444,26417,146,162,105,41,112354,57044,55310,45566,28517,17049,38082,7484,72328,3153,613,1668,522,63892,0.04410741852850866,51549,122,2,87,5213,9283,1329,17927,2141,219,241,21,1,2585,30,87,60,147,17,14,31,11,18,29,4,242,Mizoram,Lawngtlai,22.36102843137253,92.66964156862753,945.0,53.31993146385736,60.0,46.0,14.0,30.0,47.0,17.0,0.13741157310804622,2.0,340442,2.726749343500508,1.6528925619834711,12.396694214876034,38.6499737051928,6.9196330597375235,16.424527059649737,0.12384005971465893,95.30086348753966,1.414830271260624,0.4427706244592601,54.19444585814376,43.72487149473256,0.10348278962457802,0.00169643917417341,0.07379510407654334,0.3903748656158758,0.00029373579053113306,5.265801516851623
288,56574,21861,20372,83,168,52,31,54642,27226,27416,19461,12211,7250,14694,4767,37113,957,313,933,514,54977,0.019443560646233253,102,4,2,31,4783,7400,1194,8059,902,80,87,6,1,1866,18,32,17,49,10,2,12,2,3,5,4,88,Mizoram,Saiha,22.35744801061008,93.02827931034489,979.0,74.650899706579,76.0,73.0,3.0,26.0,43.0,17.0,0.2969561989606533,1.0,608061,1.2169831645180336,4.545454545454546,20.454545454545457,34.3991939760314,4.917527362417142,24.49514413442269,0.1467105030579418,96.58500371195248,1.6491674620850567,0.9085445611058084,97.1771485134514,0.18029483508325378,0.007070385689539365,0.0035351928447696825,0.054795489093930075,0.19636187816682865,0.00016445718439432887,1.3253604490338962
289,1725739,722998,638356,338094,6394,172522,165572,431944,217278,214666,698178,500406,197772,524198,173980,1027561,156108,25163,1512801,152791,53622,0.02891514881450787,2128,362,430,3106,103228,314567,36186,308619,43403,5160,5843,587,96,45605,297,909,779,1688,255,221,476,72,96,168,188,2817,Tripura,West Tripura,23.780166241299337,91.41310788863107,962.0,78.88527755355823,82.0,75.0,7.0,23.0,57.0,34.0,0.3705079389177622,22.0,477297,65.90592440346367,6.673766418175364,10.543130990415335,40.45675504812721,22.359341027646245,24.919146693250145,19.591259164914277,25.0295090972621,87.66105419185635,8.853656317670284,3.1071906006644108,0.12330949233922395,0.02097652078327024,0.02491686170388454,0.17998086616805903,7.581443000898812,0.020113262811205602,64.65974016178606
290,876001,351082,295728,140168,948,72012,68156,344835,173174,171661,366845,253229,113616,258457,108388,509156,111332,6375,736015,49258,39258,0.02796800460273447,49420,106,808,891,20246,133744,10393,159386,20294,1874,2033,141,18,23570,170,455,259,714,92,96,188,10,13,23,23,1118,Tripura,South Tripura,23.211874098057383,91.6065807585568,957.0,73.83667370242728,78.0,69.0,9.0,27.0,57.0,30.0,0.10821905454445828,3.0,807571,16.56126829715282,2.0572450805008944,15.20572450805009,41.8772352999597,30.348512314465236,29.545993539505787,16.000894976147286,39.364681090546696,84.01988125584332,5.6230529417203865,4.481501733445509,5.641546071294439,0.01210044280771369,0.09223733762861001,0.10171221265729148,1.2869456679350795,0.0022289061890533464,19.736468991580928
291,378230,151643,124574,61688,273,31461,30227,210608,106759,103849,155831,105657,50174,108259,47572,222399,42201,2870,307120,8256,22940,0.04626814372207387,39120,85,206,328,5532,46875,5067,64944,7774,781,895,96,18,9484,65,187,121,308,31,45,76,7,0,7,0,455,Tripura,Dhalai,23.781360477941163,91.94654283088232,944.0,73.0288448827433,78.0,68.0,10.0,27.0,54.0,27.0,0.07217830420643524,1.0,424874,11.032682630615193,0.0,14.285714285714285,41.20006345345425,27.08126110979202,30.527943733916874,16.30965285672739,55.68252121724876,81.19927028527616,2.1827988261110964,6.06509266848214,10.34291304232874,0.022473098379293024,0.05446421489569838,0.08671972080480131,1.1925888616389801,0.004236550130156234,15.285472869603694
292,693947,275646,244756,114968,997,58375,56593,179426,91116,88310,248667,186034,62633,186105,62562,445280,43977,7088,507967,105737,44062,0.021759586827236086,34717,307,70,936,19631,81601,10310,114600,14151,1552,1775,189,34,20405,139,349,171,520,78,58,136,11,15,26,26,848,Tripura,North Tripura,24.121739755351683,92.17842538226292,967.0,74.99160598720074,78.0,72.0,6.0,18.0,53.0,35.0,0.14367091434936674,6.0,356760,22.872799641215384,3.0660377358490565,16.391509433962266,35.83371640773719,17.685096936867374,25.15894750811326,16.567259459295883,25.855865073269285,73.19968239649425,15.237042598354053,6.349476256832294,5.002831628352021,0.04423968977457932,0.010087225681500172,0.13488061768405943,2.8898979706245096,0.009530216391972194,32.12243525058863
293,643291,193438,165264,8810,1630,4535,4275,474009,236772,237237,255693,151914,103779,188371,67322,387598,39725,7643,122936,106788,389956,0.03248918452146851,3392,144,16950,2916,10006,51301,8872,92589,12008,1212,1437,188,37,15746,127,355,148,503,66,49,115,11,16,27,17,791,Meghalaya,West Garo Hills,25.495285185185185,90.03709947089942,984.0,55.76045677617129,60.0,52.0,8.0,33.0,47.0,14.0,0.2533845491387257,5.0,214792,23.884036649409662,2.1491782553729455,16.055625790139064,39.74764142510932,15.536209438662771,26.32923075719711,1.369520170498266,73.68500414275965,19.110480326943794,16.600263333390334,60.618911192601786,0.5272885832383789,0.02238489268464816,2.634888409755461,0.4532940768641252,4.1305076539163466,0.017225967447577192,43.106354054154714
294,317917,102513,89634,509,288,304,205,305180,153861,151319,126073,72262,53811,83936,42137,191844,19246,2475,17272,3359,289708,0.017614660430238082,1004,38,5617,863,1839,24550,2368,45070,6285,440,512,67,5,5490,58,191,101,292,32,37,69,13,19,32,0,450,Meghalaya,East Garo Hills,25.82728228228228,90.64684924924916,972.0,60.439359958731366,64.0,57.0,7.0,34.0,45.0,11.0,0.09058968221265298,1.0,144294,17.013874450774114,0.0,12.88888888888889,39.65594793609653,15.265758727086688,33.422699547087795,0.16010468141055684,95.99360839464389,5.432864552697716,1.056565078306602,91.12692935577526,0.31580569771355416,0.011952805291947269,1.766813350654416,0.27145449913027614,1.6410938777773159,0.003465147545982508,31.234839979486328
295,142334,45003,37059,319,179,188,131,134237,68140,66097,53069,32826,20243,38397,14672,89265,5565,1249,7036,1050,132984,0.018969466185170092,332,10,362,533,482,10940,1625,17672,3357,310,397,72,15,2782,26,70,22,92,13,10,23,0,0,0,0,139,Meghalaya,South Garo Hills,25.240568578553614,90.64560349127176,945.0,57.654530892126964,62.0,54.0,8.0,29.0,45.0,16.0,0.125760535079461,4.0,13609,80.38797854361086,0.0,18.705035971223023,37.28483707336265,10.486347962087095,27.647025570483706,0.22412073011367628,94.311267862914,4.943302373290991,0.7377014627566147,93.43094411735777,0.23325417679542484,0.007025728216729664,0.25433136144561386,0.3744713139516911,11.940627525901977,0.1102211771621721,129.85524285399367
296,383461,117307,113371,168,149,93,75,375097,189134,185963,163345,89694,73651,119803,43542,220116,37184,2475,6498,1533,366881,0.015125397367659292,1313,38,5878,1262,476,32873,2462,46341,7167,608,729,108,13,9383,76,216,88,304,40,29,69,9,15,24,6,479,Meghalaya,West Khasi Hills,25.500889926739926,91.25364542124538,980.0,60.15683472373984,61.0,60.0,1.0,39.0,46.0,7.0,0.03885662427209025,1.0,33977,96.75074314977779,1.2526096033402923,15.866388308977037,42.597552293453575,22.764088279408615,26.65646331384493,0.04381149582356485,97.81881338649823,1.6945660706043117,0.3997798993900292,95.67622261455533,0.3424077024782181,0.009909743102949191,1.5328807883982987,0.3291077841032074,7.246078229390469,0.03826117667834123,136.3893221885393
298,825922,287270,290760,5642,5032,2924,2718,661158,320048,341110,326786,204303,122483,289576,37210,499136,40889,2966,144935,14185,543394,0.3020866377212376,3111,303,115597,1902,41496,135941,19306,107279,12644,1672,2001,278,51,38908,113,413,432,845,158,98,256,48,65,113,128,1456,Meghalaya,East Khasi Hills,25.303763888888884,91.75922519841272,1011.0,69.98602773627533,70.0,70.0,0.0,30.0,50.0,20.0,0.6092585014081233,106.0,39298,345.9234566644613,8.791208791208792,7.760989010989011,39.56620600976848,12.512469934452517,11.386656711119816,0.6831153547187264,80.05090069037996,17.54826726979061,1.7174745314932887,65.79241138993754,0.3766699518840762,0.03668627303788977,13.996115855976715,0.23028809015863483,49.12718204488778,0.12977759682426587,272.9884472492239
299,395124,87371,100156,1317,510,784,533,376099,185866,190233,154180,88839,65341,110617,43563,240944,35766,2004,12456,1646,271596,0.008604893653637846,284,45,107559,1504,7150,41677,4333,42117,9912,1931,2507,429,147,10306,63,213,141,354,38,48,86,10,6,16,9,528,Meghalaya,Jaintia Hills,25.33959557069844,92.37608160136298,1013.0,47.46029094663954,45.0,50.0,-5.0,33.0,45.0,12.0,0.1290734048045677,9.0,82138,50.74021768243687,1.7045454545454544,11.931818181818182,39.02066186817303,23.19756129199637,28.254637436762227,0.3333130865247365,95.18505583057471,3.1524280985209705,0.4165780868790557,68.73690284568895,0.071876170518622,0.011388829835697148,27.221581073283325,0.38064000161974465,5.275268450656212,0.1789671041418101,51.27590153156882
300,887142,275220,214085,29570,1218,15386,14184,278665,139579,139086,341131,236322,104809,253110,88021,546011,56330,12423,529068,252271,101091,0.010483101916040499,1718,396,123,2382,15089,41373,14063,135308,20774,3022,3688,545,121,20301,52,161,70,231,28,21,49,6,6,12,4,348,Assam,Kokrajhar,26.497246635730868,90.13997470997688,959.0,55.15520626912039,61.0,49.0,12.0,24.0,52.0,28.0,0.13729481864233686,114.0,13182,313.859808830223,1.1494252873563218,14.942528735632186,38.452806878718405,16.512717988104278,25.802697497442335,3.333175523196963,31.411544036918553,59.637352306620585,28.436372080230672,11.395131782736021,0.1936555816318019,0.04463772428765632,0.013864747695408401,0.26850267488181145,106.68335609164012,0.9179183735396753,1026.4603246851766
302,1008183,304302,259275,45094,1364,22999,22095,231570,116013,115557,362573,267118,95455,266376,96197,645610,75828,14346,347878,579929,77862,0.07647421152707395,194,477,103,969,21455,78641,13524,149008,22705,3711,4475,636,128,21357,52,161,70,231,28,21,49,6,6,12,4,348,Assam,Goalpara,26.017277777777807,90.59869891598912,964.0,55.90026810608788,59.0,52.0,7.0,19.0,52.0,33.0,0.13529289821391555,89.0,24195,325.0299648687745,1.1494252873563218,14.942528735632186,35.963014651109965,20.91385734734798,26.53176050064401,4.472799085086735,22.96904431040793,34.50544196837281,57.522195871186085,7.723002669158278,0.019242538309017312,0.04731283903815081,0.010216399205303007,0.0961135032032875,55.895846249225045,0.5290349245711924,615.8627815664394
303,1693622,499038,398020,95320,2078,49165,46155,27344,13530,13814,561824,445297,116527,439453,122371,1131798,98946,30342,492966,1198036,1020,0.006613045886272144,49,399,14,1026,50806,84804,25286,261844,36749,7012,8510,1213,285,31369,52,161,70,231,28,21,49,6,6,12,4,348,Assam,Barpeta,26.427872264631056,90.97912010178116,953.0,52.9668367557814,58.0,48.0,10.0,14.0,51.0,37.0,0.12269561921137066,258.0,19718,430.0841870372249,1.1494252873563218,14.942528735632186,33.17292760722286,17.611565187674433,21.781020390727345,5.628174409638042,1.6145279170912992,29.107203378321728,70.73809858398154,0.06022595360712131,0.0028932075752440625,0.02355897596984451,0.000826630735784018,0.06058022392245731,128.23815802819757,1.4453798559691653,1327.9440105487372
305,2823768,921850,788866,266350,5121,136473,129877,115153,57759,57394,979998,766728,213270,734993,245005,1843770,196174,38122,1225246,1563203,26844,0.10751591490519051,1073,1162,61,3143,89206,195631,45956,425164,57931,10355,12945,2027,563,64817,52,161,70,231,28,21,49,6,6,12,4,348,Assam,Nagaon,26.26462170626351,92.9306191144708,962.0,60.582739091880065,64.0,57.0,7.0,15.0,53.0,38.0,0.18135342563553378,177.0,50488,387.48019331326253,1.1494252873563218,14.942528735632186,34.705329899623486,20.01779595468562,25.000561225635153,9.432432126152007,4.077990826441832,43.390462672570834,55.35876176796394,0.9506446705253406,0.03799887242861312,0.04115068943340955,0.002160234126882945,0.11130517804578846,91.02360957059103,1.1151164633180162,842.1090160038028
306,1924110,620525,488047,109130,4358,55817,53313,232207,117685,114522,770606,537195,233411,558325,212281,1153504,114865,25719,1422824,350536,138166,0.07083794585548643,5088,1003,221,4909,70047,133368,31254,284779,47266,7273,8779,1238,268,46075,52,161,70,231,28,21,49,6,6,12,4,348,Assam,Sonitpur,26.73514926829268,92.85197804878044,956.0,57.614793333021495,63.0,52.0,11.0,25.0,55.0,30.0,0.2264943272474027,365.0,19214,694.1188716560841,1.1494252873563218,14.942528735632186,40.04999714153556,14.905801408242345,27.5472809710799,5.671713155692762,12.06828091949005,73.94712360519928,18.2180852446066,7.180774487945076,0.2644339460841636,0.0521279968400975,0.011485829812224874,0.25513094365706745,162.66264182367024,1.3948162797959822,1482.143228895597
307,1042137,375552,307934,81840,1948,41689,40151,249426,126716,122710,429995,282250,147745,283533,146462,612142,43922,10983,797130,193476,46217,0.03953414954079934,1074,250,2410,1168,32104,60296,15011,149287,28914,5293,6388,895,200,18683,52,161,70,231,28,21,49,6,6,12,4,348,Assam,Lakhimpur,27.14128805970149,94.0775949253732,968.0,65.58504304136596,71.0,60.0,11.0,29.0,53.0,24.0,0.1869236002560124,104.0,30775,195.92526401299756,1.1494252873563218,14.942528735632186,41.26088988300003,10.214537378341609,34.06132629449179,7.853094170919945,23.93408928000829,76.48994326081888,18.565313389698286,4.434829585745445,0.1030574674922779,0.02398916841067921,0.2312555834789476,0.11207739481469328,48.7766043866775,0.6498781478472786,485.0917952883834
308,686133,237761,185267,44225,1192,23006,21219,325560,165449,160111,316800,186577,130223,201364,115436,369333,19181,7224,655052,13475,8711,0.04328606844445611,911,167,6315,1205,16547,28195,10410,93934,20387,3840,4715,710,165,10523,52,161,70,231,28,21,49,6,6,12,4,348,Assam,Dhemaji,27.586533438485816,94.71336908517353,953.0,61.65393589872517,68.0,55.0,13.0,39.0,53.0,14.0,0.17372725113061172,57.0,29021,97.1537851900348,1.1494252873563218,14.942528735632186,46.17180634075318,6.0546085858585865,36.43813131313131,6.445543356754449,47.44852674335734,95.47012022450457,1.9639049572021752,1.2695789300325155,0.13277309209730476,0.024339304478869256,0.9203754957129303,0.1756219275271704,35.87057647910134,0.5685538058647186,323.67595878846356
309,1327929,453449,344873,37688,5135,19443,18245,82066,41769,40297,557196,366623,190573,410188,147008,770733,47756,13241,1181347,48373,76877,0.15053515662358455,16228,837,395,1873,70471,161718,27948,189279,35088,6248,7686,1151,287,36330,52,161,70,231,28,21,49,6,6,12,4,348,Assam,Tinsukia,27.53549291139241,95.69055949367085,952.0,60.11782256430879,67.0,53.0,14.0,29.0,54.0,25.0,0.386692360811459,655.0,10751,1504.2135615291602,1.1494252873563218,14.942528735632186,41.959773451743274,8.57077222377763,26.383534698741556,2.83810354318642,6.179999081276183,88.96160864022097,3.6427399356441494,5.789240237994652,1.2220532874875087,0.06303047828611319,0.029745566216266082,0.1410466975267503,259.9572132824853,2.669519114500977,1760.5711096642174
310,1326335,491361,393170,58876,8817,30517,28359,102871,51835,51036,560557,368013,192544,391597,168960,765778,61209,14362,1198401,64526,52968,0.17046975311667115,4673,1055,46,2405,76292,136685,34479,196644,36264,6273,7610,1086,251,32423,52,161,70,231,28,21,49,6,6,12,4,348,Assam,Dibrugarh,27.30612284482757,95.0998282327587,961.0,66.68986342062902,73.0,60.0,13.0,30.0,54.0,24.0,0.6647641809949976,191.0,39920,342.3972945891784,1.1494252873563218,14.942528735632186,42.26360610253066,10.919317750023637,30.141448594879737,4.438999197035439,7.756034486008437,90.35432224890394,4.864985090493729,3.9935612043714444,0.3523242619700151,0.07954249868999913,0.003468203734350673,0.18132673871985586,86.37024048096193,0.62875751503006,492.5951903807615
312,1092256,432335,362594,88665,5651,45194,43471,139971,70795,69176,498618,320746,177872,338635,159983,593638,53153,31543,1008219,54684,21051,0.14099258781824042,2378,719,578,3087,71639,122063,26357,169163,29535,5070,6060,805,185,28360,52,161,70,231,28,21,49,6,6,12,4,348,Assam,Jorhat,26.76244824016563,94.30197722567289,962.0,72.7786343128351,78.0,68.0,10.0,33.0,58.0,25.0,0.5173695543901796,287.0,24920,489.8194221508828,1.1494252873563218,14.942528735632186,45.65028711217883,10.660064418051494,32.085283724213724,8.117602466820966,12.814852928251252,92.30610772566138,5.006518618345882,1.9272954325725837,0.21771452846219203,0.06582705885799667,0.052917997246066856,0.2826260510356547,105.76645264847512,0.7423756019261638,678.8242375601926
313,1066888,396475,325289,62298,3073,31807,30491,111765,56420,55345,479928,309104,170824,331210,148718,586960,66616,15068,917426,90312,50582,0.1060092530799859,3863,530,1347,1697,40889,82345,17636,166711,26763,4233,5039,649,157,26340,52,161,70,231,28,21,49,6,6,12,4,348,Assam,Golaghat,26.377219709794485,93.82583397823468,964.0,67.6513373475004,73.0,62.0,11.0,33.0,57.0,24.0,0.28803398294853816,174.0,23477,350.7475401456745,1.1494252873563218,14.942528735632186,44.98391583746373,13.880415395642679,30.987564801386874,5.839225860633919,10.475795022532825,85.99084439978705,8.464993513845878,4.741078726164321,0.3620811181679801,0.0496771919826636,0.1262550520766941,0.1590607448954342,75.12033053626953,0.6687396174979767,710.1035055586318
314,956313,314253,242961,44961,1923,23436,21525,538738,272460,266278,383441,246193,137248,260482,122959,572872,60952,9861,766000,20290,157789,0.03869026145205597,6260,397,3568,1639,18763,53918,11340,128097,22284,3645,4457,677,135,22153,52,161,70,231,28,21,49,6,6,12,4,348,Assam,Karbi Anglong,26.08966454598031,93.11536570271832,951.0,58.26690633715113,64.0,52.0,12.0,29.0,50.0,21.0,0.2010847912764963,95.0,19695,273.7649149530338,1.1494252873563218,14.942528735632186,40.095763625507544,15.896057020506415,32.06725415383331,4.701494176069969,56.33490290312899,80.09929803317533,2.1216902834113935,16.499723416914755,0.6545973964591091,0.04151360485531411,0.37309960232685324,0.17138740140518846,57.578065498857576,0.6854531607006854,650.4036557501904
316,1736617,639946,534182,264897,5316,136051,128846,17569,8736,8833,608062,469752,138310,471259,136803,1128555,68664,24466,1038985,654816,37635,0.01612330179884223,341,1673,98,2789,62135,140205,37541,277244,25131,3324,4092,623,145,61576,52,161,70,231,28,21,49,6,6,12,4,348,Assam,Cachar,24.815570668693017,92.86849650455927,959.0,67.61007176596797,72.0,63.0,9.0,16.0,53.0,37.0,0.3061124012951618,1924.0,3230,4340.712074303406,1.1494252873563218,14.942528735632186,35.01416835145573,11.292269538303659,22.49819919679243,15.253622416456825,1.0116796046566399,59.82810256953606,37.706414252538124,2.1671445114265264,0.01963587826216143,0.09633672824808234,0.005643155629594781,0.16059960256061065,1162.2600619195046,4.489164086687306,8583.405572755417
317,1228686,435942,359355,157890,1933,81384,76506,1940,994,946,399171,319798,79373,293392,105779,829515,67033,17435,521962,692489,11990,0.009278204520927234,446,524,110,1051,28261,70951,24699,183724,17384,2812,3552,599,141,42587,52,161,70,231,28,21,49,6,6,12,4,348,Assam,Karimganj,24.69660712250711,92.3679498575498,963.0,64.72744053403392,70.0,60.0,10.0,13.0,51.0,38.0,0.15732253806098548,177.0,15950,444.833855799373,1.1494252873563218,14.942528735632186,32.48763313002671,16.793053603593446,26.49967056725063,12.850313261484219,0.157892252373674,42.481317439931765,56.36012781133667,0.9758392298764696,0.036298940494153914,0.042647185692683075,0.008952653485105226,0.08553853466223266,154.8526645768025,0.8840125391849529,1151.87460815047
318,659296,226836,180530,70659,1211,36369,34290,691,354,337,214240,170792,43448,165193,49047,445056,31248,7313,251194,397653,8480,0.012740862981119254,490,247,636,512,11035,44143,10615,105304,7814,867,1050,149,34,29399,52,161,70,231,28,21,49,6,6,12,4,348,Assam,Hailakandi,24.457496089385486,92.59154664804475,951.0,61.78802844245984,67.0,56.0,11.0,14.0,51.0,37.0,0.18368077464446925,25.0,44971,98.15881345756155,1.1494252873563218,14.942528735632186,32.495267679464156,14.585511575802837,22.893483943241225,10.717340921225064,0.10480876571373102,38.10033732951512,60.314790321797794,1.286220453332039,0.07432170072319565,0.03746420424210067,0.09646653399990292,0.07765859340872688,23.60410042027084,0.0756042783126904,234.1597918658691
319,738804,237114,196964,82784,2523,42513,40271,18835,9377,9458,255806,197542,58264,191671,64135,482998,47406,9485,359145,371033,5924,0.051975896178147386,236,871,9,1202,29937,49866,12959,109693,15859,3079,3822,612,131,20913,52,161,70,231,28,21,49,6,6,12,4,348,Assam,Bongaigaon,26.45012521994133,90.6734296187684,966.0,58.75414859692151,63.0,54.0,9.0,16.0,53.0,37.0,0.34149788035798395,464.0,6453,772.7568572756858,1.1494252873563218,14.942528735632186,34.624338796216584,18.53201254075354,25.071734048458598,11.205136951072275,2.5493906367588695,48.61167508567902,50.220762204860826,0.8018364816649612,0.03194351952615308,0.11789324367491243,0.0012181850666753294,0.16269538334930508,200.82132341546566,2.030063536339687,1699.8760266542693
321,1517542,550219,445100,107827,3109,55237,52590,182038,92094,89944,628954,428492,200462,421244,207710,888588,99522,69106,877495,601784,33297,0.021020835008190877,185,1330,55,3077,70272,122191,23468,220941,39125,7179,8897,1367,351,36379,52,161,70,231,28,21,49,6,6,12,4,348,Assam,Kamrup,26.170939452054807,91.58863273972592,949.0,65.58757517090137,71.0,60.0,11.0,27.0,55.0,28.0,0.2048707712867255,138.0,51022,239.48688800909412,1.1494252873563218,14.942528735632186,41.44557448821845,15.823414748932354,33.02467271056389,7.105371712941058,11.995582329846554,57.823440800979476,39.65517923062426,2.194140261027372,0.012190766384060539,0.087641725896219,0.0036242818979639446,0.20276209818245555,45.995844929638196,0.6879385363176669,433.0308494374975
323,771639,293184,238587,60216,1631,30654,29562,23364,11692,11672,267623,210202,57421,196773,70850,504016,34984,19302,491582,277488,429,0.008034845309788645,27,1004,9,1038,37849,68313,12360,113423,19380,4112,5168,839,217,17381,52,161,70,231,28,21,49,6,6,12,4,348,Assam,Nalbari,26.46323767605632,91.40598521126763,949.0,68.91447943921963,74.0,64.0,10.0,15.0,53.0,38.0,0.2113682693591174,68.0,55278,123.58080972538804,1.1494252873563218,14.942528735632186,34.68240977970268,13.072120109258172,26.47380830496631,7.803649115713436,3.027840738998418,63.70621495284712,35.96085734391341,0.055595945772569814,0.0034990455381337647,0.1301126563069,0.001166348512711255,0.13451886179936473,22.35970910669706,0.39256123593472997,205.18651181301783
325,928500,268666,218373,40260,1166,20566,19694,8419,4300,4119,324843,246864,77979,241456,83387,603657,81617,10542,327322,597392,1688,0.046418955304254175,57,724,19,867,17676,45444,12084,144343,18049,2852,3432,470,110,22228,52,161,70,231,28,21,49,6,6,12,4,348,Assam,Darrang,26.58463215962442,92.04141338028155,954.0,52.4543887991384,57.0,48.0,9.0,17.0,52.0,35.0,0.12557889068389877,47.0,37311,121.79786122055158,1.1494252873563218,14.942528735632186,34.985783521809374,25.1250604137999,25.669939016694222,4.336025848142165,0.9067312870220787,35.252773290253096,64.33947226709746,0.1817985998922994,0.006138933764135703,0.07797522886375875,0.0020463112547119008,0.09337641357027464,32.38723164750342,0.29481922221328827,386.86446356302434
327,1846823,717673,597912,317275,10943,161495,155780,397389,197251,200138,683726,479586,204140,532855,150871,1163097,66041,16579,1366681,105086,141848,0.11002678654099499,209240,1840,15523,4573,141897,297176,38065,266477,55657,9374,11288,1511,403,48867,366,837,754,1591,322,233,555,131,245,376,257,3146,West Bengal,Darjiling,26.839619571045585,88.33145067024122,970.0,71.23503443481049,77.0,66.0,11.0,22.0,51.0,29.0,0.59253106551088,304.0,46669,636.7738755919347,8.169103623649079,11.633820724729816,37.02173949533875,9.6589862020751,22.06600304800461,17.17950231289084,21.517438325167056,74.00173162235905,5.690095910653051,7.680649417946387,11.329726779447732,0.09963055474184587,0.8405245115530834,0.24761441675785928,81.56377895390945,0.8635282521588206,570.9935931774841
328,3872846,1396622,1102158,1458278,9322,750841,707437,731704,365868,365836,1512910,1091361,421549,1153765,359145,2359936,349672,30090,3156781,445817,186279,0.07730748911782188,50676,1461,23816,5022,138522,382500,48818,647052,93625,11798,13728,1629,301,106996,863,1859,1088,2947,530,202,732,168,336,504,114,5160,West Bengal,Jalpaiguri,26.62642031250004,89.04154375000003,953.0,64.5205102397565,70.0,58.0,12.0,22.0,55.0,33.0,0.24070154093397983,124.0,111969,341.6124105779278,2.2093023255813953,16.724806201550386,39.06455356086971,23.11254469862715,23.738689016531055,37.65391136130897,18.89318604457807,81.51062551932094,11.511353666012024,4.809873669131176,1.3084950963709892,0.03772419559156238,0.6149482835103695,0.12967208094512409,43.599567737498774,0.2688244067554412,577.8849502987434
330,3007134,853495,636172,807950,2883,418288,389662,162816,81831,80985,1075626,799627,275999,824342,251284,1931508,442328,37978,1482943,1501170,16702,0.015862279499350544,432,1324,1622,2464,39138,199307,31210,471345,60312,8186,9659,1190,283,56856,710,1306,641,1947,220,79,299,79,159,238,20,3214,West Bengal,Uttar Dinajpur,26.044619165196977,88.23595232216337,939.0,49.53776585945289,55.0,44.0,11.0,19.0,52.0,33.0,0.09587201634513128,85.0,46198,431.41910905233993,0.6222775357809583,22.09085252022402,35.76914098274304,41.12284381374195,23.36165172652948,26.86777509748485,5.414324735778319,49.314164250745065,49.920289551446665,0.5554125622602784,0.014365838037147662,0.04402863324348034,0.05393840114873498,0.08193848361928667,67.55703710117321,0.6125806311961557,1020.2714403220918
331,1676276,596474,487211,482754,2518,248312,234442,275366,138025,137341,702987,499560,203427,526470,176517,973289,279932,32290,1232850,412788,24794,0.01646506899818407,148,323,2786,2311,37186,168069,24318,300973,46022,5698,6579,763,118,42647,429,810,412,1222,152,57,209,51,104,155,23,2039,West Bengal,Dakshin Dinajpur,25.342094363021435,88.69821679819614,956.0,64.64836339600399,70.0,59.0,11.0,25.0,58.0,33.0,0.15021392658488222,74.0,50141,335.1927564268762,1.1280039234919077,21.039725355566453,41.93742557908125,39.82036652171377,25.10956817124641,28.799195359236784,16.427247064325922,73.54695766091025,24.625300368197124,1.4791120316702024,0.008829094970040733,0.01926890321164295,0.16620174720630732,0.13786512483624416,48.49923216529387,0.23533635148880158,600.2532857342294
332,3988845,1152019,934413,835430,5357,432744,402686,313984,157528,156456,1537847,1086461,451386,1050995,486852,2450998,545759,196687,1914352,2045151,13209,0.01872722555025327,359,639,7929,6459,54213,297716,63525,645609,92422,14596,17689,2519,574,83218,946,1764,833,2597,283,95,378,63,121,184,86,4191,West Bengal,Maldah,25.08026802575105,88.17191684549356,944.0,52.30667022659442,56.0,48.0,8.0,23.0,53.0,30.0,0.13429952780817503,358.0,15137,1966.8098037920327,2.052016225244572,22.57217847769029,38.55369160747033,35.48851088567328,31.65802579840517,20.944158020680174,7.871551790054515,47.99263947333125,51.271759118240986,0.33114849035247046,0.0090000990261592,0.016019674868288942,0.1987793459008811,0.16192657272969996,419.6670410253023,3.792032767391161,4265.105370945365
333,7103807,2177187,1878647,897534,7951,460143,437391,91035,46163,44872,2589907,1985667,604240,2022083,567824,4513900,842294,466007,2359061,4707573,18102,0.010782950606625433,348,3037,7429,7491,92742,541169,79729,1204751,161887,27361,32750,4328,1061,162504,1645,3099,1663,4762,597,268,865,220,441,661,153,8088,West Bengal,Murshidabad,24.25950655391121,88.16816860465121,958.0,57.09380899565543,60.0,54.0,6.0,17.0,55.0,38.0,0.11192590114005069,456.0,20322,2662.9711642554867,1.891691394658754,20.338773491592484,36.458014695500594,32.52217164554557,21.924493813870534,12.634549333899415,1.281495964065465,33.208405014381725,66.26831218809858,0.25482111211636244,0.0048987817377358365,0.04275172453305671,0.10457772853344693,0.10545049999246883,392.3285109733294,5.220942820588525,5928.309221533314
334,3502404,1201481,956966,1033140,5210,529001,504139,242484,119787,122697,1331603,1029770,301833,912844,418759,2170801,611510,65062,2181515,1298054,10906,0.016617157815032188,258,1152,6051,3886,57010,333752,39636,607715,95683,15427,18110,2200,483,91446,791,1609,790,2399,346,100,446,59,112,171,105,3911,West Bengal,Birbhum,24.06389342723,87.65153089201888,956.0,61.62758493880204,67.0,56.0,11.0,18.0,57.0,39.0,0.14875496944384484,75.0,76100,438.5703022339028,2.684735361800051,20.22500639222705,38.01968590716548,45.922846373881704,31.447736299783042,29.498024785261777,6.923358927182586,62.286218266082386,37.06180098012679,0.3113861222177682,0.0073663689283132395,0.03289169381944516,0.17276704800474188,0.1109523630055242,52.08409986859396,0.6346911957950065,798.5742444152431
335,7717563,2918040,2329168,2115719,32323,1079584,1036135,489447,243581,245866,2911251,2293083,618168,2166742,744509,4806312,973182,124558,6008472,1599764,21220,0.21606561553174233,1602,1674,44968,23188,292585,1049943,141387,1198350,240020,50967,62457,9191,2299,204679,1379,3561,3277,6838,1655,953,2608,642,1244,1886,835,13547,West Bengal,Barddhaman,23.444453888888884,87.8150581111111,945.0,67.99047834141425,74.0,62.0,12.0,16.0,58.0,42.0,0.4188239214892059,1205.0,24277,4324.846562590106,6.163726286262642,10.179375507492434,37.72241315036884,33.4283096854239,25.573507746326236,27.414340511376455,6.341989044987388,77.85452480271297,20.728875164349162,0.2749572630634826,0.020757848040890627,0.021690785031492455,0.5826709804636515,0.3004575408065992,582.39074020678,9.469868599909379,4936.153560983647
336,5167600,1878866,1601689,1546917,12787,798258,748659,140700,71142,69558,1842607,1554090,288517,1595880,246727,3324993,556134,169138,3728482,1382682,33835,0.016429290192739376,514,281,16893,4064,168314,623729,77210,929744,149929,23962,28090,3386,742,124093,1160,2429,1520,3949,675,321,996,237,466,703,240,7048,West Bengal,Nadia,23.56410971055088,88.58293034547152,947.0,67.35341357690223,71.0,64.0,7.0,11.0,59.0,48.0,0.2474456227262172,423.0,39834,1565.8206557212432,3.40522133938706,16.458569807037456,35.656920040250796,30.181910738426588,13.390104346721794,29.93492143354749,2.7227339577366667,72.15113398869882,26.75675361870114,0.6547526898366747,0.00994659029336636,0.005437727378280053,0.32690223701524884,0.07864385788373714,193.82939197670333,1.8627303308731236,2334.0462921122657
338,5519145,2211777,1866611,1344021,31725,680992,663029,229243,113249,115994,2152870,1713608,439262,1714645,438225,3366275,583380,111828,4574569,870204,7300,0.04823210841534332,1730,2160,49050,11470,319815,965258,118459,869117,167315,34000,41423,6006,1417,191583,1048,2658,2224,4882,1163,601,1764,436,857,1293,463,9450,West Bengal,Hugli,22.87929264705881,88.00010264705891,961.0,73.89528631699294,79.0,69.0,10.0,16.0,61.0,45.0,0.5748172950701603,1138.0,28101,3434.959609978293,4.8994708994708995,11.08994708994709,39.00731000906843,27.097781101506364,20.355386066042076,24.351978431441825,4.153596254492317,82.88546504938718,15.76700738973156,0.13226686379864996,0.031345434845433486,0.039136496685627936,0.8887246122361345,0.20782204490007056,421.5472758976549,5.042525177039963,3092.8329952670724
339,3596674,1299337,933655,1174447,4273,593440,581007,368690,183467,185223,1466220,1050822,415398,916393,549827,2130454,647374,61386,3033581,290450,3865,0.010732137524835445,260,2904,260694,4534,45126,334670,34128,516864,122273,30691,38270,5902,1677,79031,818,1684,785,2469,362,82,444,51,96,147,82,3959,West Bengal,Bankura,23.081280892857155,87.12640053571437,957.0,62.08491511880143,71.0,53.0,18.0,24.0,57.0,33.0,0.11880420633062656,78.0,57825,578.7635105923043,2.071230108613286,20.661783278605707,40.76599658462235,44.15258283204431,37.49962488576066,32.65369616484563,10.250859544123266,84.3440634319374,8.075516435462319,0.10746039257380569,0.0072289009234642885,0.08074126262207806,7.248196528236921,0.12606091071918113,59.019455252918284,2.900129701686122,893.8417639429313
340,2930115,1002058,622847,567767,3551,290789,276978,540652,271803,268849,1249642,801254,448388,613398,636244,1680473,492205,87560,2373120,227249,8646,0.021227835767538134,209,3052,309029,8188,30675,189889,32862,377334,97784,25976,33073,5569,1528,61063,640,1332,670,2002,313,90,403,65,127,192,71,3309,West Bengal,Puruliya,23.254192328767108,86.3968532876713,957.0,55.455331957960695,67.0,43.0,24.0,31.0,54.0,23.0,0.12118978265358185,55.0,56149,338.1876792106716,2.1456633423995166,19.34119069205198,42.648223704530366,39.38768063173293,50.91410179875516,19.376952781716756,18.451562481336055,80.99067784028955,7.755634164529379,0.2950737428394449,0.007132825844719406,0.10415973434489771,10.546650899367432,0.2794429570170454,58.52642077329961,2.7213307449821014,672.0226540098666
341,4850029,1942824,1662382,718951,30751,367053,351898,15094,7761,7333,1819845,1498170,321675,1496267,323578,3030184,181662,297774,3535844,1270641,8666,0.09030873836012114,1258,9699,1265,18276,325053,796953,99261,749571,128097,28116,35527,5753,1658,115919,760,2195,2364,4559,1255,720,1975,535,1055,1590,529,9414,West Bengal,Haora,22.401674174428507,87.99421176968654,939.0,74.33369986035136,78.0,71.0,7.0,14.0,60.0,46.0,0.6340374459616633,312.0,104263,764.367992480554,5.6192904185256,8.073082642872317,37.522352959126636,9.982278710549524,17.780525264514285,14.823643322545083,0.31121463397435356,72.90356408178178,26.198626853571387,0.17867934397918034,0.02593798923676539,0.19997818569744635,0.026082318270674257,0.3768224891026425,95.20251671254424,1.590209374370582,718.9232997324075
342,4496694,1926915,1661222,241932,136618,128053,113879,10684,5729,4955,1795740,1412466,383274,1576419,219321,2700954,12388,68438,3440290,926414,39758,0.3079818195323053,4771,21178,1452,48982,623579,927602,252644,641384,112874,20397,25185,3635,1153,184740,363,1472,4507,5979,2097,2287,4384,863,1402,2265,3383,16375,West Bengal,Kolkata,22.550581481481483,88.3527648148148,908.0,79.79500050481532,82.0,78.0,4.0,18.0,60.0,42.0,3.0381876107202315,456.0,136801,678.066680799117,20.659541984732822,2.216793893129771,39.934672005700186,0.6898548787686414,12.213405058638777,5.380219334471057,0.23759677665413748,76.50709610215861,20.602113463802517,0.8841606744866339,0.10610017048080211,0.47096822687956974,0.03229038933936799,1.0892891533201947,184.67993655017142,0.8428300962712261,468.84452599030715
346,1322784,405161,248315,319946,565,165313,154633,205874,104499,101375,571431,335451,235980,175126,396305,751353,328673,14487,1104475,194680,17168,0.009298570288119604,371,20,4591,1356,6798,29373,8881,191754,39555,7433,9354,1501,420,14047,321,447,182,629,46,3,49,4,6,10,10,1017,Jharkhand,Garhwa,24.082114689265527,83.68664265536722,935.0,49.4015651837337,59.0,39.0,20.0,37.0,49.0,12.0,0.04271294481941118,6.0,110941,26.476235115962538,0.983284169124877,31.563421828908556,43.199116409028235,57.51753055049515,69.35308024940893,24.18732007644483,15.56368991460435,83.49624730870649,14.717444420253042,1.29786873745071,0.02804690712920628,0.0015119626484747322,0.34707102595737477,0.10251106756658684,8.005155893673214,0.3785796053758304,172.84322297437376
347,1042886,303902,206159,340553,590,172668,167885,45563,23141,22422,397690,251213,146477,195502,202188,645196,188513,14210,903179,116710,6565,0.08514832877227232,35,129,12936,2444,5307,27037,9115,122484,33192,9679,12905,2532,694,12331,230,356,150,506,59,2,61,3,6,9,10,817,Jharkhand,Chatra,24.11619945750453,84.93295804701627,953.0,48.908605542695945,57.0,41.0,16.0,29.0,47.0,18.0,0.05657377699959536,13.0,41890,64.54285032227261,1.2239902080783354,28.151774785801713,38.133602330456064,47.40199652996052,50.84060449093515,32.65486352295457,4.3689339007331585,86.60380904528395,11.191060192580972,0.6295031288175313,0.003356071516925148,0.012369520733809833,1.2404040326555348,0.23434967963900177,21.759369777989974,1.6567199809023634,292.3943661971831
349,2445474,783736,469739,325493,1944,166447,159046,238188,120646,117542,1036277,623946,412331,412912,623365,1409197,362610,32544,1856202,508586,14645,0.038315680313918694,650,1503,59218,3733,16909,125431,19976,236630,87379,31126,44335,9820,3389,23104,613,1029,440,1469,207,13,220,18,30,48,34,2384,Jharkhand,Giridih,24.30578509874329,86.08710915619386,944.0,51.256934238515726,62.0,40.0,22.0,35.0,50.0,15.0,0.0794937913876819,49.0,34160,367.18676814988294,1.4261744966442953,25.713087248322147,42.375302293134176,34.99160938629343,60.15428307296216,13.310016790200999,9.739952254654925,75.90356716121292,20.797031577518304,0.5988614068274698,0.02657971419855619,0.06146047760066147,2.421534639092462,0.15264934323570808,58.47775175644028,9.920960187353629,692.7107728337236
350,1492073,489837,303701,190036,1944,98295,91741,180962,91012,89950,551467,383691,167776,297146,254321,940606,209693,39361,1165140,302626,6027,0.009583981480798863,188,282,16067,1600,26760,130193,13550,167640,52209,15656,20691,3875,1160,19776,329,518,254,772,86,9,95,13,21,34,36,1267,Jharkhand,Deoghar,24.33070100755672,86.75697632241814,925.0,53.18359088328788,63.0,42.0,21.0,23.0,50.0,27.0,0.13028853145925168,128.0,20855,624.2771517621674,2.841357537490134,25.96685082872928,36.95978682008186,38.024578079921376,46.11717473575028,12.736374158637009,12.128226970128138,78.08867260516074,20.282251605652,0.4039346600333898,0.01259991970902228,0.018899879563533423,1.0768239891747924,0.10723335922572153,64.97242867417884,5.562215296092064,803.836010549029
351,1313551,376212,228307,115567,874,59835,55732,279208,138510,140698,552191,344019,208172,235735,316456,761360,307767,18719,937126,289182,37795,0.007384562913811493,128,115,47067,2041,7421,43230,11925,175196,38394,8316,10349,1650,383,27079,299,468,189,657,81,3,84,4,6,10,9,1057,Jharkhand,Godda,24.8189,87.2941735483871,938.0,46.02173802159185,55.0,36.0,19.0,33.0,51.0,18.0,0.06653719573887881,33.0,22176,194.94047619047618,0.8514664143803218,28.2876064333018,42.03803278289156,55.7356059769174,57.30915570880366,8.798059610932503,21.25596950556164,71.34294747596401,22.015285283936446,2.877315003376344,0.009744577865648155,0.008754894176168265,3.5831878625192317,0.15538033924834285,53.774350649350644,1.727092352092352,790.0252525252525
352,1150567,287303,195960,72341,591,37317,35024,308343,153435,154908,490202,295690,194512,322572,167630,660365,206902,43179,628044,398243,83208,0.017208906565197853,245,125,38426,2078,11545,34879,9563,167627,27575,4816,6039,987,236,23276,276,404,178,582,47,7,54,9,15,24,17,954,Jharkhand,Sahibganj,24.93667989690721,87.68264097938142,952.0,42.00216067382429,49.0,35.0,14.0,35.0,50.0,15.0,0.05136597868702996,11.0,100911,34.56412085897474,1.781970649895178,28.930817610062892,42.60525462663191,42.20749813342255,34.196106911028515,6.287421766833222,26.799221601175766,54.585608660773346,34.61276049113176,7.231912613520117,0.021293849032694313,0.010864208690150161,3.339744665021681,0.18060660526505629,9.476667558541685,0.23386944931672463,166.11370415514662
353,900422,206989,145892,28469,328,14352,14117,379054,186967,192087,404584,234012,170572,252017,152567,495838,150028,19471,410127,322963,75865,0.0395370170875434,283,222,88760,1846,5316,31414,4535,133902,20843,3322,3893,488,83,21940,212,301,125,426,33,2,35,3,5,8,8,691,Jharkhand,Pakur,24.57260428082189,87.69691969178076,989.0,39.19062395188034,46.0,33.0,13.0,38.0,52.0,14.0,0.03642736405818605,17.0,31112,100.9706865518128,1.1577424023154848,30.68017366136035,44.93270932962544,37.0820398236213,37.709598006841595,3.161739717599081,42.09737212107212,45.548309570401436,35.86795969001202,8.425493824006965,0.031429707403861744,0.02465510616133324,9.857600103062786,0.2050149818640593,14.576369246592954,0.26677809205451275,430.38698894317304
354,2684487,1014950,707254,437309,11568,226362,210947,233119,117256,115863,844504,658851,185653,546714,297790,1839983,103488,25889,2149480,431762,11243,0.3623411102381945,331,1268,77182,3494,83995,427173,46646,339234,79304,18798,24696,4657,1241,55945,529,1305,966,2271,393,101,494,141,230,371,288,3954,Jharkhand,Dhanbad,23.854509090909097,86.40372924901185,909.0,64.15393332133849,72.0,55.0,17.0,15.0,47.0,32.0,0.4309203210892808,542.0,15490,2757.734021949645,7.283763277693475,13.378856853818919,31.458673482121537,12.254293644553488,35.26211835586332,16.290226028287712,8.683931045298413,80.07041941346708,16.08359437017203,0.4188137249314301,0.012330102548457116,0.047234350548168054,2.8751117066314715,0.13015522146316968,301.1362169141381,8.01162040025823,2190.0193673337635
355,2062330,759088,514432,299227,9754,154297,144930,255626,129233,126393,685368,507677,177691,380304,305064,1376962,126406,21671,1636460,241451,13730,0.2023924396192656,1890,2045,160524,2056,67157,274726,37997,269417,62803,15150,19449,3444,855,39769,539,1267,818,2085,360,87,447,121,197,318,213,3604,Jharkhand,Bokaro,23.6814965034965,85.98398374125864,922.0,61.75151406418953,71.0,52.0,19.0,18.0,47.0,29.0,0.4729601955070236,173.0,38794,708.166211269784,5.9100998890122085,14.95560488346282,33.232702816717016,18.443522312100942,44.510978043912175,14.509171665058455,12.39500952805807,79.35005551972769,11.707680148181911,0.6657518437883365,0.09164391731682127,0.09915968831370343,7.78362337744202,0.09969306561025636,97.94555859153478,2.2039490642882917,694.4811053255659
356,461790,149568,110139,15330,351,7862,7468,262734,130814,131920,221332,121605,99727,103001,118331,240458,80840,4449,112378,95012,16770,0.011043981030338466,33,15,235987,1544,8016,28769,2954,64996,12442,2208,2687,387,92,11177,108,161,75,236,21,3,24,4,7,11,9,388,Jharkhand,Lohardaga,23.488796043165483,84.6605169064748,985.0,56.239199636198265,64.0,48.0,16.0,44.0,52.0,8.0,0.07600857532644709,29.0,27266,105.51235971539647,2.3195876288659796,27.835051546391753,47.92914528248771,36.524316411544646,53.46312327182694,3.3196907685311507,56.89469239264601,24.33530392602698,20.574720110872907,3.6315208211524714,0.007146105372571948,0.003248229714805431,51.102665713852616,0.3343511119773057,10.834005721411282,0.3374165627521455,238.37746644172228
358,1939869,621706,402857,536382,2155,277119,259263,181208,92577,88631,713175,473042,240133,283702,429473,1226694,380976,19911,1683169,238295,6164,0.0378376065600306,188,284,5681,5354,17270,68238,19981,248291,61734,14266,18690,3398,1026,26800,411,654,283,937,118,5,123,7,12,19,23,1515,Jharkhand,Palamu,24.196925968109337,84.20310842824594,928.0,52.81609222066026,62.0,43.0,19.0,26.0,47.0,21.0,0.1110899756633051,135.0,12827,531.9872144694784,1.518151815181518,27.12871287128713,36.7640804611033,53.419707645388584,60.21986188523154,27.650423817278387,9.341249331784775,86.76714767852881,12.28407691447206,0.3177534153079409,0.009691376067146802,0.014640163846115382,0.29285482679500524,0.2759980184228935,155.7729788726904,7.998752631168629,1935.6903406876122
359,726978,209706,140976,154910,340,78266,76644,331096,166427,164669,313379,180106,133273,117311,196068,413599,142729,9205,473049,69808,47653,0.016506689335853354,128,16,133525,2679,2177,38194,6240,93771,22795,3568,4556,804,184,11563,146,238,100,338,47,2,49,3,5,8,7,547,Jharkhand,Latehar,23.72511185840708,84.48298743362837,967.0,48.23832358063105,57.0,39.0,18.0,37.0,49.0,12.0,0.04676895311825117,0.0,506637,7.5387308862163644,1.2797074954296161,26.691042047531994,43.10708164483657,45.545170544293015,62.56577498811343,21.30876037514203,45.54415676953085,65.07060736363411,9.602491409643758,6.554943891011833,0.01760713529157691,0.002200891911447114,18.367130779748493,0.36851183942292615,1.2316510637793923,0.0363179159832385,18.508517932957915
362,1321442,406275,266134,79614,1193,40802,38812,571077,282125,288952,624779,367108,257671,237479,387300,696663,303084,23106,1044726,106865,86404,0.017707928157270618,267,162,78622,4162,11836,62110,10396,188539,44808,7673,9036,1163,200,30542,376,574,244,818,90,4,94,6,10,16,18,1323,Jharkhand,Dumka,24.275006125574265,87.27662450229711,977.0,50.88448830898366,61.0,41.0,20.0,39.0,55.0,16.0,0.09028016363941815,4.0,264077,23.51965525206663,1.3605442176870748,28.420256991685562,47.280092505005896,48.51059334580708,61.98991963558315,6.02478201843138,43.216198667818944,79.0595425300543,8.086998899686858,6.538614634618849,0.020205200076885706,0.012259334878110428,5.949712511029618,0.314958961498121,3.9367305747944723,0.07573548624075553,71.39546420172904
363,791042,258260,168052,72885,808,37212,35673,240489,120035,120454,326631,214740,111891,122434,204197,464411,135667,11547,550560,164406,4419,0.06573607975303461,118,783,68564,1672,5564,49419,4959,100935,27797,6697,8399,1390,312,12972,150,234,101,335,39,2,41,3,4,7,8,540,Jharkhand,Jamtara,23.97873318077801,86.95325080091534,954.0,53.89246083014555,64.0,44.0,20.0,29.0,53.0,24.0,0.10214375469317685,5.0,103528,47.73491229425856,1.4814814814814816,27.77777777777778,41.291233588102784,41.53524925680661,62.51611145298517,9.213796486153706,30.40154631486065,69.59933859390526,20.783472938225785,0.5586302623628076,0.01491703348241939,0.09898336624351173,8.667554946513587,0.21136677951360355,4.790008500115911,0.30136774592380805,97.49536357313964
364,2914253,1085244,826189,152943,22538,78613,74330,1042016,520582,521434,1142867,743967,398900,756176,386691,1771386,267360,38452,1612239,410759,193974,0.1655998981557195,932,2733,677445,11345,164237,350908,76565,384633,85818,17433,22402,3868,1101,63936,674,1319,938,2257,351,58,409,81,131,212,253,3805,Jharkhand,Ranchi,23.184235061391547,85.31781937244203,949.0,65.58912352496506,73.0,58.0,15.0,28.0,50.0,22.0,0.7733714265714061,85.0,192621,182.17535990364496,6.649145860709593,17.71353482260184,39.21646473384431,23.39379822849028,33.83517067165296,5.248103030176172,35.755852357362244,55.32254749330274,14.094829790001073,6.656045305606617,0.03198075115647132,0.09378046449639067,23.24592271158338,0.38929358569760414,39.749040862626615,0.5715887675798589,199.68383509586184
366,1025213,321795,237925,32459,831,16446,16013,706754,352514,354240,487508,264774,222734,278931,208577,537705,97918,12771,309563,51429,202449,0.02155649606472021,531,23,457468,3529,9108,31687,7807,125906,32057,5990,7491,1195,306,23395,242,370,155,525,59,3,62,4,6,10,10,849,Jharkhand,Gumla,23.078532948929148,84.55056787479396,993.0,54.5954840603855,63.0,47.0,16.0,44.0,51.0,7.0,0.08105632683159499,6.0,157945,20.06204691506537,1.1778563015312131,28.504122497055363,47.55187458606163,20.085413982950023,42.78432353930602,3.1660737817409648,68.93728425215053,30.19499362571485,5.016420977884596,19.747018424463988,0.05179411497903362,0.002243436242029705,44.62175177255848,0.3442211520922969,4.942859856279084,0.19373832663268858,79.7150906961284
367,599578,191991,151492,44674,423,22150,22524,424407,211546,212861,288645,159867,128778,155510,133135,310933,90232,8011,201524,15103,306601,0.008505982541053874,753,114,73930,1502,3472,16865,4649,81090,13393,1740,2013,218,55,20110,148,214,92,306,26,2,28,3,5,8,7,496,Jharkhand,Simdega,22.608760391198054,84.59193691931536,997.0,57.28745884605506,64.0,51.0,13.0,43.0,53.0,10.0,0.07054961989932919,5.0,74216,22.72421041284898,1.411290322580645,29.838709677419356,48.14135942279403,31.26054496007206,46.12413171889345,7.4509071380204075,70.78428494707944,33.6109730510459,2.5189383199516993,51.13613241313056,0.12558833045908957,0.01901337273882631,12.330339005100253,0.25050952503260626,6.264147892637705,0.07410800905465129,109.26215371348495
371,579505,228092,177787,104620,2498,52580,52040,176758,88273,88485,247707,172018,75689,172069,75638,331798,56809,15836,553587,12783,10462,0.24866049473257346,80,70,67,1015,18950,81433,7555,101028,12354,1663,1991,259,69,19251,157,265,194,459,70,71,141,34,55,89,26,870,Orissa,Jharsuguda,21.827058566978184,83.93581682242987,953.0,70.03891252016807,77.0,63.0,14.0,27.0,58.0,31.0,0.4310575404871399,48.0,39643,205.4158363393285,2.9885057471264367,18.04597701149425,42.74458373957084,22.933950191153258,30.535269491778593,18.053338625205996,30.5015487355588,95.52756231611461,2.2058480944944394,1.8053338625205992,0.013804885203751479,0.012079274553282544,0.011561591358141863,0.17514948102259686,19.05758898166133,0.1740534268344979,254.8444870468935
372,1041099,393192,310499,191827,5231,96511,95316,355261,177565,177696,505840,313161,192679,336854,168986,535259,160798,59288,964188,20120,50637,0.24070717578251444,310,86,1117,2135,33612,126498,14521,187345,21159,2471,2934,372,91,37391,282,454,356,810,125,137,262,41,66,107,88,1548,Orissa,Sambalpur,21.515752380952385,84.34958483245157,976.0,67.59117048426711,75.0,60.0,15.0,37.0,59.0,22.0,0.5024498150512103,39.0,87131,145.18139353387429,5.684754521963824,18.217054263565892,48.58711803584481,31.78831250988455,33.40700616795825,18.425433124035273,34.123652025407765,92.61251811787352,1.9325731750774904,4.863802577852827,0.02977622685258559,0.008260501642975355,0.10729046901399386,0.2050717559040975,16.665710252378602,0.10444044025662508,215.01532175689476
374,2093437,750147,592175,191660,12787,96465,95195,1062349,526856,535493,873227,584687,288540,535112,338115,1220210,253327,26970,1532352,71391,385011,0.2729004980804295,710,721,89986,7553,77581,223537,35024,351438,44411,5684,6939,1008,247,70505,564,943,713,1656,244,261,505,109,177,286,119,3130,Orissa,Sundargarh,22.06354819277107,84.50524819277099,973.0,64.12048702683673,71.0,57.0,14.0,28.0,55.0,27.0,0.6108137001495627,122.0,63724,350.7893415353713,3.801916932907348,18.01916932907348,41.7125999015017,29.010440584178,38.72017241793944,9.155279093662719,50.746642960834265,73.19790373438512,3.41022920680202,18.39133444187716,0.033915517878015916,0.03444096956344996,4.298481396860761,0.36079423455303405,54.96202372732408,0.3876090640888833,551.5002196974452
376,2519738,794171,575226,184682,2950,92127,92555,1479576,730487,749089,1223534,697782,525752,548390,675144,1296204,568755,113808,2113079,33706,15008,0.026232886117524914,162,109,351714,5299,29031,140189,17999,430350,56862,6052,7021,821,148,93415,799,951,388,1339,269,232,501,29,48,77,31,2747,Orissa,Mayurbhanj,21.897621545157754,86.4030408052231,1006.0,54.34680113567363,63.0,46.0,17.0,42.0,56.0,14.0,0.11707566421588277,13.0,215091,65.17659967176684,1.1285038223516564,29.08627593738624,48.55798499685285,46.48460933656114,55.1798315371702,7.3294128199042925,58.71943829080642,83.8610601578418,1.3376787586645913,0.595617480865074,0.006429239865414578,0.004325846576112278,13.958355987805081,0.21029964226439418,8.368086065897689,0.0688080858799299,200.0781064758637
377,2320529,902359,718873,478586,7370,243597,234989,275678,137748,137930,932707,684020,248687,618064,314643,1387822,358214,28736,2197709,94254,6434,0.010213188458321356,111,201,18345,3238,36478,296834,28289,399222,52884,9291,11631,1805,535,65670,728,889,420,1309,255,215,470,42,68,110,46,2664,Orissa,Baleshwar,21.48570932311624,87.08085828011933,957.0,69.8647592854905,76.0,63.0,13.0,22.0,58.0,36.0,0.3175999955182633,44.0,83717,354.5683672372398,1.7267267267267266,27.32732732732733,40.193723069179484,38.40584449350117,33.73438818407067,20.62400426799234,11.879963577270528,94.70724132299144,4.061746265614436,0.277264365151222,0.004783392062758104,0.008661818059588999,0.7905524990206975,0.1395371486415382,33.79122519918296,0.6390577779901334,476.87088643883556
378,1506337,596269,497871,334896,2637,168687,166209,30428,15361,15067,468599,409559,59040,328097,140502,1037738,151377,14451,1398543,104202,745,0.011219268994919464,81,111,61,2425,15864,164636,15609,225412,44020,10122,13377,2491,764,26718,485,580,252,832,171,134,305,28,46,74,14,1711,Orissa,Bhadrak,20.95262735257214,86.81496204516931,981.0,72.635804604149,78.0,67.0,11.0,8.0,54.0,46.0,0.17506042804498595,7.0,222011,74.15668592997645,0.8182349503214494,28.345996493278786,31.108510247042993,32.30416624875427,29.983418658597223,22.232475203092005,2.0199995087420675,92.84396519503936,6.917575549163302,0.049457724267544384,0.005377282772712879,0.00736886898482876,0.004049558631302292,0.16098655214603372,7.030732711442226,0.344127092801708,101.53190607672593
379,1440361,579970,509295,309780,1628,155531,154249,9484,4748,4736,466890,386382,80508,322265,144625,973471,143864,16544,1386792,50247,1423,0.011733169670658954,62,52,24,1592,15879,173107,11836,243965,41936,7922,10098,1686,490,31406,455,541,209,750,151,134,285,14,23,37,13,1540,Orissa,Kendrapara,20.606319815982264,86.83763247572003,1007.0,75.62444414976524,81.0,70.0,11.0,11.0,54.0,43.0,0.11302722025936553,3.0,521019,33.224700058923,0.8441558441558441,29.545454545454547,32.414790458780814,30.81325365717835,30.976247081753733,21.507108287436274,0.6584460423463284,96.280862922559,3.488500452317162,0.0987946771677378,0.004304476447223995,0.003610206052510447,0.0016662489473125138,0.11052784683839675,2.271702183605588,0.09404647431283696,46.82458797088014
381,2624470,1103033,908436,498633,15046,254456,244177,93745,47437,46308,936365,761876,174489,696274,240091,1688105,248298,51809,2457729,141263,11985,0.03909360747122276,6276,1180,168,4843,103177,349587,40589,419696,66251,14098,18244,3201,945,62640,743,1167,851,2018,305,324,629,116,189,305,157,3852,Orissa,Cuttack,20.407640646029623,85.7776810228802,940.0,76.64286503560719,82.0,71.0,11.0,14.0,56.0,42.0,0.5732967037154169,38.0,268114,130.38744713069815,4.075804776739356,19.288681204569055,35.67825122786696,26.517223518606524,25.64074906687029,18.999378922220487,3.571959290828244,93.64667913902616,5.382534378369728,0.45666363113314307,0.2391339965783568,0.04496145888503203,0.006401292451428289,0.1845324960849238,15.138709653356408,0.3524620124275495,156.53639869607704
383,1192811,464093,365817,234079,1810,118755,115324,162056,80878,81178,435533,340552,94981,277338,158195,757278,163636,17312,1185542,4805,727,0.010395611710488922,366,39,139,1069,19846,117172,10600,214369,28592,3889,4631,584,158,30778,373,453,202,655,129,111,240,17,28,45,21,1334,Orissa,Dhenkanal,20.79887159353349,85.53226836027711,947.0,69.57598479557952,76.0,63.0,13.0,16.0,56.0,40.0,0.15174239674181408,4.0,499381,23.46344774831241,1.5742128935532234,27.961019490254873,36.51316092826106,37.57143545954038,36.32216158132679,19.62414833531884,13.586058478669294,99.39059918126173,0.4028299537814457,0.060948465431656815,0.030683821661604393,0.003269587554105386,0.011653145385144838,0.08962023321381175,2.1226278132327825,0.03163916929158298,42.92694355612248
385,962789,392333,296029,136399,1163,69813,66586,58691,29173,29518,343633,284591,59042,229076,114557,619156,120129,17557,955754,5278,383,0.01111354616639783,33,24,12,1198,11159,124984,8278,174854,29322,4341,5245,720,184,21547,306,345,125,470,101,80,181,8,12,20,7,984,Orissa,Nayagarh,20.192895622119817,85.05614700460825,915.0,71.49666230087797,78.0,64.0,14.0,13.0,57.0,44.0,0.12079489898617454,4.0,257481,48.54105739840998,0.7113821138211381,31.097560975609756,35.69141317568024,34.95851678971461,33.337019436433636,14.167070874303716,6.095935869645374,99.26931030578871,0.5481990342639976,0.03978026338065765,0.003427542275618022,0.002492758018631289,0.0012463790093156445,0.12443017109667849,3.214994504448872,0.07146158357315685,67.90947681576505
386,2251673,957515,792421,297472,35701,151528,145944,115051,59094,55957,792193,645880,146313,632625,159568,1459480,116274,39471,2147632,84060,12527,0.056136037515216466,475,476,434,4805,160277,349860,75588,351892,63308,14040,18047,3203,804,56389,550,1022,1105,2127,427,328,755,143,230,373,379,4186,Orissa,Khordha,20.054162322274863,85.52234834123229,929.0,77.7171463174271,82.0,73.0,9.0,13.0,55.0,42.0,1.5855321798502713,20.0,799185,43.777097918504474,9.053989488772098,13.139034878165312,35.18241769564231,14.677483895969795,20.142566268573443,13.211154550416513,5.109578522280989,95.37939123487291,3.7332241404502344,0.5563418844565796,0.021095425490290996,0.02113983691237582,0.01927455718481325,0.21339688311757524,9.458135475515682,0.10060248878545018,44.031356944887605
387,1698730,704857,587082,325133,3416,164366,160767,6129,3240,2889,621676,498461,123215,450536,171140,1077054,163942,25115,1644905,46094,4239,0.01136142883212753,243,94,302,2660,33331,201605,16006,270707,51583,9651,12268,2037,580,34924,515,663,347,1010,188,163,351,42,67,109,40,2027,Orissa,Puri,19.83509174603177,85.86698989898981,963.0,76.05322799974098,81.0,70.0,11.0,15.0,58.0,43.0,0.2010914035779671,6.0,547853,36.799104869371895,1.973359644795264,25.407005426739023,36.596516220941524,26.370971374156316,27.528809218950062,19.13976912163793,0.3607989498036769,96.83145644098828,2.713438863150707,0.24953936175849015,0.014304804177238289,0.005533545648808227,0.017777987084468986,0.1565875683598924,2.921586629990162,0.10586781490655339,49.41234236191095
388,3529031,1262652,947398,688235,9049,342111,346124,118928,59172,59756,1501772,990027,511745,900744,601028,2027259,565448,56274,3486059,13315,23975,0.016718470310972046,174,170,76,4672,120191,405298,41059,529384,103539,23512,29241,4698,1031,94730,1066,1419,785,2204,396,357,753,97,158,255,99,4377,Orissa,Ganjam,19.2632617564534,84.80297710437702,983.0,62.62483950976912,71.0,54.0,17.0,29.0,56.0,27.0,0.2564159963457391,37.0,327933,123.59170928207897,2.2618231665524333,24.354580763079735,42.55479762008324,37.65205370722053,40.0212548908889,19.502095617748893,3.369990232446244,98.78232863355409,0.3772990376111743,0.6793649588229743,0.004930531922218875,0.004817186360788556,0.0021535656671760606,0.13238761575061256,12.520545355301236,0.314393488913894,161.430536115609
389,577817,153663,108874,39175,635,19037,20138,313714,151902,161812,293933,155907,138026,170371,123562,283884,153199,5370,353160,1556,219482,0.00917245425454772,2180,66,4,1316,12035,63112,5523,91784,13439,1791,2078,246,41,21517,193,198,88,286,68,38,106,10,16,26,9,617,Orissa,Gajapati,19.121080882352945,84.14015091911759,1043.0,45.436011747664054,54.0,37.0,17.0,47.0,55.0,8.0,0.10989638587995854,5.0,228262,27.648929738633676,1.4586709886547813,31.280388978930308,50.86956596984859,52.12038117530186,42.037471124371876,6.779828215507679,54.292968188890256,61.11969706671836,0.26928941169955195,37.98469065465363,0.3772820806587553,0.011422301524531123,0.0006922606984564318,0.22775376979216602,2.4195880172783903,0.017961815808150285,40.20993419842111
390,733110,233900,165886,115544,768,56987,58557,392820,190506,202314,355349,193515,161834,167112,188237,377761,162932,11946,580300,2138,148895,0.011185224591125479,290,47,23,1335,6938,28736,6609,131279,11463,916,1065,119,30,28197,251,238,93,331,85,42,127,8,12,20,9,739,Orissa,Kandhamal,20.092878624813142,84.02216352765326,1037.0,54.53288046814257,65.0,44.0,21.0,43.0,54.0,11.0,0.10475917665834596,2.0,381614,7.530122060511407,1.2178619756427604,33.96481732070365,48.471443575998144,45.85126171735393,52.97242992100723,15.760799879963445,53.58268199860867,79.15592475890385,0.2916342704369058,20.31004896945888,0.039557501602760836,0.006411043363206068,0.0031373190926327565,0.18210091255064043,1.7318547013474346,0.007861346805934793,34.40099157787712
394,610382,180903,118480,82159,757,40742,41417,206327,100469,105858,305438,168155,137283,151694,153744,304944,149834,8641,601092,4952,1778,0.11861424484994641,76,905,22,833,6414,43976,4221,128333,11864,897,1013,95,21,18737,52,78,28,106,18,24,42,2,1,3,2,205,Orissa,Nuapada,20.471309512195116,82.59152536585364,1021.0,49.048464731921975,60.0,38.0,22.0,45.0,56.0,11.0,0.12402069523675338,2.0,377015,11.66425739028951,0.975609756097561,25.365853658536587,50.0404664619861,49.05545478951539,50.33558365363838,13.46025931302037,33.80292996844599,98.4780023001989,0.8112952216808491,0.29129299356796234,0.01245121907264631,0.14826780606243303,0.0036043002578713002,0.13647191430939967,1.1195841014283252,0.005570070156359826,34.039229208386935
395,1576869,484177,317859,286580,1953,142133,144447,449456,221171,228285,751930,447290,304640,376757,375173,824939,436733,18453,1555367,4975,11160,0.05047977986757302,175,1225,220,2951,17610,91171,12622,330517,22551,1204,1364,134,26,50382,498,520,207,727,170,104,274,18,30,48,15,1562,Orissa,Kalahandi,19.784253092783523,83.1124043814433,1003.0,50.86256372596583,62.0,40.0,22.0,39.0,57.0,18.0,0.1238530277404147,4.0,405229,22.498636573394304,0.9603072983354672,31.88220230473752,47.68500110028163,58.08160334073651,49.894671046506986,18.173989088503863,28.50306525145716,98.63641177548675,0.3154986241723314,0.707731587088084,0.011097941553800601,0.0776855908766042,0.013951697953349329,0.18714300300151757,3.1147820121462186,0.00641612520328012,81.56301745432829
396,967911,241959,165776,139514,1553,68068,71446,541905,259040,282865,467122,258032,209090,227815,239307,500789,248175,9959,874445,4607,84916,0.022626047229548998,249,123,44,3308,24924,61543,9166,166387,17042,1555,1749,162,32,40786,290,356,172,528,104,82,186,21,34,55,15,1074,Orissa,Rayagada,19.292840020060204,83.45860120361095,1051.0,42.125257384201646,51.0,33.0,18.0,42.0,55.0,13.0,0.16044863628990683,7.0,367154,16.76217608959728,1.3966480446927374,27.001862197392924,48.26084216420725,53.12851888799928,51.23008550228848,14.413928553348395,55.98706905903539,90.34353365133778,0.4759735140937545,8.773120669152433,0.025725505754144753,0.012707779950842588,0.004545872502740437,0.3417669599787584,2.4965001062224568,0.008715688784542725,45.31804093105345
398,1379647,340843,227247,196540,3988,96789,99751,697583,337373,360210,693406,384053,309353,396460,296946,686241,290626,14416,1294151,8850,68550,0.037545836000078284,219,491,3384,3484,39631,85766,17294,254148,26944,2145,2437,245,47,54676,437,458,254,712,162,82,244,35,57,92,35,1519,Orissa,Koraput,18.82627794779476,82.81278469846964,1032.0,41.17647485190052,50.0,32.0,18.0,44.0,57.0,13.0,0.2890594478152745,12.0,327083,26.221478951825684,2.3041474654377883,28.76892692560895,50.259667871564254,41.91281875264996,42.8242616879577,14.245672987365609,50.562426475757924,93.80305251995618,0.641468433592071,4.968662273755533,0.01587362564482074,0.03558881366030586,0.24528013325147663,0.2525283641395227,5.287342967992833,0.014369441395609066,77.70137854917559
399,613192,147001,97705,138295,448,70052,68243,354614,171717,182897,310666,170495,140171,179030,131636,302526,106353,7725,600219,1871,10039,0.03473626531331133,43,195,35,577,4738,24604,3908,104884,12404,857,932,65,10,19230,176,192,75,267,59,42,101,6,10,16,5,564,Orissa,Malkangiri,18.25227930367506,81.98293636363628,1020.0,39.906913332202635,48.0,32.0,16.0,45.0,56.0,11.0,0.07306031389842008,2.0,252876,9.729669877726632,0.8865248226950355,31.20567375886525,50.663739905282526,34.2338717465059,42.37219393174663,22.553294889691973,57.83082623387128,97.8843494370442,0.3051246591605892,1.6371707393442836,0.007012485485785856,0.0318008062727498,0.005707837023314068,0.09409777035577764,1.5454214713930938,0.003954507347474652,41.47645486325314
400,658917,229923,167900,54776,1667,27682,27094,304280,152659,151621,307071,185483,121588,173057,134014,351846,94648,4830,604259,25878,9398,0.21110397819452226,84,1155,15474,1278,25605,80023,7609,111220,16253,2167,2572,323,82,22030,146,293,236,529,53,28,81,22,37,59,38,852,Chhattisgarh,Koriya,23.50412776859501,82.12515636363635,968.0,60.375282471085136,69.0,52.0,17.0,38.0,55.0,17.0,0.2529908926313937,43.0,58919,135.81866630458765,4.460093896713615,17.136150234741784,46.602379358857036,30.822839017686466,43.64267547244774,8.313034873891551,46.17880552482331,91.70487329967204,3.927353521004922,1.42627978941202,0.01274819135035217,0.17528763106734233,2.3483989637541605,0.1939546255446437,12.914340026137577,0.13917412040258662,188.7676301362888
401,2359886,694686,493255,115652,2737,58281,57371,1300628,652799,647829,1155807,649888,505919,622589,533218,1204079,523356,12643,2126195,81442,97432,0.09758945982983924,1287,623,48295,2309,29433,253131,18983,383510,70257,8651,10044,1167,226,56755,530,946,725,1671,159,22,181,17,28,45,36,2462,Chhattisgarh,Surguja,23.32719278728607,83.23582493887531,978.0,50.33891467638691,58.0,42.0,16.0,43.0,54.0,11.0,0.11598017870354754,7.0,435160,58.169638753561905,1.462225832656377,21.527213647441105,48.97723873102345,45.28057019900381,46.13382684133251,4.90074520548874,55.11401821952416,90.09736063521713,3.451098909015096,4.128674012219234,0.054536532696918404,0.026399580318710307,2.0464971613035545,0.09784370939952185,4.362303520544168,0.05193492048901553,88.1308024634617
402,851669,280656,214759,48844,567,24317,24527,530378,262731,267647,487360,263645,223715,291349,196011,364309,197558,7553,629509,15336,189588,0.05565542481879698,467,694,14835,766,6628,76783,5755,136893,26950,3115,3619,419,85,23065,196,342,246,588,46,5,51,4,7,11,11,856,Chhattisgarh,Jashpur,22.77286167664669,83.8703962075848,1005.0,58.16989933882765,66.0,50.0,16.0,52.0,62.0,10.0,0.06657516006805461,2.0,294640,26.059937550909584,1.2850467289719625,22.897196261682243,57.224109366432266,40.53635915955351,40.218934668417596,5.735091919513332,62.27513271000823,73.91474857016047,1.800699567555001,22.260760929422112,0.054833509262401235,0.08148705659123438,1.7418738970186773,0.08994104517130481,1.9532310616345372,0.028848764594080912,46.46110507738257
403,1493984,542756,408883,224942,3342,112111,112831,505609,250473,255136,690167,429211,260956,484875,205292,803817,323788,9959,1422986,17332,47653,0.14170165142330843,781,409,1782,924,27771,297308,13857,270070,35329,4922,5825,713,190,50440,325,594,446,1040,82,27,109,21,34,55,45,1575,Chhattisgarh,Raigarh,22.008265068493166,83.27797698630134,991.0,63.6980717330306,72.0,55.0,17.0,35.0,57.0,22.0,0.22369717480240753,16.0,175417,169.48642377876718,2.857142857142857,20.634920634920633,46.19641174202669,46.9144424465383,29.745264551912797,15.056520016278622,33.842999657292175,95.24774027031079,1.1601195193522822,3.1896593270075178,0.052276329599246045,0.027376464540450233,0.11927838584616703,0.06184805192023476,7.899462423824373,0.10831333337133801,153.9588523347224
403,1493984,542756,408883,224942,3342,112111,112831,505609,250473,255136,690167,429211,260956,484875,205292,803817,323788,9959,1422986,17332,47653,0.14170165142330843,781,409,1782,924,27771,297308,13857,270070,35329,4922,5825,713,190,50440,325,594,446,1040,82,27,109,21,34,55,45,1575,Maharashtra,Raigarh,18.453257637845976,73.0090609418579,991.0,63.6980717330306,72.0,55.0,17.0,35.0,57.0,22.0,0.22369717480240753,13.0,220393,134.89902129377975,2.857142857142857,20.634920634920633,46.19641174202669,46.9144424465383,29.745264551912797,15.056520016278622,33.842999657292175,95.24774027031079,1.1601195193522822,3.1896593270075178,0.052276329599246045,0.027376464540450233,0.11927838584616703,0.06184805192023476,6.287404772383878,0.08620963460726974,122.54018957044914
404,1206640,433391,315368,124679,4544,63446,61233,493559,246323,247236,521186,333329,187857,350314,170872,685454,221806,7899,1133176,30195,21059,0.30381886892528015,897,753,15649,1245,43357,202380,18004,208797,26348,3799,4509,590,120,37417,246,521,416,937,101,63,164,54,88,142,75,1565,Chhattisgarh,Korba,22.491712499999995,82.57604326923074,969.0,62.05322217065571,71.0,53.0,18.0,32.0,54.0,22.0,0.37658290790956706,31.0,140631,143.90852656953302,4.792332268370607,15.718849840255592,43.193164489822976,42.55793517093706,32.785224468807684,10.332742160047736,40.90358350460784,93.9116886561029,2.5024033680302327,1.7452595637472652,0.07433865941788768,0.06240469402638732,1.2969071139693695,0.10317907578068024,12.80229821305402,0.08532969259978242,148.4715318813064
406,2663629,932474,664086,552992,8566,281221,271771,498469,248172,250297,1203197,715467,487730,826568,376629,1460432,572292,21658,2540763,57973,20745,0.2392600471011541,2979,2357,29122,3317,77727,519704,30892,464063,57480,10850,13773,2306,617,80579,477,952,870,1822,232,82,314,75,99,174,195,2981,Chhattisgarh,Bilaspur,22.356942982456143,81.99770350877188,971.0,59.939278330428145,69.0,51.0,18.0,37.0,53.0,16.0,0.3215913327268925,18.0,434445,119.62480866392752,6.541429050654143,16.001341831600136,45.17134330644395,47.564280828492755,31.302355308399203,20.760849202347625,18.713904977006933,95.38727052453626,2.176466767706764,0.7788246786620809,0.11183989962566109,0.08848829923386478,1.093320428633267,0.12452935450094589,7.110681444141376,0.14202027874644663,106.81743373729702
406,2663629,932474,664086,552992,8566,281221,271771,498469,248172,250297,1203197,715467,487730,826568,376629,1460432,572292,21658,2540763,57973,20745,0.2392600471011541,2979,2357,29122,3317,77727,519704,30892,464063,57480,10850,13773,2306,617,80579,477,952,870,1822,232,82,314,75,99,174,195,2981,Himachal Pradesh,Bilaspur,31.3780422907489,76.65316079295157,971.0,59.939278330428145,69.0,51.0,18.0,37.0,53.0,16.0,0.3215913327268925,18.0,428192,121.37172109707794,6.541429050654143,16.001341831600136,45.17134330644395,47.564280828492755,31.302355308399203,20.760849202347625,18.713904977006933,95.38727052453626,2.176466767706764,0.7788246786620809,0.11183989962566109,0.08848829923386478,1.093320428633267,0.12452935450094589,7.214520588894702,0.1440942380987968,108.37731671773409
409,3343872,1284612,1018766,458040,16141,229067,228973,397416,196008,201408,1496805,921729,575076,1206793,290012,1847067,560415,22565,3129745,83499,24304,0.7259847266881029,19587,17209,42569,2683,129193,614109,51289,473520,106165,27076,33807,5370,1361,79509,649,1369,1164,2533,233,173,406,135,219,354,266,4209,Chhattisgarh,Durg,21.194463849287164,81.33181639511197,988.0,68.88355774383709,76.0,61.0,15.0,35.0,55.0,20.0,0.4827038834022355,54.0,238944,257.0095922057051,6.319790924210027,15.419339510572582,44.76262847381718,37.44074879493321,19.375402941598942,13.697892742305925,11.884904685346807,93.59643550949318,2.497075246899403,0.7268220793140407,0.5857580672944419,0.5146429049915786,1.2730451404838463,0.0802363248354004,21.464862059729477,0.5695895272532476,198.17195660907996
410,4063872,1493158,1136591,724250,20261,362284,361966,476446,235271,241175,1757664,1099964,657700,1259138,498526,2306208,708993,34078,3881485,103038,23181,0.41111038930360017,8397,17137,10680,3247,166505,728556,59523,623870,105412,24592,31521,5280,1649,100264,716,1465,1310,2775,263,161,424,131,195,326,320,4561,Chhattisgarh,Raipur,20.88603153846152,82.20032759615388,984.0,64.71042887177549,73.0,56.0,17.0,33.0,54.0,21.0,0.4985639311474377,56.0,295221,246.7832572886075,7.016005262003946,15.698311773733831,43.25096853444203,40.337231689333116,28.362986327307155,17.821673517276135,11.723942092664336,95.511989550852,2.535463715392611,0.5704165879240292,0.20662560238117736,0.42169143122618036,0.2628035528678069,0.07989917005260008,20.162183584501104,0.5585646007567212,211.32304273747465
411,1032754,364089,273874,139581,961,68968,70613,279896,137339,142557,499260,291858,207402,340802,158458,533494,278073,6135,1008061,12570,5284,0.28477255958340514,521,1495,1417,465,13200,212487,5614,190249,27994,4433,5334,709,192,32927,232,404,238,642,14,17,31,14,23,37,20,964,Chhattisgarh,Mahasamund,21.223727037773354,82.65925427435384,1017.0,61.772987565286606,71.0,53.0,18.0,40.0,57.0,17.0,0.0930521692484367,5.0,288706,73.59978663415377,2.0746887966804977,24.066390041493776,48.3425869084022,55.69703160677803,31.73857308817049,13.515416062295571,27.101904228887037,97.60901434417102,1.217133993187148,0.5116416881464512,0.05044763806288816,0.14475857755089788,0.13720595611345976,0.045025243184727434,1.944538734906791,0.06650364038156463,65.89714103620985
412,799781,303924,242909,58581,1016,28887,29694,207633,102058,105575,402895,226382,176513,335368,67527,396886,182602,7310,777188,10425,2644,0.1495409368314576,667,3612,3685,364,14568,148926,4804,113655,24428,5772,7166,1096,298,23029,198,322,174,496,12,17,29,13,21,34,26,782,Chhattisgarh,Dhamtari,20.554912627291245,81.7569195519348,1010.0,68.37284206551544,76.0,60.0,16.0,44.0,57.0,13.0,0.12703477576986702,5.0,281625,52.880958721704395,3.324808184143223,25.31969309462916,50.37566533838639,45.322478561411785,16.760446270120006,7.324630117494664,25.96123188722913,97.17510168408602,1.303481828150456,0.33059049914914207,0.08339783015600521,0.45162363196925165,0.4607511306220078,0.045512459035661014,1.7058144695960942,0.1058144695960941,40.35685752330227
414,1413199,382335,268528,37963,1782,18815,19148,931780,456841,474939,726531,404364,322167,394824,331707,686668,287828,10821,1277975,12413,27951,0.14852826813491943,985,3466,86925,1385,22075,157646,9042,222252,35222,3347,3836,407,82,45497,353,622,406,1028,47,22,69,17,27,44,36,1529,Chhattisgarh,Bastar,19.393866751269048,81.52895126903546,1023.0,46.05600485140451,55.0,38.0,17.0,45.0,58.0,13.0,0.12609689081297112,4.0,518959,30.377351582687652,2.354480052321779,23.086984957488554,51.41038169429783,39.6167541371256,45.656276194684054,2.6863166475492837,65.93409703799678,90.43135467828664,0.8783617876887827,1.9778530836775288,0.06970002101614847,0.24525916024565544,6.150938402871783,0.09800459807854378,1.742334172834463,0.015800862881268078,42.82650459862918
417,255230,54076,32843,10122,117,5145,4977,204189,101519,102670,134525,71591,62934,69338,65187,120705,49859,1399,245151,1617,2709,0.026642636053755435,1649,15,3793,228,1022,12516,1462,35090,4836,435,506,63,8,9970,293,528,383,911,71,23,94,19,30,49,40,1387,Karnataka,Bijapur,16.84015316666667,75.95909166666665,984.0,34.05516592877013,42.0,26.0,16.0,50.0,56.0,6.0,0.0458410061513145,0.0,1117804,1.1196954027718633,2.883922134102379,21.12472963229993,52.70736198722721,37.062999442482806,48.457164095892956,3.9658347372957725,80.0019590173569,96.05101281197351,0.6335462132194492,1.0613956039650512,0.6460839243035693,0.005877052070681346,1.486110566939623,0.08933119147435648,0.13079216034295815,0.0007156889758848599,3.139190770474967
418,687861,208201,119824,108391,273,57838,50553,161448,82637,78811,277455,183788,93667,196189,81266,410406,115261,4166,638702,41396,230,0.9285306188314209,201,379,40,526,11701,74770,5393,111135,15868,2663,3212,452,97,14533,156,289,174,463,10,14,24,12,20,32,16,693,Madhya Pradesh,Sheopur,25.78014810996563,77.16911116838484,901.0,47.687686901859536,58.0,37.0,21.0,29.0,51.0,22.0,0.03968825096930921,1.0,900738,8.300970981572888,2.3088023088023086,22.51082251082251,40.33591088897321,41.5422320736696,29.28979474148961,15.757689416902544,23.471021034773013,92.85335263955945,6.018076326467121,0.03343698799612131,0.02922101994443645,0.05509834108926077,0.0058151283471515325,0.07646893776504265,0.5987312625869009,0.010768947241040125,12.338215996216435
419,1965970,747652,432033,421519,1781,228548,192971,17030,8947,8083,675993,525329,150664,520970,155023,1289977,148222,16354,1875495,76159,1092,0.028332070174010796,3234,6681,92,2660,45113,131486,20172,247902,56260,16340,22524,4547,1637,35623,473,789,380,1169,40,55,95,47,76,123,66,1924,Madhya Pradesh,Morena,26.37313504531724,77.88447341389724,840.0,60.00523914403577,70.0,48.0,22.0,17.0,49.0,32.0,0.09059141289032895,6.0,778250,16.895085126887246,3.4303534303534304,24.584199584199585,34.38470576865364,21.92655841110781,22.93263391780684,21.440764609836364,0.8662390575644594,95.39794605207608,3.873863792428165,0.05554509987436227,0.16449894962791903,0.3398322456599033,0.004679623798938946,0.13530216636062606,2.591969161580469,0.21034371988435593,31.85377449405718
420,1703005,676513,418404,374799,1166,204212,170587,6131,3283,2848,520768,455775,64993,422111,98657,1182237,158266,9838,1595400,66776,973,0.23763876207057527,12215,19950,73,3571,32268,107819,14368,184647,59575,18857,25960,5184,1919,28074,379,712,411,1123,44,57,101,52,84,136,47,1786,Madhya Pradesh,Bhind,26.35951126187245,78.7618324287653,837.0,64.29323460588783,73.0,54.0,19.0,8.0,49.0,41.0,0.06846720943273801,7.0,461026,23.3867504218851,2.631578947368421,21.22060470324748,30.579358252030968,30.39088423251813,18.944520400639057,22.00809745126996,0.3600106869915238,93.68146306088356,3.9210689340313154,0.057134300838811394,0.7172615465016251,1.171458686263399,0.004286540556252037,0.20968816885446606,3.116527050535111,0.41624550459193194,40.05132031599086
421,2032036,803114,554096,393068,15779,210354,182714,72133,37704,34429,685311,548820,136491,559845,125466,1346725,120348,22592,1835299,141735,4119,1.2199587015190676,4361,18058,217,3457,165061,306859,46454,250533,61417,17029,22172,4047,1096,35383,330,797,823,1620,147,153,300,129,201,330,249,2830,Madhya Pradesh,Gwalior,26.04074441964285,78.12782433035713,864.0,66.79064740978998,74.0,59.0,15.0,14.0,50.0,36.0,0.7765118334517696,17.0,958996,31.997943682768227,8.798586572438163,11.66077738515901,33.725337543232506,17.56107810906289,18.307892329176095,19.343554937018833,3.5497894722337593,90.31823255099812,6.975024064534289,0.20270310171670186,0.21461233954516556,0.8886653582908963,0.010678944664366183,0.17012493873140044,4.844024375492703,0.11428619097472772,26.12450938272944
422,786754,303815,187630,200270,616,107132,93138,15061,7870,7191,321160,225662,95498,247229,73931,465594,93744,6839,747693,28483,683,0.06228122132203967,7923,453,10,1019,17555,97696,5251,109942,23412,5506,6863,1095,262,19319,202,385,237,622,19,25,44,22,36,58,25,951,Madhya Pradesh,Datia,25.90226439560441,78.63916571428574,873.0,62.46488737267304,72.0,51.0,21.0,26.0,54.0,28.0,0.07829639251913559,1.0,1851965,5.275261681511259,2.6288117770767614,21.240799158780234,40.82089191793115,29.18918918918919,23.01999003611907,25.455224886050786,1.914321376186203,95.03516982436696,3.620318422276849,0.08681239625092468,1.0070492174173884,0.05757835358955912,0.0012710453331028506,0.12951951944318046,0.2835366759091019,0.01414713561001423,5.936505279527421
423,1726050,573242,327604,321515,1852,171565,149950,227802,117111,110691,759281,481001,278280,577723,181558,966769,220440,13079,1648749,51200,1117,0.41429854291590623,3421,12171,72,2169,35706,148128,15304,267155,39868,7302,9170,1466,402,40169,407,750,454,1204,30,42,72,35,58,93,52,1827,Madhya Pradesh,Shivpuri,25.37802451874367,77.74861600810549,877.0,52.19118797253846,62.0,41.0,21.0,35.0,52.0,17.0,0.10729700761855103,4.0,965609,15.340370688342798,2.8461959496442253,22.27695675971538,43.989513629385016,29.032729648180318,23.91183237826312,18.62721242142464,13.197879551577302,95.52150864691058,2.966310361808754,0.06471423191680427,0.1981981981981982,0.705136004171374,0.004171373946293561,0.1256626401320935,1.5849065201339256,0.04163175778187651,27.666995647306518
424,1445166,459353,288587,361604,1090,190666,170938,67857,34923,32934,655318,402776,252542,470432,184886,789848,223852,15622,1383475,44143,588,0.017368246969552286,109,15569,39,992,21489,132725,10899,211780,45660,10204,12472,1837,431,29302,328,630,429,1059,50,35,85,31,51,82,36,1591,Madhya Pradesh,Tikamgarh,25.14099852104666,78.89357064846428,901.0,51.75460812114318,60.0,42.0,18.0,37.0,53.0,16.0,0.07542386134188045,1.0,2227236,5.959179898313425,2.262727844123193,20.615964802011312,45.34551740076919,34.15929365590446,28.21317284127706,25.02162381345811,4.695446751445854,95.73121703665876,3.0545279919400263,0.04068736740277588,0.007542386134188044,1.0773156855337034,0.0026986519195718694,0.0686426334414178,0.4893509264397666,0.019351339507802497,9.508646591560122
425,1762375,572010,371023,405313,1880,215258,190055,73597,38081,35516,751797,481518,270279,553862,197935,1010578,238364,26390,1676918,70351,1980,0.054925881268175054,250,10409,102,1397,36506,176056,15567,268197,50366,10861,13931,2446,624,38391,413,771,468,1239,42,58,100,50,81,131,64,1947,Madhya Pradesh,Chhatarpur,24.813637376460004,79.56449299191374,883.0,53.50921341939144,61.0,45.0,16.0,33.0,51.0,18.0,0.10667423221505071,2.0,1549771,11.360129980493893,3.2871083718541345,21.21212121212121,42.658174338605576,31.70589933186751,26.328250844310364,22.998113341371727,4.1760124831548335,95.15103198808426,3.9918292077452304,0.11234839350308533,0.014185403220086532,0.5906234484715228,0.005787644513795305,0.07926803319384353,1.0044709831323466,0.04026401319936946,17.305589019280912
426,1016520,332140,220419,207990,653,109421,98569,170879,87697,83182,431998,275375,156623,276633,155365,584522,198847,12201,974748,35214,418,0.01829772163853146,37,4734,218,965,13285,76097,8501,178890,19926,2505,2979,391,83,31859,238,438,269,707,12,17,29,14,23,37,23,1034,Madhya Pradesh,Panna,24.451325840092657,80.21133001158752,905.0,54.35790737024357,62.0,46.0,16.0,32.0,52.0,20.0,0.06423877542989809,0.0,2859140,2.6615345873234606,2.2243713733075436,23.017408123791103,42.49773737850706,46.029611248200226,35.964286871698484,20.46098453547397,16.810195569196868,95.8906858694369,3.464171880533585,0.041120686262936294,0.003639869358202495,0.4657065281548814,0.021445716759139023,0.09493172785582182,0.29732716830935174,0.002902970823394447,6.256776513217262
427,2378458,908607,637112,501630,4546,266306,235324,221936,114771,107165,1006035,682077,323958,779093,226942,1372423,378560,140458,2198297,103480,5580,0.174314618967415,991,62992,168,2804,68482,366494,24811,385255,46871,7601,9373,1383,389,67856,525,1037,716,1753,67,95,162,80,129,209,123,2771,Madhya Pradesh,Sagar,23.800318709677374,78.71940357771273,893.0,64.98828232409402,72.0,57.0,15.0,29.0,54.0,25.0,0.1911322377775853,4.0,1640038,22.346677333086184,4.4388307470227355,18.94622879826777,42.29778284922416,37.62890953098053,22.558062095255135,21.090555309364305,9.331087620634882,92.42530244385227,4.350717986191053,0.23460578240187552,0.04166565060219689,2.6484386102256168,0.00706339990027152,0.11789150785929371,1.512830800261945,0.02371896260940295,23.490614241865128
428,1264219,445737,301978,246337,1432,129877,116460,166295,84809,81486,574595,367711,206884,389993,184602,689624,250165,67383,1186420,47966,1681,0.08669384022863127,119,25005,82,1850,23270,187731,10504,233178,23000,2799,3332,445,88,41605,287,547,354,901,26,33,59,29,46,75,36,1359,Madhya Pradesh,Damoh,23.76624407960196,79.47049303482588,910.0,59.1444203891889,67.0,50.0,17.0,34.0,56.0,22.0,0.11327151387536495,2.0,991400,18.935949162800082,2.6490066225165565,21.118469462840324,45.45059044358612,43.53762215125436,32.12732446331764,19.48531069379593,13.153970949653502,93.84608204749335,3.7941211135096053,0.1329674684528551,0.009412926083218176,1.9779009807636176,0.0064862179733100045,0.14633540549540863,1.0595118014928384,0.008876336493847085,23.520072624571313
429,2228935,801051,570730,398569,3754,205987,192582,319975,163166,156809,911349,590487,320862,612510,298839,1317586,371584,46056,2158623,59471,2228,0.052177385163766556,364,3135,1689,2262,55196,294702,22751,355209,57313,11238,14209,2332,639,52022,487,963,766,1729,130,66,196,55,89,144,86,2641,Madhya Pradesh,Satna,24.62777621776502,80.75547048710598,926.0,61.54423525136444,69.0,53.0,16.0,30.0,51.0,21.0,0.16842124153463425,7.0,752652,39.15514739879785,3.256342294585384,18.439984854221887,40.88719500568657,40.77296403463437,32.790840830461214,17.88158918945595,14.355510591381085,96.84548898913606,2.6681352305024597,0.09995805171528108,0.016330669131221862,0.14065013111643004,0.07577609934789484,0.1014834438868787,3.0227781232229503,0.08489979432725882,47.1943208813635
430,2365106,845572,596185,383508,3406,198144,185364,311985,161696,150289,991946,617184,374762,630251,361695,1373160,463506,50878,2268838,85414,1964,0.035178127322834575,986,655,232,6185,45180,251132,31194,396235,65709,12012,15940,2945,983,62489,511,1000,831,1831,154,55,209,46,72,118,86,2756,Madhya Pradesh,Rewa,24.861184625158856,81.57572465057183,931.0,60.959508791572134,69.0,52.0,17.0,33.0,50.0,17.0,0.14401045872785406,3.0,1352697,18.565281064421672,3.1204644412191582,18.541364296081277,41.940868612231334,46.72693876481179,36.46317440667133,16.21525631409332,13.191163525017483,95.92965389289105,3.6114237585968665,0.08304067555534508,0.041689463389801555,0.027694318986125784,0.00980928550348272,0.2615104777544854,2.3060596718999156,0.07266963702883943,29.29222139178249
431,644758,210907,145765,58147,839,29902,28245,300687,151988,148699,289691,175698,113993,138600,151091,355067,145690,8767,620515,15966,667,0.029468420709785684,70,220,6028,1102,12713,67975,6360,110110,15267,2307,2690,324,59,16362,128,250,209,459,42,14,56,11,19,30,19,692,Madhya Pradesh,Umaria,23.59601063063061,80.90879477477475,950.0,55.318739744214106,64.0,46.0,18.0,36.0,53.0,17.0,0.13012634197636944,1.0,1308106,5.196444324848292,2.745664739884393,18.497109826589593,44.93019086230803,50.291517513488515,52.15591785730312,9.01842241585215,46.6356369366491,96.23998461438245,2.4762779213286223,0.10344966638645818,0.010856786577289465,0.03412132924290974,0.9349244212557271,0.17091684011675698,0.48619913065149156,0.00451033784723868,8.417513565414424
432,826067,307889,200945,111162,1945,56400,54762,71441,36738,34703,418682,245708,172974,358500,60182,407385,136330,4020,741288,67324,1508,0.13437166718922317,224,14165,115,333,34666,145258,8342,121641,28299,6287,7605,1063,255,18121,182,367,291,658,46,32,78,26,43,69,41,1026,Madhya Pradesh,Neemuch,24.70311893333336,75.06608186666664,954.0,61.59718279510016,73.0,50.0,23.0,43.0,58.0,15.0,0.23545305647120632,2.0,2180232,6.662501972267172,3.996101364522417,17.73879142300195,50.68378230821471,32.5617055426314,14.374155086676762,13.45677771899858,8.64832997807684,89.737031015644,8.14994425391645,0.18255177848770138,0.027116444549897284,1.7147519511129243,0.013921388943027625,0.04031150015676695,0.3826198312840101,0.011696002994176767,5.579268628292769
433,1340411,502898,331693,249024,2324,126822,122202,33092,17023,16069,679723,397714,282009,535066,144657,660688,266350,8556,1192588,125548,1120,0.06333878191092135,242,19029,77,958,47723,239885,12507,189687,50295,10411,12431,1662,358,31998,326,600,368,968,24,35,59,29,46,75,47,1475,Madhya Pradesh,Mandsaur,24.19278764044944,75.43588667736759,963.0,62.26381311403741,74.0,50.0,24.0,43.0,58.0,15.0,0.173379657433429,3.0,1565383,15.324364708189625,3.186440677966101,22.10169491525424,50.71004341205795,39.185079804567444,21.281757421773282,18.578182363469114,2.4687950188412358,88.97181536110939,9.366380908542231,0.08355646141370072,0.018054163984031764,1.4196392002154563,0.005744506722191925,0.07147061610207615,0.798973797466818,0.022869802470066432,12.11760955625556
434,1455069,485090,340790,198612,3644,100629,97983,409865,206290,203575,690980,411446,279534,471139,219841,764089,305946,11928,1267043,151071,3996,0.09298528111038033,175,29353,123,1955,67830,213825,14905,201478,48036,10909,13332,1916,507,30270,318,631,448,1079,40,58,98,47,77,124,81,1700,Madhya Pradesh,Ratlam,23.503562290502792,75.14895782122909,971.0,56.75882037209232,66.0,48.0,18.0,39.0,56.0,17.0,0.25043485910290164,5.0,1363713,15.679618805423134,4.764705882352941,18.705882352941178,47.48778236633452,44.27711366465021,31.815826796723496,13.649661974792949,28.16808000170439,87.07786366144836,10.38239423697433,0.27462615174950467,0.01202692106010093,2.017292650726529,0.008453207373670939,0.13435788955712755,1.0929719083120861,0.037177910601424204,14.774223021999497
435,1986864,730817,510173,523869,7501,267235,256634,48730,24925,23805,897442,569425,328017,682115,215327,1089422,302003,19678,1718204,233133,4659,0.16312138123193132,945,24622,211,1849,123526,323379,27733,247634,73411,20198,25274,3946,1130,37959,417,879,721,1600,103,106,209,87,142,229,145,2599,Madhya Pradesh,Ujjain,23.319288862745065,75.80383717647058,955.0,62.45973554304673,72.0,53.0,19.0,34.0,56.0,22.0,0.37752961450808914,42.0,292052,110.72651445632971,5.579068872643324,16.04463255098115,45.16876847131962,33.651534026711474,23.993416844765456,26.366625999565148,2.4526087341660023,86.47818874366841,11.733717053608098,0.23449013118160075,0.04756238977604909,1.2392393238792387,0.010619750521424717,0.09306122613324315,9.495911686959857,0.3869173982715407,84.79106460493337
436,1512681,543509,351103,353914,1382,182961,170953,37836,19416,18420,717871,431857,286014,508833,209038,794810,303157,8809,1321003,174724,815,0.041714016372255615,179,13755,66,1508,32204,232735,10797,196730,55971,14413,17907,2775,719,27658,351,671,423,1094,37,39,76,36,58,94,33,1647,Madhya Pradesh,Shajapur,23.566620317220547,76.33555181268885,938.0,59.14082347831433,70.0,48.0,22.0,39.0,55.0,16.0,0.09136096771229361,15.0,215502,107.99667752503457,2.0036429872495445,21.311475409836063,47.456866318807464,42.23001068437087,29.119159291850487,23.39647288489774,2.5012543953417805,87.32859076037843,11.550617744256721,0.053877849989521914,0.011833294660275365,0.909312670682054,0.004363114232280302,0.0996905494284651,5.010162318679177,0.33363959499215784,91.28917597052464
437,1563715,550716,374653,292007,3518,150260,141747,272701,139174,133527,742676,451501,291175,528526,214150,821039,310606,11816,1376591,174259,2355,0.14900413438510215,382,6497,72,1229,59521,270457,16523,203951,53003,13544,16709,2514,651,31079,334,679,531,1210,86,61,147,52,84,136,73,1899,Madhya Pradesh,Dewas,22.7851110021322,76.46088805970157,942.0,59.17759949862986,68.0,49.0,19.0,38.0,56.0,18.0,0.22497705783982377,39.0,151485,178.53714889262963,3.8441284886782516,17.588204318062136,47.49433240712022,41.82254442044714,28.834915898722997,18.67392715424486,17.439303197833365,88.03336925206959,11.143910495198933,0.15060289119180925,0.024429004006484557,0.41548491892704237,0.004604419603316461,0.07859488461772125,10.90735056276199,0.42974551935835226,134.63445225599895
438,2185793,638479,438859,145436,2388,74291,71145,1222814,614619,608195,1027974,597079,430895,783019,244955,1157819,437437,15830,2051219,116202,2261,0.07352022812773214,328,12199,88,1889,75637,349639,18626,289239,74754,15767,19426,2882,777,36394,453,897,729,1626,144,56,200,47,77,124,66,2470,Madhya Pradesh,Dhar,22.572681718963157,75.1105620736698,964.0,49.28819883676084,57.0,41.0,16.0,40.0,54.0,14.0,0.10925096749783718,15.0,499450,70.0048052858144,2.6720647773279356,18.34008097165992,47.02979650863554,42.55331360520792,23.828910069709934,6.653695020525731,55.94372385674215,93.84324133163571,5.316239918418624,0.10344071922638602,0.015005995535716327,0.558104083964035,0.004025998802265356,0.08642172428953702,3.7293022324557015,0.15557112824106517,57.91150265291821
439,3276697,1289631,1019499,545239,48691,280184,265055,217679,112687,104992,1268195,939055,329140,1137251,130944,2008502,185528,43584,2728225,415142,18523,0.784204337477649,11496,71667,720,5228,417170,593576,111478,406052,108374,34326,43855,7222,2307,57053,539,1438,1696,3134,456,323,779,292,424,716,615,5783,Madhya Pradesh,Indore,22.680265752128648,75.9133801324502,928.0,70.47127030665331,76.0,65.0,11.0,21.0,55.0,34.0,1.485978105390886,130.0,321710,184.5065431599888,10.634618710012104,9.320421926335811,38.703456560066435,14.629295967891373,10.325226010195593,16.639896822928698,6.643244706483388,83.26143674560083,12.669526660536508,0.5652948685826,0.3508411061504924,2.1871720210931924,0.021973346940531883,0.1595509136181954,34.65170495166454,0.7171054676572068,126.21677908675515
441,1385881,313642,236284,87991,1158,44478,43513,962145,482182,479963,653897,365928,287969,525791,128106,731984,267196,7451,1318869,58222,2967,0.17036094729634074,416,2289,263,494,30115,181139,8516,164033,47993,11158,14168,2409,601,16867,315,561,321,882,19,26,45,22,36,58,35,1336,Madhya Pradesh,Barwani,21.702135714285724,74.91004719710673,982.0,39.68060749804636,45.0,34.0,11.0,42.0,52.0,10.0,0.08355695763200448,10.0,292030,62.027531418005,2.619760479041916,23.57784431137725,47.18276677434787,40.862092959594555,19.59115885223514,6.349102123486793,69.42479188328579,95.16466420998628,4.201082199698242,0.21408764533174204,0.03001700723222268,0.1651656960446099,0.018977098322294626,0.035645196088264434,2.916138752867856,0.20580077389309318,56.169914049926376
442,1545814,488797,315448,295718,1611,151260,144458,53751,27477,26274,745603,429768,315835,471773,273830,800211,330820,12123,1433879,106928,1243,0.029757784571753137,121,1599,50,1534,30688,231130,12718,255055,43221,7351,8764,1129,284,34808,341,652,436,1088,53,35,88,32,52,84,30,1629,Madhya Pradesh,Rajgarh,23.785499026425583,76.66431223922116,956.0,52.0272814193687,62.0,42.0,20.0,42.0,54.0,12.0,0.10421693683716152,12.0,260993,88.55793067247014,1.841620626151013,20.933087783916513,48.23368141315837,44.36945666795869,36.725978838604455,19.130244647803682,3.477197127209354,92.75883126948003,6.917261714540042,0.08041070917975901,0.007827591159091585,0.10344064680485492,0.003234541801277515,0.09923574246319415,4.872927626411436,0.10881517895115962,97.72484319502823
443,1458875,512344,350574,292144,1926,154504,137640,67603,34993,32610,550402,401583,148819,397283,153119,908473,228308,12408,1287391,149548,1313,0.06265101533716048,295,18490,70,854,41617,181510,12888,225226,33365,5420,6637,989,228,32191,332,631,395,1026,32,44,76,38,62,100,48,1583,Madhya Pradesh,Vidisha,23.82838307984792,77.9013507604563,896.0,59.1495501670808,67.0,51.0,16.0,22.0,52.0,30.0,0.13201953560106244,19.0,217175,83.57775987107172,3.0322173089071383,20.972836386607707,37.72783823151401,41.48022717940705,27.81948466757025,20.02529346242824,4.633913117984748,88.24546311370062,10.250912518207523,0.09000085682460801,0.020221060748864705,1.2674149601576556,0.004798217804815354,0.05853825721874732,5.934384712789225,0.10498445953723956,103.7071486128698
444,2371061,920314,740376,357516,40788,185902,171614,69429,35966,33463,867457,644960,222497,706036,161421,1503604,105195,24732,1755861,525434,23432,0.455028360721213,21688,25950,335,7572,281442,452912,94729,365600,57282,11406,14064,2135,523,50804,354,977,1211,2188,418,238,656,237,312,549,552,4298,Madhya Pradesh,Bhopal,23.480726143790854,77.39246623093679,918.0,70.03995257819179,74.0,65.0,9.0,20.0,52.0,32.0,1.720242541208345,42.0,664219,68.18714911798669,12.843182875756165,8.236389018147976,36.585182751519255,12.126825883012069,18.60853045165351,15.078313042135989,2.9281827839941696,74.0538096657994,22.160290266678082,0.9882495642246235,0.9146959947466556,1.0944467476796254,0.014128695971972041,0.31935070417842476,14.261711875149613,0.07873909057103154,55.04208702250312
445,1311332,469208,311154,271281,1566,141366,129915,145512,74391,71121,586087,364559,221528,372150,213937,725245,227026,9917,1163607,137980,1404,0.048805336863586034,357,6232,66,1046,30868,212138,11166,182590,39641,8512,10506,1614,380,18849,293,564,395,959,50,32,82,28,45,73,35,1442,Madhya Pradesh,Sehore,22.9297199679658,77.06780202883085,918.0,59.509109821158944,69.0,50.0,19.0,35.0,53.0,18.0,0.11942055863808708,6.0,508764,41.69673954918194,2.4271844660194173,20.31900138696255,44.694021041200855,38.73588733413298,36.50260114965867,20.68743842139138,11.096503402647079,88.73473689347931,10.522125594433751,0.10706670774449185,0.027224226969219084,0.475241967709169,0.005033050364057309,0.07976622243642342,2.1947307592518337,0.07469081931897698,35.88893868276843
446,1331597,479093,341127,225891,1141,119226,106665,205006,105627,99379,517838,370366,147472,370241,147597,813759,228151,17316,1195235,120331,1725,0.16987121478945957,253,10637,190,964,34499,194373,9931,210534,30737,4332,5220,732,156,27719,311,596,368,964,30,37,67,34,55,89,28,1460,Madhya Pradesh,Raisen,23.292518206521724,78.16305495923909,901.0,61.59671432122481,68.0,54.0,14.0,23.0,53.0,30.0,0.08568658535577957,31.0,111484,174.35057945534786,1.9178082191780823,21.3013698630137,38.88849253940945,44.05837346815027,28.50254326642695,16.963916259949517,15.39549878829706,89.75951432753303,9.036592903108073,0.12954369828108656,0.018999742414559363,0.798815257168648,0.014268581259945765,0.07239427544519851,8.90800473610563,0.13993039359908147,188.84683003839115
447,1575362,529783,409986,159296,2109,81621,77675,667018,333166,333852,786980,453887,333093,511287,275693,788382,358157,11849,1505745,37590,3271,0.06842871670130421,9651,3759,13048,1220,45270,230974,13755,240032,42823,5758,6778,873,147,37441,344,678,541,1219,103,40,143,34,56,90,47,1845,Madhya Pradesh,Betul,21.964626315789477,77.7873428189117,971.0,59.654162027521295,66.0,53.0,13.0,43.0,57.0,14.0,0.13387399213641055,7.0,604663,38.19879833890944,2.5474254742547426,18.644986449864497,49.955502290902025,45.5103052174134,35.031767008056114,10.111707658303299,42.3406175850376,95.58088871002347,2.386118238220803,0.2076348166326216,0.6126210991505444,0.23861182382208024,0.8282540774755263,0.0774425179736467,2.274820850622578,0.024311062525737476,39.696822858352505
448,570465,203807,148743,92865,986,48553,44312,159678,81446,78232,230979,156852,74127,163781,67198,339486,101256,6459,527462,38640,683,0.11849982032201802,93,1573,55,1283,22174,95066,5376,78532,17520,3579,4395,667,149,10534,128,240,159,399,14,16,30,14,21,35,28,619,Madhya Pradesh,Harda,22.227659781121783,77.07022571819435,935.0,61.80046102740746,69.0,54.0,15.0,27.0,53.0,26.0,0.17284145390164166,5.0,407904,23.305973954655997,4.523424878836833,20.678513731825525,40.48960058899319,43.83775148390113,29.092688079868733,16.27882516894113,27.990849570087562,92.46176364895304,6.773421682311797,0.11972688946736433,0.01630249007388709,0.27573996651854193,0.009641257570578389,0.2249042447827649,1.3179571663920924,0.03652820271436416,19.252569231976153
449,1241350,469199,341445,205007,2871,107237,97770,197300,101041,96259,478082,345435,132647,361648,116434,763268,181967,9982,1175203,52269,4453,0.25190316993595685,1550,3888,107,753,61415,198076,14456,183631,34059,5999,7376,1126,251,27496,276,559,410,969,44,55,99,46,75,121,70,1535,Madhya Pradesh,Hoshangabad,22.595268801996703,78.02168094841929,914.0,65.3034196640754,72.0,58.0,14.0,22.0,53.0,31.0,0.23128046078865752,38.0,160514,123.4010740496156,4.5602605863192185,17.980456026058633,38.51307044749668,38.061880597889065,24.354399454486884,16.51484271156402,15.893986385789665,94.67136585169372,4.210657751641358,0.3587223587223587,0.12486405929028879,0.31320739517460827,0.008619647963910258,0.06065976557779836,9.006068006529025,0.15637265285271068,114.40185902787296
450,1292042,460583,330190,155717,2179,79369,76348,317699,159799,157900,543874,348410,195464,316144,227730,748168,223902,31261,1240650,37232,3158,0.09032214123070302,157,5342,2643,1693,38086,172416,13094,217518,32032,4719,5599,704,176,33877,266,528,437,965,79,36,115,30,48,78,52,1476,Madhya Pradesh,Katni,23.724416229116937,80.33819665871127,952.0,61.20335097465872,70.0,52.0,18.0,31.0,53.0,22.0,0.168647768416197,10.0,381748,45.164873162400326,3.523035230352303,18.021680216802167,42.09414245047762,41.167991115589274,41.871830607824606,12.05200759727625,24.58890655257337,96.02242032379752,2.8816400705240235,0.24441929906303356,0.012151307774824658,0.41345405180326955,0.20455991368701637,0.131032892119606,3.430011421146935,0.04610371239665957,56.97947336986703
451,2463289,980307,776161,348029,20443,179858,168171,375231,189915,185316,1005624,705970,299654,744287,261337,1457665,283636,69946,2159065,203652,23142,0.5381422967422823,4320,33728,21010,5116,192581,452023,58601,375065,67829,12531,15623,2433,659,56512,471,1105,1084,2189,171,199,370,167,261,428,318,3776,Madhya Pradesh,Jabalpur,23.18525572327043,79.98328754716981,929.0,71.30580293258323,77.0,65.0,12.0,25.0,55.0,30.0,0.8299066816764091,76.0,252625,178.93043047996042,8.421610169491526,12.473516949152543,40.82444244260417,28.204975219366286,25.987546041065052,14.128630461143619,15.232926384196087,87.6496830051204,8.26748302777303,0.9394756360297147,0.17537528077298278,1.3692262661831398,0.8529246872778631,0.2076898001005972,23.196833250865907,0.26086095992083125,148.46709549727856
453,704524,222759,155955,39782,554,20366,19416,455789,225699,230090,389925,203383,186542,250137,139788,314599,190962,7958,605435,6736,4238,0.036904349603420185,61,687,84006,3101,4576,62372,6447,124088,19909,1906,2172,214,52,22830,151,274,185,459,21,4,25,4,5,9,7,652,Madhya Pradesh,Dindori,22.83738437047757,81.04332966714911,1002.0,53.754591752729496,63.0,44.0,19.0,53.0,58.0,5.0,0.07863465261651839,1.0,326978,19.075289469016262,1.0736196319018405,23.159509202453986,55.34587891966775,48.97403346797461,35.84997114829775,5.646649368935622,64.69460231305109,85.93532654671807,0.9561065343409166,0.601540898535749,0.008658328176187042,0.09751264683672949,11.92379535686506,0.44015533892386915,1.9716922851078666,0.015903210613558098,37.949953819523024
454,1054905,348033,256929,48425,912,24652,23773,610528,299918,310610,559649,300235,259414,325159,234490,495256,318909,9453,849518,16558,12450,0.041330735943047,297,1789,170533,3324,18413,143803,9042,180721,29059,2663,3043,322,58,36364,230,427,290,717,29,15,44,12,19,31,20,1043,Madhya Pradesh,Mandla,22.70348712446353,80.38600543633753,1008.0,57.347533664168814,66.0,49.0,17.0,49.0,57.0,8.0,0.0864532825230708,10.0,185668,77.45168795915289,1.9175455417066156,22.051773729626078,53.05207577933558,56.98375231618389,41.89947627888194,4.590460752390026,57.875164114304134,80.5302847175812,1.5696200131765419,1.1802010607590256,0.028154193979552662,0.1695887307387869,16.16572108388907,0.3150994639327712,4.86998298037357,0.031238554839821613,97.33556671047245
455,2090922,731294,562904,232244,3588,118465,113779,769778,385785,383993,957984,582263,375721,673845,284139,1132938,422668,14585,1923920,100692,4893,0.1079906376230199,24471,7830,25771,1087,73284,344875,20034,316832,54328,7838,9240,1166,236,57989,455,914,704,1618,117,73,190,63,103,166,83,2513,Madhya Pradesh,Chhindwara,22.227966971713823,78.76413136439254,964.0,61.89604394616346,69.0,55.0,14.0,37.0,55.0,18.0,0.1715989405630626,10.0,730982,47.17968431507205,3.302825308396339,18.105849582172702,45.81634322083751,44.120569863379764,29.6600987072853,11.107253163915248,36.815242271112936,92.0129971371481,4.81567461626976,0.23401159871099925,1.1703449483051016,0.37447594888761987,1.2325184774946172,0.05198663556077175,2.7406967613429605,0.03228533671143749,43.343338139653234
456,1379131,485341,378853,130797,1182,66830,63967,519856,258121,261735,684434,394660,289774,397575,286859,694697,376404,11957,1145052,79739,1857,0.02610339409381705,7288,4982,135315,4538,26893,228695,10417,234284,34573,3561,4058,428,69,40359,306,567,375,942,30,20,50,16,27,43,28,1369,Madhya Pradesh,Seoni,22.33230487804874,79.66053863928111,982.0,62.66221265420037,70.0,55.0,15.0,42.0,57.0,15.0,0.08570614394136597,20.0,135719,168.50625188809232,2.0452885317750185,22.35208181154127,49.62791787002105,54.9949301174401,41.91185709652063,9.484015659136078,37.69446122232043,83.02706559420389,5.781829282352438,0.13465000786727294,0.5284487115437185,0.36124197048721257,9.811613255013484,0.32904778443817156,7.675417590757373,0.05084033923032147,172.62431936574836
457,1701698,626468,521155,125426,1712,61576,63850,383026,186979,196047,893014,488610,404404,530506,362508,808684,459796,19245,1519384,38542,5295,0.06170307539880754,72162,4778,58064,2423,27283,277927,13306,289159,45934,5302,6105,693,110,53112,347,668,472,1140,68,35,103,32,51,83,35,1709,Madhya Pradesh,Balaghat,21.80020720640569,80.42170053380796,1021.0,67.43987476038639,74.0,61.0,13.0,47.0,58.0,11.0,0.10060539531691287,12.0,233074,119.24410273132138,2.047981275599766,20.304271503803395,52.47781921351498,51.48810656943789,40.59376448745484,7.370638033305557,22.508459197813007,89.28634810642076,2.264914220972229,0.31115979451112946,4.240587930408333,0.2807783754814309,3.412121304720344,0.14238719208696254,5.7089164814608235,0.0471953113603405,124.06317306949724
458,1241519,400537,253443,193115,2482,100646,92469,190819,98206,92613,514897,335454,179443,353671,161226,726622,175615,12079,1172248,49203,1208,0.2634675748015133,529,13474,52,1534,34184,144248,11740,176507,36355,7692,9517,1480,345,19054,254,498,347,845,33,38,71,32,52,84,48,1302,Madhya Pradesh,Guna,24.49043927178156,77.2235895968791,912.0,52.67579473209834,62.0,43.0,19.0,30.0,52.0,22.0,0.19991639274147235,22.0,155283,92.89362003567679,3.686635944700461,19.508448540706606,41.47314700781865,34.106821364272854,31.3122818738505,15.55473577126085,15.369801026001213,94.42046396390228,3.963129037896319,0.09730016214008806,0.04260909418220744,1.0852834310228034,0.004188417575566704,0.1235583184792178,7.560389740023055,0.22217499661907614,113.6679481978066
459,845071,290304,178805,175764,619,92216,83548,82072,42447,39625,315270,231829,83441,241288,73982,529801,122387,10559,778214,40707,635,0.9477310190504703,1352,15094,27,1033,15886,84720,6016,126578,22437,4421,5473,835,217,16216,176,337,238,575,27,18,45,15,24,39,24,861,Madhya Pradesh,Ashoknagar,24.63098846153845,77.82974493927134,904.0,55.51119373401762,65.0,45.0,20.0,21.0,52.0,31.0,0.07324828328033975,4.0,400324,21.16285808495119,2.7874564459930316,20.441347270615566,37.30692450693492,38.81974180860849,23.466235290386017,20.79872578753738,9.711846696904756,92.08859373946095,4.816991708388999,0.0751416153198962,0.15998655734251915,1.786122112816556,0.0031949978167514917,0.12223824980386264,1.5027827459757597,0.054206093064617655,31.618888700152876
460,1066063,348761,255433,89733,1733,45547,44186,476008,236947,239061,493057,292402,200655,240811,252246,573006,258991,14329,997073,42426,2372,0.08554841505614584,268,1737,19448,1827,24255,113184,10817,185549,26350,3543,4231,561,127,32653,206,451,330,781,64,60,124,55,90,145,45,1302,Madhya Pradesh,Shahdol,23.44859864559819,81.4596831828442,974.0,56.67526215617651,65.0,49.0,16.0,38.0,54.0,16.0,0.16256074922401398,8.0,285687,39.61818353652774,3.4562211981566824,15.821812596006144,46.25026851133563,52.52759822900801,51.159602236658245,8.417232377448611,44.6510196864538,93.52852504964528,3.9796897556711,0.22250092161532667,0.025139227231411276,0.16293596157075144,1.8242824298376363,0.17137823937234478,3.7863115927571087,0.044454245380433834,64.94835256767021
461,749237,254120,182475,74385,1290,37841,36544,358543,177977,180566,346471,207401,139070,227040,119431,402766,130376,7051,686524,21473,2132,0.0808822842438374,86,1653,35434,1329,23388,81338,7266,119931,22871,3237,3817,492,88,22200,166,307,243,550,52,3,55,3,4,7,8,787,Madhya Pradesh,Anuppur,23.18184220430107,81.86560000000007,976.0,58.27194866243926,67.0,49.0,18.0,38.0,55.0,17.0,0.17217515952896081,5.0,458961,17.722202975851978,1.0165184243964422,21.092757306226176,46.24317805981285,37.629700609863455,34.470706061979214,9.92810018725717,47.85441722712573,91.62975133369015,2.8659823260196706,0.2845561551284841,0.011478343968597387,0.2206244486057149,4.729344653293951,0.1773804550496038,1.5831410512004287,0.019173742431274118,26.13097844914927
462,1127033,353030,247755,130202,837,66174,64028,313304,159192,154112,461760,284289,177471,275482,186278,665273,262030,15654,1077545,34419,511,0.01135725395795864,92,93,12556,1689,9569,102228,10790,171599,31910,6187,8213,1528,498,26752,493,1007,933,1940,212,76,288,66,100,166,131,3019,Madhya Pradesh,Sidhi,24.17547189952905,82.1053783359498,957.0,53.306779836970165,61.0,45.0,16.0,32.0,49.0,17.0,0.07426579345946392,5.0,177186,57.695303240662355,4.3391851606492216,16.32991056641272,40.97129365333579,56.74592862092862,40.340869715869715,11.552634217454147,27.79900854722089,95.60900168850424,3.0539478435857688,0.04534028728528801,0.008163026282282772,0.008251754828829325,1.1140756304385053,0.14986251511712612,6.089645908818981,0.2810605804070299,96.84681633989142
464,1025048,214582,137499,17427,744,8770,8657,891818,446359,445459,515121,265489,249632,370641,144480,509927,115649,5132,960925,15733,38423,0.013755453403157706,65,8871,388,502,16683,125411,5591,147430,40524,6643,7995,1116,236,11672,398,706,403,1109,13,20,33,16,26,42,30,1612,Madhya Pradesh,Jhabua,22.419578015397768,74.40921616766468,990.0,34.34775737331325,42.0,27.0,15.0,49.0,52.0,3.0,0.07258196689325769,5.0,315495,39.75055072188149,1.8610421836228286,24.68982630272953,50.2533539892766,22.45084164691403,28.047779065501118,1.7001155067860236,87.00255988012269,93.74439050659092,1.5348549531339022,3.748409830564032,0.006341166462448588,0.8654228875135603,0.037851885960462336,0.04897331637152602,1.7721358500134707,0.07480308721215867,46.72974215122268
467,757847,233073,175606,64254,986,33037,31217,230095,116420,113675,328339,211925,116414,274900,53439,429508,156295,8077,552526,180840,1199,0.14171725955238987,19883,1884,99,342,40478,112420,5058,102698,21817,4602,5673,869,202,13966,160,342,265,607,52,39,91,36,58,94,35,989,Madhya Pradesh,Burhanpur,21.364567254408065,76.24460478589425,951.0,53.92632022030832,60.0,48.0,12.0,32.0,55.0,23.0,0.1301054170564771,41.0,98758,113.8338159946536,3.5389282103134483,16.177957532861477,43.325235832562505,47.60171651859816,16.275556665519478,8.478492360595212,30.36166930792099,72.90732826018971,23.862336329100728,0.15821135400681138,2.6236166402981076,0.24859899161704144,0.01306332280790186,0.04512784242729733,5.121610401182689,0.20454039166447274,103.98955021365357
468,2092371,739239,513080,258859,9631,133224,125635,24228,12825,11403,776228,624704,151524,686937,89291,1316143,183971,10802,1608921,442355,6192,0.30362684246722976,490,25312,98,2650,140067,403294,31961,311387,54655,9873,11511,1347,291,67208,197,729,1297,2026,513,277,790,219,306,525,608,4146,Gujarat,Kachchh,23.48057203301311,68.82192301497916,908.0,59.851670664523645,67.0,52.0,15.0,15.0,57.0,42.0,0.4602912198649283,23.0,618062,65.25138254738198,14.664737095996141,4.751567776169803,37.09800986536326,23.70063950282649,11.503192361007333,12.371563169246754,1.1579208467332036,76.89463293077566,21.14132723116503,0.2959322223448901,0.023418409067990333,1.2097281027121864,0.004683681813598067,0.1266505796534171,5.171164057974766,0.04708265513815766,50.38119153094674
469,3120506,1048402,656521,327460,3424,169288,158172,284155,144355,139800,1248600,836268,412332,1012080,236520,1871906,350541,11812,2890305,213505,1686,0.01557439722916732,281,12659,83,1501,84832,396873,23149,379709,109776,24140,28756,3872,744,42887,479,1420,1077,2497,205,273,478,296,388,684,103,4242,Gujarat,Banas Kantha,24.258538965517253,71.93205252873561,938.0,54.63610709288814,65.0,43.0,22.0,27.0,52.0,25.0,0.10972579447051216,15.0,574298,69.10576042403072,2.428099952852428,11.291843470061291,40.01274152332987,28.0747236905334,18.942815953868333,10.493810939636072,9.106055235913663,92.62295922520258,6.841999342414338,0.05402969902958046,0.00900494983826341,0.40567138790952495,0.002659825041195242,0.0481011733353501,4.030834166234254,0.12954946734970346,66.11706814232332
470,1343734,494631,343282,123408,2231,64190,59218,13303,6835,6468,554830,383074,171756,446240,108590,788904,227080,6392,1194745,142797,916,0.025079368386898,66,3602,66,1205,66310,223424,12870,180187,48611,9905,11483,1328,250,28893,205,654,584,1238,125,160,285,151,231,382,89,2199,Gujarat,Patan,23.80634198473284,71.75162977099237,935.0,62.3570587631183,71.0,53.0,18.0,26.0,55.0,29.0,0.16602988389071052,9.0,753589,29.64799114636758,4.047294224647567,9.322419281491587,41.29016605965169,40.92785177441739,19.571760719499668,9.18396051599498,0.9900024856109915,88.91231449081441,10.626880022385384,0.06816825353827469,0.0049116863903123685,0.26805900572583563,0.0049116863903123685,0.08967548636858187,1.707827476250317,0.03317458190074431,23.910513555797657
471,2035064,847499,655146,162288,7759,84470,77818,9392,4879,4513,812064,588699,223365,698768,113296,1223000,242969,10282,1885732,136431,1954,0.05316786105989787,146,7087,88,2544,180985,385609,33731,277438,81587,16859,18980,1876,245,47902,296,1004,1012,2016,220,268,488,226,369,595,252,3648,Gujarat,Mahesana,23.529355452865065,72.45545194085031,926.0,73.83772697074883,80.0,67.0,13.0,23.0,56.0,33.0,0.3812656506134451,26.0,683594,56.40906737039821,6.907894736842106,8.114035087719298,39.90360991103965,29.919932419119675,13.951609725341847,7.974589496939653,0.461508827240814,92.66204895767406,6.704015205418601,0.09601663633183036,0.007174221547823557,0.34824457609195586,0.00432418833019502,0.12500835354563788,4.934361624004892,0.03583998689280479,40.58520115741215
472,2428589,918625,660109,187685,5262,96527,91158,542156,272531,269625,1084878,681435,403443,795096,289782,1343711,333867,10909,2260560,148563,6375,0.025282170017240462,168,11110,52,1147,99037,438606,25425,307792,102115,19061,21195,1883,251,47395,395,1265,1082,2347,175,239,414,249,406,655,126,3934,Gujarat,Sabar Kantha,23.71803594548552,73.13638790459964,952.0,65.00622377849854,74.0,56.0,18.0,34.0,55.0,21.0,0.2166690205712041,23.0,428106,102.45266359266164,3.202846975088968,10.040671072699542,44.6711238501039,30.77461244490164,26.711021884488396,7.728149966914945,22.32390906818733,93.08120888301808,6.11725573985553,0.26249810074903573,0.006917597007974589,0.45746727832498624,0.002141160978658801,0.04722907004849318,5.93894969937352,0.058630339215054214,71.89621262023891
473,1391753,582686,447808,108608,12107,56919,51689,18204,9711,8493,534976,408075,126901,451951,83025,856777,129356,8600,1319586,57273,3237,0.14262588260991715,497,6405,82,2688,132683,262539,33662,185132,54958,13912,15891,1708,271,31219,460,1535,1645,3180,389,515,904,403,656,1059,413,6016,Gujarat,Gandhinagar,23.193679790026252,72.67221679790026,923.0,74.04287973512541,80.0,67.0,13.0,19.0,56.0,37.0,0.8699101061754493,30.0,438243,59.907174786591,6.8650265957446805,7.6462765957446805,38.439004622228225,24.17977628902979,15.519387785620289,7.803683555918327,1.307990713869487,94.81466898221164,4.115169861318782,0.23258437380770872,0.03571035952500192,0.4602109713433346,0.005891850062475166,0.19313771912113717,7.681126680859705,0.06183783882457906,42.24414308956447
474,7214225,3025463,2410297,759483,126341,399075,360408,89138,47106,42032,2594952,2127547,467405,2332409,262543,4619273,268954,54876,6042416,883238,50754,0.20157397364235244,4518,209287,2055,7415,965017,1456046,273651,1002327,264401,63618,74104,8837,1649,153824,614,2501,5241,7742,1733,2376,4109,1237,2022,3259,2909,18633,Gujarat,Ahmadabad,22.605425564971743,72.23898135593227,904.0,75.34780243200066,80.0,70.0,10.0,14.0,56.0,42.0,1.7512761246010484,274.0,352732,412.79101414104764,15.612086083829766,3.2952288949712876,35.96993440043803,10.364507705730203,10.117451112775882,10.527575727122455,1.2355866361251555,83.75696627149833,12.243006005496087,0.7035267128485735,0.06262626962702161,2.901032335420645,0.028485388243366407,0.10278304322363109,77.58042933445222,0.4674937346200515,284.16106278988013
475,1756268,643221,450405,179461,2975,93427,86034,21453,11068,10385,723500,504038,219462,586364,137136,1032768,270861,9518,1620282,109681,1419,0.02915272612152587,312,22992,128,942,77857,302068,15309,232100,62623,13614,15812,1825,373,31802,286,923,854,1777,201,248,449,225,348,573,143,3227,Gujarat,Surendranagar,22.82672007299272,71.48358740875906,930.0,62.269881362070024,71.0,53.0,18.0,26.0,55.0,29.0,0.169393281663163,10.0,790297,38.22208612711424,4.431360396653238,8.862720793306476,41.195307322117124,37.43759502418798,18.954526606772635,10.218315200185849,1.2215106122755754,92.25710426882458,6.245117487763826,0.0807963249344633,0.01776494248030483,1.3091396073947712,0.007288181530381467,0.053636460950151114,1.93711984228714,0.047197446023457004,29.368705689127
476,3804558,1514075,1210981,290169,21785,149782,140387,24017,12504,11513,1479050,1159480,319570,1324783,154267,2325508,214285,23780,3397406,361388,5478,0.050413214885934185,1170,33591,269,3338,362140,747352,67370,530055,143427,30574,35598,4248,776,73551,455,1709,2322,4031,734,866,1600,576,942,1518,894,8498,Gujarat,Rajkot,22.40603377715488,70.83679439383323,927.0,71.62608639426709,77.0,66.0,11.0,17.0,59.0,42.0,0.5726026518717812,67.0,541139,138.10721459735854,10.52012238173688,5.354200988467875,38.875737996371726,14.488015956188093,10.43014096886515,7.626878076244337,0.6312691250862781,89.29831007964657,9.498816945358698,0.14398518829256907,0.030752586765663715,0.882914651320863,0.007070466529883366,0.08773686719981665,12.449666351898497,0.14340123332452476,97.95172774462753
477,2160119,795140,601394,173895,11573,89597,84298,24187,12415,11772,847440,646822,200618,721253,126187,1312679,147193,11359,1810443,320805,4392,0.08670818598419809,1086,18856,136,2528,142974,386538,30384,289799,72984,16651,20091,2786,654,41462,268,1037,1384,2421,478,469,947,323,528,851,541,5028,Gujarat,Jamnagar,22.410600414263328,69.62062005768233,939.0,64.65079007221361,71.0,57.0,14.0,19.0,58.0,39.0,0.5357575207662171,41.0,352369,109.69693701772857,10.759745425616547,5.330151153540175,39.23117198635816,17.369135278013783,14.89037571981497,8.0502509352494,1.119706830966257,83.81218812482089,14.851265138633565,0.20332213178996159,0.05027500799724459,0.8729148718195618,0.006295949436119028,0.11703058951844783,8.622778961826949,0.18560088997613297,82.24304635197761
478,585449,221621,172057,51830,1653,26607,25223,13039,6730,6309,231169,174118,57051,195437,35732,354280,48964,2371,549749,33565,500,0.0423606496893837,91,515,38,743,41686,117040,5639,86848,18529,4023,4720,591,106,14672,74,284,410,694,127,146,273,89,146,235,187,1463,Gujarat,Porbandar,21.55092351651571,69.71896987722886,950.0,67.24377358232742,74.0,60.0,14.0,20.0,58.0,38.0,0.28234739490544863,10.0,414587,28.230504092024113,12.781954887218044,5.0580997949419,39.485762209859445,21.181040710475884,15.457089834709672,8.853034166938539,2.2271794810478798,93.90211615358469,5.733206479129693,0.08540453566408004,0.015543625490862568,0.08796667173400245,0.0064907447104700835,0.12691113999682296,1.3601487745636018,0.025567613070356765,20.948076037116454
479,2743082,1046981,795837,265793,6628,136319,129474,55571,28463,27108,1123709,801859,321850,942709,181000,1619373,333996,9645,2397056,334858,2586,0.04046543267755029,1291,3841,77,2263,144561,498326,26991,356326,93723,22643,28084,4221,1220,48541,419,1460,1516,2976,383,437,820,364,595,959,374,5549,Daman and Diu,Junagadh,20.72568199498111,70.83985639899612,953.0,67.18056550988997,75.0,59.0,16.0,24.0,57.0,33.0,0.24162602503315614,50.0,288334,172.82942698398384,6.739953144710759,7.550910073887186,40.96519899879041,29.72264171596027,16.10737299425385,9.689575448346059,2.0258599633550873,87.38550287596215,12.207363833819041,0.09427352153526582,0.0470638500781238,0.1400249792022258,0.002807061546100335,0.08249844517954623,9.3610188184536,0.42312040897015263,123.58098593991691
479,2743082,1046981,795837,265793,6628,136319,129474,55571,28463,27108,1123709,801859,321850,942709,181000,1619373,333996,9645,2397056,334858,2586,0.04046543267755029,1291,3841,77,2263,144561,498326,26991,356326,93723,22643,28084,4221,1220,48541,419,1460,1516,2976,383,437,820,364,595,959,374,5549,Gujarat,Junagadh,20.929523011609785,70.54733890140345,953.0,67.18056550988997,75.0,59.0,16.0,24.0,57.0,33.0,0.24162602503315614,21.0,688729,72.35443839303993,6.739953144710759,7.550910073887186,40.96519899879041,29.72264171596027,16.10737299425385,9.689575448346059,2.0258599633550873,87.38550287596215,12.207363833819041,0.09427352153526582,0.0470638500781238,0.1400249792022258,0.002807061546100335,0.08249844517954623,3.918957964598558,0.17713788732578417,51.73674986823554
480,1514190,558180,437279,132915,2538,68518,64397,7322,3856,3466,657139,453642,203497,529153,127986,857051,209935,6083,1410463,99105,919,0.027407392731427366,243,2053,40,952,80378,273331,12765,197142,57481,11458,13587,1775,354,25861,225,788,768,1556,198,199,397,179,293,472,176,2825,Gujarat,Amreli,21.04832649310872,71.43457637825426,964.0,65.74201388200952,72.0,59.0,13.0,27.0,59.0,32.0,0.1676143680779823,17.0,474224,57.637529943655316,6.230088495575221,7.964601769911504,43.39871482442758,31.946817948714045,19.47624475187137,8.77796049372932,0.48355886645665336,93.14967078107767,6.545083509995443,0.06069251547031747,0.016048184177679156,0.13558404163282017,0.0026416764078484203,0.06287189850679241,2.691765916528898,0.07464826748540773,41.57149364013631
481,2880365,1087371,799884,157034,7297,80827,76207,9110,4751,4359,1150632,838781,311851,992140,158492,1729733,334025,17996,2632574,212863,3457,0.04895212933083133,445,26974,127,2515,171327,500757,28925,365160,96941,24583,29895,4324,988,50468,359,1270,1490,2760,403,495,898,366,599,965,452,5434,Gujarat,Bhavnagar,21.70219390341736,72.16272632761141,933.0,65.52138357465113,73.0,58.0,15.0,22.0,56.0,34.0,0.2533359487426073,17.0,1015394,49.3165214685137,8.317997791682002,6.606551343393449,39.947437217158246,29.02969846136732,13.774343143594129,5.4518784945657925,0.31627936042827903,91.39723611417303,7.390139791311171,0.1200195114160879,0.01544943088809925,0.9364785365743579,0.004409163421996865,0.0873153228844261,2.848647914011704,0.09730213099545595,35.9623948930169
482,2092745,874481,676772,104465,9902,54476,49989,24824,12761,12063,844794,627561,217233,690031,154763,1247951,346329,16460,1798794,250919,29789,0.07282301474857185,267,8591,142,2719,147122,378310,32523,266912,83841,20634,23887,2684,569,52524,261,953,1293,2246,393,314,707,250,368,618,538,4372,Gujarat,Anand,22.282718206229863,72.57782051557454,925.0,74.12527565470232,80.0,67.0,13.0,22.0,58.0,36.0,0.4731584593440672,84.0,175145,215.99817294241913,12.305580969807869,5.969807868252516,40.3677466676542,40.99567468518953,18.319614012410128,4.991769183536456,1.186193253358627,85.95380708113028,11.98994621896122,1.423441460856435,0.012758362820123808,0.410513464373347,0.0067853465185677185,0.12992505059144807,18.56918553198778,0.3248736760969483,152.3948728196637
483,2299885,942480,717763,115631,5710,59734,55897,40336,21057,19279,933983,674586,259397,722134,211849,1365902,359842,12455,2000884,264482,26629,0.06100305015250763,300,3479,82,2626,99982,372226,24502,282924,98196,25028,28407,2852,527,52607,320,1146,1169,2315,320,293,613,242,394,636,370,4252,Gujarat,Kheda,22.88765312500002,73.018803515625,940.0,72.18808766525284,79.0,64.0,15.0,23.0,57.0,34.0,0.24827328322937886,41.0,242935,153.22040875131208,8.701787394167452,7.525870178739416,40.609987021090184,38.527681981363685,22.682318628925792,5.027686166917041,1.7538268217758712,86.99930648706349,11.499792380923395,1.1578405007206882,0.013044130467392934,0.15126843298686674,0.003565395661087402,0.1141796220245795,10.085825426554427,0.21693045464836275,116.46078169057567
484,2390776,858054,582751,100446,3456,51278,49168,721604,368348,353256,1097507,673565,423942,685141,412366,1293269,376038,10771,2220974,158513,2863,0.027689754288983997,337,5236,131,2060,59096,398937,19753,276193,99169,21312,25136,3232,592,46248,395,1263,1083,2346,189,252,441,257,420,677,121,3981,Gujarat,Panch Mahals,22.80435606837605,73.61984598290586,949.0,60.26516076788457,70.0,50.0,20.0,36.0,55.0,19.0,0.14455557526091947,43.0,137954,289.18117633414033,3.039437327304697,9.922130118060789,45.9058899704531,34.26292497451041,37.57297219972173,4.201397370560855,30.182836033154086,92.897619852299,6.630190364969366,0.11975191318634619,0.014095841684875538,0.21900838890803656,0.005479392465040639,0.08616449219834899,14.31854096292967,0.42912855009640893,200.20659060266465
486,4165626,1614087,1278993,221629,53606,114602,107027,1149901,586665,563236,1693473,1233312,460161,1360660,332813,2472153,570361,17680,3713941,384579,23813,0.224216000188207,2069,27650,1124,3110,411734,798277,117818,566507,172826,36738,42196,4634,824,98592,473,1780,2837,4617,889,924,1813,584,905,1489,1360,9753,Gujarat,Vadodara,22.26133739279589,73.49433010291594,934.0,69.45126614823319,75.0,64.0,11.0,23.0,57.0,34.0,1.286865407504178,213.0,193502,412.54198923008545,13.944427355685429,4.8497898082641235,40.65350561956354,33.67995828690508,19.65269006355578,5.3204248293053675,27.60451850454169,89.1568518153094,9.232201834730242,0.5716547764969779,0.04966840518087798,0.6637657821417478,0.026982739208944825,0.0746586467436107,60.88722597182458,0.42583539188225444,292.7654494527188
487,590297,211767,158569,8733,576,4465,4268,481392,244524,236868,294795,174282,120513,193916,100879,295502,188030,2594,559848,22600,4413,0.024902718462062316,80,373,2078,758,12997,101940,4081,81228,23578,3599,4026,365,62,13207,100,321,268,589,43,57,100,62,102,164,25,979,Gujarat,Narmada,21.70666386292833,73.68403208722742,961.0,62.73723227460075,70.0,55.0,15.0,42.0,58.0,16.0,0.09757799887175439,2.0,538962,18.91413494828949,2.5536261491317673,10.21450459652707,49.94011489131742,63.78330704387795,34.22005122203565,1.4794247641441511,81.55081255706872,94.84174915339227,3.82858120573203,0.7475897726059932,0.01355249984329922,0.06318853051938261,0.35202618342969727,0.12840993601526013,0.7571962401801982,0.011503593945398748,15.071192403174994
488,1551019,623047,495229,62235,10257,31979,30256,488194,250398,237796,627124,468919,158205,526541,100583,923895,253577,8902,1188204,343511,9494,0.11173299617864127,442,4813,342,2480,121542,309091,29531,225413,51877,9888,11477,1310,279,46331,213,782,922,1704,282,236,518,180,293,473,336,3242,Gujarat,Bharuch,21.75787276237761,72.67326346710801,925.0,72.09943914291186,77.0,66.0,11.0,21.0,58.0,37.0,0.661307179344676,58.0,209127,147.8006187627614,10.363972856261567,6.570018507094385,40.43303144577855,40.434906015397274,16.038773831012687,4.012523379790963,31.475694366090938,76.607959025647,22.147439844386174,0.6121137136295558,0.028497394293686928,0.31031212383600715,0.022050020019097123,0.1598948820098271,14.12108431718525,0.13341175457975296,107.78761231213569
489,228291,77314,63654,992,137,490,502,216073,107539,108534,118257,61329,56928,88038,30219,110034,40486,1172,203545,3593,20029,0.030224581783775968,32,39,560,424,2029,29794,1393,32924,10092,1630,1847,193,24,3585,43,124,82,206,11,16,27,22,27,49,0,325,Gujarat,The Dangs,20.801633877551023,73.6883518367347,1006.0,61.749258621671466,68.0,56.0,12.0,50.0,54.0,4.0,0.06001112615039576,0.0,494748,6.022055672786954,0.0,13.230769230769232,51.80099084063761,34.23560550326831,25.553667013369186,0.4345331178189241,94.64805883718587,89.16032607505333,1.5738684398421312,8.773451428221,0.01401719734899755,0.017083459269090766,0.24530095360745713,0.18572786487421755,0.2815574797674776,0.004850954425283174,6.654700979084302
490,1329672,539471,462438,35464,6726,17959,17505,639659,319740,319919,591834,407881,183953,510004,81830,737838,206608,7173,1225087,78669,5733,0.1849328255389299,601,13386,2823,914,114620,267679,24397,193250,49856,9119,10519,1213,187,40551,164,612,1019,1631,384,225,609,159,252,411,442,3256,Gujarat,Navsari,20.866973318871995,72.86184869848157,961.0,75.35008633708162,80.0,71.0,9.0,28.0,60.0,32.0,0.5058390339873292,40.0,286548,93.41506484079456,13.574938574938574,5.036855036855037,44.50977383896179,34.9097888935073,13.826512163883791,2.66712392229061,48.10652551907538,92.13452640952055,5.916421493420934,0.4311589625110554,0.04519911677466322,1.006714437846326,0.21230799776185402,0.06873875662569415,8.514105839161328,0.06525957256724876,67.4407080140151
491,1705678,655528,515129,38237,11020,19557,18680,902794,450976,451818,743245,516188,227057,577327,165918,962433,183025,11833,1571147,94034,19661,0.09315943571998936,913,13809,1417,3108,137209,329218,31285,240251,59697,11282,13020,1482,256,48960,223,817,911,1728,269,260,529,196,318,514,325,3316,Gujarat,Valsad,20.44238231644259,72.9148584798345,922.0,68.63294244282918,74.0,63.0,11.0,28.0,58.0,30.0,0.6460773956162886,37.0,372264,88.43670083596588,9.80096501809409,6.72496984318456,43.57475443782472,24.625123613344186,22.323459962730997,2.2417478562776796,52.92874739546386,92.11275516246326,5.512998350216161,1.152679462360422,0.05352710183281956,0.8095900867572895,0.08307546910964438,0.1822149315404197,8.403982120215762,0.06876840091977737,64.53780113038059
492,6081322,2687468,1883942,158115,55694,82202,75913,856952,432089,424863,2553542,2142819,410723,2405288,148254,3527780,325739,42040,5260193,660772,21052,0.09377895135301173,12902,112835,3920,3945,815423,1252452,149331,854742,178819,42215,49399,6081,1103,216710,712,2970,4428,7398,1780,1700,3480,1170,1924,3094,1684,16368,Gujarat,Surat,21.25761372772093,72.93488716344339,787.0,75.17131965714033,79.0,70.0,9.0,15.0,63.0,48.0,0.9158206061116317,177.0,460128,272.19643229709993,10.288367546432063,4.349951124144673,41.98991600839423,12.756359597766554,5.805817957958006,2.60001032670199,14.091541280004577,86.49752471584303,10.865597973598504,0.3461747297709281,0.21215781700097444,1.855435380662297,0.06445966847340101,0.06487076329784872,32.454230127268936,0.23971590513943947,185.76178802420196
495,191173,104316,46032,4262,1316,2224,2038,15240,7702,7538,105521,94502,11019,101717,3804,85652,481,409,171537,16087,2618,0.08840160482913383,216,244,79,223,25844,49249,4543,26109,2388,576,720,116,28,20475,893,3631,7152,10783,4285,2444,6729,3382,4461,7843,7897,34145,Daman and Diu,Daman,20.431616666666677,72.8392366071429,534.0,78.64499693994445,84.0,69.0,15.0,17.0,76.0,59.0,0.6883817275452078,14.0,183723,26.80611572856964,23.127837165031483,2.615317030311905,55.19660203062148,0.4558334359985216,3.6049696268989107,2.2293943182353155,7.971837027195263,89.72867507440905,8.414891224179147,1.3694402452229133,0.11298666652717695,0.1276330862621814,0.04132382710947676,0.11664827146092806,2.472744294399721,0.015240334634204752,14.211067748730425
497,1648295,512099,394410,47985,2579,24273,23712,1141933,568026,573907,792065,442898,349167,664193,127872,856230,438176,14599,1521618,96182,8467,0.0415580948798607,4969,6191,2907,7276,54335,186202,17047,229070,50661,8718,10189,1195,276,29703,264,950,449,1399,144,210,354,207,224,431,0,2446,Maharashtra,Nandurbar,21.523175625248147,74.32638757443429,978.0,54.99676938897466,61.0,48.0,13.0,43.0,53.0,10.0,0.15646471050388433,30.0,181615,102.52567243895052,0.0,10.793131643499592,48.05359477520711,55.320712315277156,16.14412958532444,2.9111900478979793,69.27964957729047,92.31466454730494,5.835241871145638,0.5136823202157381,0.30146302694602606,0.37560024146163157,0.1763640610448979,0.441425837001265,9.3863392340941,0.15196982628086889,126.12944965999505
498,2050862,723388,570528,127571,6065,65068,62503,647315,327034,320281,936370,570448,365922,825875,110495,1114492,429536,20646,1825460,187901,3653,0.06933669842241945,13405,12818,912,5291,126138,315332,27139,271935,73107,17909,21672,3094,669,41986,292,1133,794,1927,208,305,513,372,478,850,0,3583,Maharashtra,Dhule,21.274018690400517,74.58719071837263,946.0,63.09132452597981,69.0,57.0,12.0,37.0,54.0,17.0,0.2957293079690394,21.0,590763,53.37707337798745,0.0,8.149595311191739,45.65738699142117,45.872464944413,11.800356696604975,6.22036002422396,31.56306957757275,89.00940190027413,9.162049908770069,0.17812022456898613,0.6536275965910919,0.6250054854982928,0.04446910616121416,0.2579890797137984,4.593889597012677,0.11324338186379308,46.03114954728038
499,4229917,1629223,1262659,389273,14297,199427,189846,604367,310150,294217,1863571,1186472,677099,1643955,219616,2366346,937174,38930,3457615,560261,7091,0.07307471990585158,143865,27404,9662,20928,350029,720791,56775,614318,135560,28837,34659,4845,977,107120,614,2393,1790,4183,471,687,1158,847,1122,1969,65,7988,Maharashtra,Jalgaon,20.8828943415638,75.55140421810695,925.0,68.36734621506758,74.0,62.0,12.0,33.0,54.0,21.0,0.33799717583110966,155.0,226392,318.3818332803279,0.813720580871307,7.686529794692038,44.05691648323123,50.2891491657683,11.784686497053238,9.202851970854274,14.28791628771912,81.74191124790391,13.245200792355973,0.16763922318097493,3.4011305659189057,0.6478614119378702,0.22842055766106048,0.49476148113544544,25.078182974663417,0.431552351673204,271.3514611823739
500,2586258,1048892,830982,470895,4767,241445,229450,124837,64153,60684,1219641,734024,485617,1107542,112099,1366617,603227,13770,1845424,354236,3531,0.06449472558422245,364229,12242,522,4406,103898,423036,24877,392034,79296,14394,16802,2000,408,64899,406,1531,910,2441,262,383,645,430,499,929,0,4421,Maharashtra,Buldana,20.56680611183355,76.39017880364096,934.0,72.68702503771858,78.0,67.0,11.0,39.0,55.0,16.0,0.1843203578297293,25.0,420916,100.50366343878589,0.0,9.183442660031666,47.15852014764188,49.45939009921772,9.19114723102946,18.20758021821489,4.826935286425407,71.35498469216915,13.696854683484789,0.1365293021809889,14.083243048450697,0.473347979977249,0.020183601172040842,0.17036196698086578,5.910205361639853,0.09693145425690637,93.1382983778236
501,1813906,758977,652304,364059,6163,186244,177815,100280,51359,48921,768154,520362,247792,691025,77129,1045752,388521,9660,1107809,357253,4483,0.08291499118476922,328033,10205,389,4230,107463,314490,24232,286863,46987,8838,10693,1479,376,46592,270,1059,871,1930,255,372,627,442,679,1121,0,3948,Maharashtra,Akola,20.746310479041902,77.12122320359276,946.0,77.80342531531403,81.0,74.0,7.0,28.0,56.0,28.0,0.3397640230530138,32.0,332653,94.53995605029866,0.0,6.838905775075988,42.348059932543364,50.5785298260505,10.040825147040827,20.070444664718018,5.5284011409632035,61.073120657851064,19.69523227774758,0.24714621375087792,18.084343951671144,0.5625980618620811,0.021445433225315978,0.23319841270716346,7.28446759836827,0.11303069564982128,86.23490544200713
502,1197160,487703,382214,229462,1875,117867,111595,80471,41403,39068,569792,340353,229439,502755,67037,627368,310195,7122,859949,142672,1707,0.04326907013264727,179330,8476,381,4127,36840,196022,10757,190683,33948,6237,7325,909,179,25936,190,714,387,1101,115,167,282,181,188,369,0,1942,Maharashtra,Washim,20.282282394366213,77.25502394366208,930.0,72.66505730228207,79.0,66.0,13.0,40.0,55.0,15.0,0.15662066891643556,8.0,440773,44.472324756734196,0.0,9.783728115345006,47.595308897724614,54.44004127822083,11.765170448163541,19.167195696481674,6.721824985799726,71.83242006081059,11.917538173677704,0.14258745698152295,14.979618430285008,0.7080089545257109,0.031825319923819706,0.34473253366300244,2.4404852384333884,0.04061047296454184,43.26104366646778
503,2888445,1207104,1044771,506374,9438,259398,246976,404128,205834,198294,1236322,837577,398745,1061544,174778,1652123,667943,20998,2055177,421410,7223,0.07761961886066725,383891,11360,3288,3854,175917,512492,36185,469750,72743,11205,13343,1762,376,81610,404,1683,1512,3195,369,540,909,692,1036,1728,0,6236,Maharashtra,Amravati,21.16520991810736,77.67583503184723,951.0,77.96149831483721,82.0,74.0,8.0,28.0,57.0,29.0,0.32675020642594893,24.0,737806,69.46161999224728,0.0,6.478511866581142,42.802338282363,54.02662089649783,14.136931964326447,17.53102447856892,13.991195954916918,71.1516750362219,14.589510965242544,0.25006534657921475,13.29057676362195,0.39329119993629796,0.11383287547452002,0.13342819406289544,4.90440576520115,0.050961905975283474,63.668498223110134
504,1300774,552617,466841,188830,4313,96569,92261,149507,76698,72809,608235,392316,215919,529623,78612,692539,282170,13785,1057096,53854,2696,0.16505557460404344,175417,5663,2254,1647,114029,266155,16260,219560,35427,4227,4772,454,91,42921,184,799,711,1510,141,207,348,276,334,610,99,2754,Maharashtra,Wardha,20.80743024390242,78.57259105691062,946.0,78.37318396585418,83.0,74.0,9.0,34.0,59.0,25.0,0.3315718180098926,54.0,211179,126.03289152804021,3.594771241830065,6.681190994916484,46.75946782454139,46.39160850658052,12.92460973143604,14.516741570787852,11.493695292187574,81.2666919849259,4.140150402760203,0.2072612152456922,13.485586274018393,0.43535618024345507,0.17328144627737024,0.12661692192494622,7.699629224496754,0.04309140586895477,103.96867112733747
505,4653570,1959220,1714588,867713,57964,439205,428508,437571,223566,214005,1868560,1334211,534349,1654778,213782,2785010,423587,52419,3492202,390974,34667,0.43985585260348503,668050,24528,12181,10499,599780,917626,135750,723785,111423,22289,26991,3915,787,133609,491,2153,3484,5637,1071,1134,2205,1575,1780,3355,2385,14073,Maharashtra,Nagpur,21.196556862745105,79.02166176470584,951.0,78.94601349071789,82.0,76.0,6.0,24.0,56.0,32.0,1.2455813493726322,154.0,390132,235.20910871192316,16.947345981667024,3.488950472536062,40.153258680969664,22.669167701331506,11.441002697264203,18.64617916997058,9.402910023917121,75.04350423438349,8.401592755669302,0.7449549485663695,14.355645235808206,0.5270792101547844,0.26175602816762183,0.2256117346467336,34.795915228691825,0.20172659510114527,185.52310500035884
506,1200334,488709,411151,200372,2932,100421,99951,88886,44515,44371,597305,345054,252251,413838,183467,603029,312183,17169,1009352,26502,2145,0.06923073077993291,154458,1017,3555,2474,55948,227025,13165,198202,32822,4162,4670,433,75,40079,175,748,579,1327,105,152,257,209,167,376,102,2237,Maharashtra,Bhandara,21.211792649727748,80.10950199637024,982.0,74.9674673882436,81.0,69.0,12.0,42.0,57.0,15.0,0.2442653461453229,6.0,883189,25.705143519676987,4.559678140366563,7.822977201609298,49.76156636402868,52.26525811771205,30.715798461422555,16.693020442643462,7.405105578947194,84.08926182212618,2.207885471876994,0.17870026176047665,12.867918429370492,0.08472641781370852,0.29616756669393685,0.20610929957828403,1.4906209203239622,0.008491953590907497,22.4416291416673
507,1322507,542837,461406,175961,2866,87434,88527,214253,105944,108309,665419,383151,282268,433962,231457,657088,281414,32525,1153861,26157,1827,0.16332616764977426,125282,1568,5080,6572,38044,239981,13595,204840,42804,6078,7017,802,137,34770,201,806,515,1321,106,154,260,213,109,322,79,2183,Maharashtra,Gondiya,21.225008411214997,80.17522698598128,999.0,75.93479656440381,82.0,70.0,12.0,43.0,58.0,15.0,0.216709628001969,4.0,1068500,22.459616284510997,3.618873110398534,9.207512597343106,50.3149699774746,42.29124807076444,34.78364759647681,13.305109160102743,16.200519165494022,87.24800700487786,1.9778345218588635,0.1381467168037674,9.473068951619917,0.11856269947909538,0.3841189498429876,0.4969349878677391,1.2723444080486663,0.012821712681328966,19.170800187178287
509,2204307,872565,706050,348365,8239,176898,171467,389441,196753,192688,1058172,648565,409607,804433,253739,1146135,473983,21346,1780085,92297,10701,0.2382154572843075,286734,3861,23188,2190,172661,418666,31419,397896,53264,6425,7243,707,111,71209,304,1327,1306,2633,285,417,702,541,860,1401,44,5085,Maharashtra,Chandrapur,20.095609090909075,79.31556380471388,961.0,71.61502458595831,78.0,65.0,13.0,38.0,58.0,20.0,0.37376826367652055,56.0,310567,134.80698206828157,0.8652900688298918,5.978367748279253,48.00474707016763,44.79262350544146,23.97899396317423,15.803833132136313,17.667275928443722,80.75485855645334,4.187120940957861,0.48545869518175105,13.007897720235883,0.1751570901875283,1.0519405872231045,0.09935095247622042,10.116657597233447,0.03574108002460017,128.1192142114262
510,2772348,1115980,906594,328518,6094,167009,161509,514057,260896,253161,1355999,815475,540524,1195100,160899,1416349,739718,17899,2251401,239236,4567,0.05756853035766073,249874,11422,3745,10507,134500,446516,29917,481605,65953,8902,10268,1141,225,82559,436,1695,1094,2789,272,398,670,493,508,1001,39,4937,Maharashtra,Yavatmal,20.04258346738159,78.05326371760479,952.0,72.9552711275785,79.0,67.0,12.0,40.0,57.0,17.0,0.2198136741852033,64.0,210481,212.14076329930015,0.7899534130038485,8.831274053068665,48.911572428858136,54.55151515598463,11.865716715130322,11.849811062680443,18.542296998789475,81.20917720286198,8.629363990379273,0.16473400886180234,9.013082051748194,0.4119973394393489,0.1350840514971425,0.3789928248545998,14.213634484822856,0.10689800979660873,228.81162670264774
511,3361292,1255222,934203,640483,7548,328797,311686,281695,143892,137803,1493953,925232,568721,1317791,176162,1867339,632395,29158,2501741,471951,3902,0.40282129609685796,354189,5049,1273,9647,116284,488748,43055,470048,102146,23953,29970,4819,1198,54139,525,1986,1321,3307,365,535,900,622,781,1403,79,6214,Maharashtra,Nanded,19.209316983017,77.6829048951049,943.0,65.13641183211693,73.0,57.0,16.0,35.0,53.0,18.0,0.22455650981824843,60.0,194069,251.84238595551065,1.2713228194399744,8.448664306404892,44.44579643779832,42.33031427360834,11.791669483578131,19.054667074446375,8.380557238109631,74.42795805898447,14.040761707105482,0.11608631442909453,10.53728744780281,0.15021009778382835,0.037872341944704596,0.28700273585276137,22.18540828262113,0.6173062158304521,242.20663784530245
512,1177345,450551,340192,182565,1221,93379,89186,111954,57674,54280,569182,330903,238279,514371,54811,608163,226483,8268,863199,127552,992,0.0546144078413719,176679,5278,103,2899,27700,159114,9676,152388,43401,10726,13185,2007,452,18067,180,676,384,1060,105,153,258,174,182,356,0,1853,Maharashtra,Hingoli,19.59525302245251,77.09239412780653,942.0,67.16323592489883,74.0,60.0,14.0,42.0,55.0,13.0,0.103707919089137,7.0,371319,42.85102566795666,0.0,9.713977334052887,48.34453792218933,39.79096317170958,9.629784497752917,15.50649979402809,9.509022419087014,73.31742182622766,10.833867727811304,0.08425737570550688,15.006561373259325,0.4482968034008723,0.008748497679100008,0.24623198807486335,2.605845647542948,0.12172821751647506,41.039645156859734
513,1836086,666291,491523,247308,3982,125883,121425,40514,20570,19944,822797,501422,321375,756417,66380,1013289,317806,13210,1328385,306364,2081,0.07466970501381744,187899,6238,262,3486,59272,272486,21196,250755,62672,14807,17950,2608,535,28809,254,982,730,1712,219,321,540,370,534,904,0,3410,Maharashtra,Parbhani,19.31032425249168,76.70163338870431,947.0,63.058810970727954,71.0,55.0,16.0,36.0,53.0,17.0,0.21687437298688622,179.0,33095,823.3449161504758,0.0,7.448680351906159,44.81255235321221,38.62508006227539,8.067603552273525,13.469303725424625,2.2065415236541206,72.34873529889123,16.685710800038777,0.11333891767596942,10.23367097183901,0.33974443462887904,0.014269484109132143,0.18986038780318568,64.04592838797402,1.616558392506421,757.6824293699955
514,1959046,699428,496095,272266,3791,138957,133309,42263,21988,20275,930886,545030,385856,844492,86394,1028160,300937,16705,1504641,274221,12542,0.0831527182108026,152540,9619,336,3518,60219,288895,17236,259264,71403,16511,19862,2754,597,37587,265,1105,827,1932,178,259,437,340,388,728,0,3363,Maharashtra,Jalna,19.984612534818933,75.98473607242339,937.0,61.02577479038267,69.0,52.0,17.0,41.0,54.0,13.0,0.19351255662194763,44.0,137849,209.57351885033623,0.0,7.879869164436515,47.51731199777851,32.328018683275936,9.280835676978706,13.897887032770031,2.1573255553978825,76.80478151100077,13.997680503673726,0.6402095713934232,7.786442993171167,0.49100429494764286,0.017151205229484146,0.17957720237299174,12.503536478320482,0.43308257586199395,188.0782595448643
515,3701282,1430936,1072901,539368,23258,277228,262140,143366,73876,69490,1575079,1015864,559215,1446636,128443,2126203,396630,28033,2545438,786677,15991,0.13892483739417855,309093,30981,1005,6955,246324,589477,69937,515923,114583,28816,35684,5444,1424,70397,472,1966,1997,3963,463,676,1139,900,1144,2044,501,8119,Bihar,Aurangabad,24.774291867469877,84.45986024096379,923.0,67.64783121091557,74.0,60.0,14.0,31.0,53.0,22.0,0.6283768705005455,422.0,58391,1009.534003527941,6.1707106786550066,5.813523832984357,42.55495798482796,25.181594066075412,8.154702081609875,14.572464351540898,3.8734146709167256,68.77179312465248,21.254176255686545,0.43203949334311736,8.350971366137463,0.8370343032495228,0.02715275409979569,0.18790786543689458,119.77359524584269,2.4387319963693037,883.5659605076124
515,3701282,1430936,1072901,539368,23258,277228,262140,143366,73876,69490,1575079,1015864,559215,1446636,128443,2126203,396630,28033,2545438,786677,15991,0.13892483739417855,309093,30981,1005,6955,246324,589477,69937,515923,114583,28816,35684,5444,1424,70397,472,1966,1997,3963,463,676,1139,900,1144,2044,501,8119,Maharashtra,Aurangabad,20.0979228832952,75.32072196796334,923.0,67.64783121091557,74.0,60.0,14.0,31.0,53.0,22.0,0.6283768705005455,140.0,176522,333.9396789068785,6.1707106786550066,5.813523832984357,42.55495798482796,25.181594066075412,8.154702081609875,14.572464351540898,3.8734146709167256,68.77179312465248,21.254176255686545,0.43203949334311736,8.350971366137463,0.8370343032495228,0.02715275409979569,0.18790786543689458,39.61942420774748,0.8066983152241646,292.27121831839656
516,6107187,2397538,1947828,554687,45039,282213,272474,1564369,792547,771822,2763328,1746286,1017042,2523023,240305,3343859,730228,56132,5237009,693052,23946,0.14592643061363603,94783,38212,1795,9478,536781,904710,138887,792059,193089,49411,61091,9421,2259,134054,805,3303,3299,6602,792,1158,1950,1534,1975,3509,764,13629,Maharashtra,Nashik,20.266912871287143,74.03824168316828,934.0,71.15167752354725,76.0,66.0,10.0,34.0,55.0,21.0,0.7374753712306501,129.0,414586,218.2201039108894,5.605693741286961,5.906522855675398,45.24714897382379,26.425672232901775,8.696217025268083,9.082528502893394,25.615213681847305,85.75157433364986,11.348137857904138,0.3920954115208851,1.5519911212805504,0.6256890447271387,0.029391600420946667,0.15519419988285932,33.50016643109029,0.5448809173488733,191.04817818257249
517,11060148,4591396,3635765,730089,256170,377885,352204,1542451,769192,773259,4492767,3363123,1129644,3930511,562256,6567381,418004,124461,8716055,1355630,280700,0.35396452199373823,449617,172052,9862,37083,1610460,2231800,551643,1769316,250784,44923,52217,6102,1192,358299,1175,4956,8527,13483,2404,3097,5501,4199,5195,9394,5565,35118,Maharashtra,Thane,19.698767747440264,72.79882742564581,886.0,74.38563209099914,78.0,70.0,8.0,22.0,57.0,35.0,2.3161534547277305,448.0,359596,620.6409415010178,15.846574406287376,3.3458625206446837,40.6212195352178,9.3039322982919,12.514693061091306,6.6010780325905225,13.946024953734796,78.80595268707073,12.256888425001184,2.537940721950556,4.065198765875466,1.5556030534130285,0.08916698040568716,0.33528484428960625,153.40632265097497,0.3314831088221226,492.028832356311
520,2634200,1059692,880302,134952,38570,67980,66972,305125,153657,151468,1072969,753843,319126,858825,214144,1561231,191182,32919,2239370,227465,17452,0.2838432920810873,121791,12260,1159,7226,328277,547206,96301,418185,69416,12537,14741,1833,371,94172,279,1292,1881,3173,489,371,860,518,674,1192,592,6097,Chhattisgarh,Raigarh,22.008265068493166,83.27797698630134,959.0,73.64642016551515,79.0,68.0,11.0,25.0,56.0,31.0,1.4642016551514692,74.0,444892,122.99749152603327,9.709693291782843,4.576020993931442,40.73225267633437,17.818035749401893,19.95807893797491,5.123073418874801,11.583213119732747,85.01138865689774,8.635069470807077,0.6625161339306052,4.623453040771391,0.46541644522056036,0.043998177814896365,0.27431478247665325,21.645927550956188,0.08339102523758575,93.99697005115848
520,2634200,1059692,880302,134952,38570,67980,66972,305125,153657,151468,1072969,753843,319126,858825,214144,1561231,191182,32919,2239370,227465,17452,0.2838432920810873,121791,12260,1159,7226,328277,547206,96301,418185,69416,12537,14741,1833,371,94172,279,1292,1881,3173,489,371,860,518,674,1192,592,6097,Maharashtra,Raigarh,18.453257637845976,73.0090609418579,959.0,73.64642016551515,79.0,68.0,11.0,25.0,56.0,31.0,1.4642016551514692,161.0,203854,268.4303472092772,9.709693291782843,4.576020993931442,40.73225267633437,17.818035749401893,19.95807893797491,5.123073418874801,11.583213119732747,85.01138865689774,8.635069470807077,0.6625161339306052,4.623453040771391,0.46541644522056036,0.043998177814896365,0.27431478247665325,47.240181698666696,0.18199299498660806,205.13946255653556
521,9429408,3940210,3231513,1180703,235018,602755,577948,348876,179132,169744,4048993,2809816,1239177,3751221,297772,5380415,414461,105711,8090254,673704,134192,0.28729269112122413,340404,127786,9873,26105,1410448,1925019,490260,1426982,280248,62953,74115,9251,1911,295262,905,3929,6261,10190,2831,1949,4780,2727,3272,5999,5349,27223,Maharashtra,Pune,18.51696171428573,74.12922881632647,915.0,76.05698045943076,80.0,72.0,8.0,28.0,57.0,29.0,2.492394008192243,325.0,434618,442.9220602920266,19.648826360063183,3.3243948132094183,42.94005519752672,10.23615007484577,7.3542236304187245,12.521496577515789,3.6998717204728018,85.79811160997593,7.144711523777526,1.423122215095582,3.6100251468596967,1.355185818664332,0.10470434623255245,0.2768466482731472,112.80250702916123,0.4396964690831949,328.3301658007722
523,2585049,987185,731322,351254,5614,179777,171477,32722,16806,15916,1255548,727819,527729,1154708,100840,1329501,373566,21093,2174672,320395,2097,0.03187560467906024,68482,8719,399,9461,82098,402052,29198,375614,96737,18848,22161,2761,552,50561,396,1502,881,2383,234,342,576,398,415,813,10,4179,Maharashtra,Bid,18.952353340080982,75.69319706477731,916.0,66.4787011774245,73.0,59.0,14.0,43.0,54.0,11.0,0.21717189886922839,21.0,382992,104.97660525546226,0.23929169657812877,9.475951184493898,48.5696015820203,29.753223293733093,8.031552756246676,13.587904910119692,1.2658173984322927,84.12498177017147,12.394155778091633,0.08112031918930744,2.6491567471254895,0.33728567620961925,0.01543491051813718,0.36598919401527785,7.623657935413794,0.14412833688432133,98.07358900447007
524,2454196,932432,718240,480913,6217,247918,232995,57488,29872,27616,1046857,670018,376839,964177,82680,1407339,416578,17663,2006984,367664,2387,0.03809801662132935,66535,6387,310,2994,96018,381722,29758,324131,85186,21152,26122,3973,997,38710,373,1448,1012,2460,267,389,656,474,609,1083,0,4574,Maharashtra,Latur,18.348687268993856,76.75812607802874,928.0,67.25917571375717,73.0,61.0,12.0,32.0,53.0,21.0,0.2533212506254594,20.0,470917,81.0592949500655,0.0,8.15478793178837,42.65580255203741,39.79320957876769,7.897926841965999,19.595541676377927,2.3424371973550606,81.77765753020542,14.981036559427203,0.09726199537445257,2.711071161390533,0.26024816273842843,0.012631427970708126,0.1219951462719359,6.319160276651724,0.21171459089393674,68.82975131498756
525,1657576,644304,493506,265184,3209,136354,128830,36039,18569,17470,773916,473795,300121,701894,72022,883660,299525,19831,1437623,178925,942,0.020511879998262525,28216,4530,195,6805,49180,240042,18183,239940,56487,12180,14708,2101,427,37625,262,1008,606,1614,150,219,369,267,233,500,40,2786,Maharashtra,Osmanabad,18.19459456066944,75.99495575313809,924.0,68.64300641418554,75.0,62.0,13.0,38.0,55.0,17.0,0.19359594974830716,17.0,288923,83.08165151268678,1.4357501794687724,9.40416367552046,46.689623884515704,38.70252068699963,9.306177931455094,15.998301133703674,2.174198950757009,86.73044252571225,10.794376849085653,0.05682997340695087,1.7022447236205156,0.27329063644743895,0.011764166469591742,0.41053924525934254,6.29337228258048,0.1477902416906927,83.04634798891054
526,4317756,1651266,1259410,649745,15145,331960,317785,77592,39785,37807,1898395,1206933,691462,1763175,135220,2419361,558334,71106,3795424,441254,9882,0.02962186839645408,35497,28134,568,5718,248255,595560,59296,564956,145894,41088,50093,7339,1666,98038,627,2539,2095,4634,543,794,1337,1013,1384,2397,0,8995,Maharashtra,Solapur,17.837357937584812,75.42394823609216,938.0,67.41177593175715,74.0,60.0,14.0,33.0,54.0,21.0,0.35076090450687814,40.0,613915,97.01017241800575,0.0,6.970539188438021,43.967167204446014,29.410844423842246,7.122859046721046,15.04821022772014,1.7970445759324982,87.90269760495961,10.219521436598084,0.22886888467064836,0.8221168588498284,0.6515884640076929,0.013154981430168819,0.13242990108750935,9.658666101984803,0.2713730728195271,92.02511748369075
527,3003741,1201034,1024660,323236,14093,161703,161533,29635,15210,14425,1354947,844805,510142,1184407,170540,1648794,297241,39772,2691952,146970,4408,0.03935092939104936,141315,12810,676,4428,271186,562653,57423,401102,111364,27333,32495,4263,899,95038,437,1881,1461,3342,280,374,654,517,366,883,334,5649,Maharashtra,Satara,17.6737908974359,74.18052064102558,988.0,74.09740054152472,79.0,69.0,10.0,34.0,56.0,22.0,0.4691815972149397,73.0,369901,152.10907783433947,5.912550893963534,7.735882457072048,45.10864951405597,21.937463236569403,12.586470171896021,10.761114223896135,0.9866030393432723,89.61997722173783,4.89289855550129,0.1467503356647594,4.704633322247158,0.42646819416188014,0.022505269262562917,0.14741617203347426,15.52388341745494,0.24303800206001064,108.43495962433192
528,1615069,619012,580380,66948,7752,31967,34981,20374,10402,9972,714076,407008,307068,554973,159103,900993,153117,17230,1307211,187197,1990,0.014240877634330174,113467,3347,95,1532,100860,367352,31062,246068,43462,7172,8615,1183,260,95234,233,1106,1009,2115,173,198,371,278,283,561,202,3484,Maharashtra,Ratnagiri,17.210195070127703,73.25725893866404,1122.0,74.26258568519364,81.0,68.0,13.0,36.0,53.0,17.0,0.4799794931362066,18.0,576004,63.775946000374994,5.797933409873708,6.687715269804823,44.21334320700849,21.44267556954722,22.28096169035229,4.145209895057115,1.2614940909645347,80.93839953587121,11.59065030658133,0.12321454996659587,7.025520271889313,0.20723572800914386,0.005882101631571159,0.0948566284164949,5.392670884229971,0.04513857542655954,42.7198422233179
529,849651,348289,317778,55586,3517,26830,28756,6976,3575,3401,347178,229676,117502,226538,120640,502473,81816,9679,780384,26264,15471,0.02577528891274182,24762,1046,53,1452,42540,194228,15721,133398,22973,3810,4590,614,166,44158,107,508,563,1071,117,89,206,124,157,281,85,1749,Maharashtra,Sindhudurg,16.170948049777163,73.51329008172343,1036.0,78.39301077736623,83.0,74.0,9.0,27.0,55.0,28.0,0.4139346625849908,7.0,618399,31.408200854141093,4.859919954259577,6.117781589479702,40.861247735835065,23.566009366952976,34.748745600239644,6.542215568509895,0.8210429929465157,91.8475938944343,3.091151543398407,1.8208652729179393,2.914373077887274,0.12310937078871206,0.006237855307649846,0.17089369635297316,2.5422098030559557,0.026843510419648154,21.571509656386894
530,3876001,1559760,1266085,504461,22269,253390,251071,30206,15478,14728,1704054,1125204,578850,1508563,195491,2171947,266028,59932,3379906,286558,15573,0.040505665504214264,29766,154882,1274,6472,340318,770005,71879,533856,145947,34973,40799,4774,1052,100881,530,2257,2144,4401,451,659,1110,884,1016,1900,525,8464,Maharashtra,Kolhapur,16.44881301587301,74.12897150793648,957.0,72.90619894060914,79.0,67.0,12.0,31.0,57.0,26.0,0.5745354554862087,202.0,168066,458.15631954113263,6.202741020793951,6.261814744801512,43.964230143387475,15.611477101077783,11.472112972945693,13.01498632224295,0.7793083644715262,87.20085469534192,7.3931353474883,0.40178008210008204,0.767956458215568,3.9959226016711558,0.03286892856838788,0.16697622111036609,42.76831720871562,0.6259445693953566,317.64663882046335
531,2822143,1121550,927917,353093,13212,177108,175985,18333,9406,8927,1215104,800214,414890,1074948,140156,1607039,290693,40824,2440312,239607,9098,0.04464692256912566,38210,87453,769,5434,227034,485126,49056,371741,106679,27036,32051,4106,909,74756,409,1689,1418,3107,313,435,748,595,496,1091,442,5798,Maharashtra,Sangli,17.154930181086502,74.70713822937628,966.0,72.62094798172878,78.0,67.0,11.0,30.0,56.0,26.0,0.4681548737962605,94.0,242197,200.30223330594515,7.623318385650224,7.054156605726113,43.05607476304355,23.923302038344044,11.534485937006215,12.511520500555784,0.6496127233807784,86.47017532421285,8.490250139698803,0.3223791282015121,1.3539356439415011,3.0988153328871,0.02724879639337907,0.19254871209573718,20.2545861426855,0.3753143102515721,153.4870374116938
532,2741239,856350,626997,488596,5512,242844,245752,495794,247472,248322,1323667,748939,574728,1066460,257207,1417572,484912,84661,2399901,275970,15422,0.05023275971194048,25510,617,322,22120,194954,566108,45202,503266,58377,6455,7297,722,120,82830,648,1604,1266,2870,84,122,206,134,213,347,109,4181,Andhra Pradesh,Adilabad,19.284513950073435,78.81321233480176,1001.0,54.112282803506005,63.0,46.0,17.0,42.0,55.0,13.0,0.20107695826595198,51.0,384119,147.37828641644907,2.607031810571634,15.498684525233198,48.28717962935738,36.63398724905886,19.43139777602675,17.823911012502013,18.086493005535086,87.54803940845727,10.067345459480185,0.5625923168319144,0.9306010895073359,0.022508070255822275,0.011746513164302712,0.8069343825912296,11.767707403174537,0.031240318755385698,131.01825215623285
533,2551335,790214,599596,371074,5261,178798,192276,192941,95679,97262,1261076,684320,576756,1055965,205111,1290259,448281,171311,2123426,391596,19653,0.09238300732753638,1847,542,146,11768,186740,545913,35036,432299,68637,8050,9206,988,168,80591,661,1468,931,2399,61,60,121,71,105,176,100,3458,Andhra Pradesh,Nizamabad,18.429485849056604,78.07523490566035,1040.0,54.47383428675576,63.0,46.0,17.0,44.0,55.0,11.0,0.20620577070435672,50.0,373867,146.01796895687505,2.891844997108155,19.115095430884903,49.428083728714576,35.54750070574652,16.26476120392427,14.544307196036584,7.562354610429442,83.22803551865984,15.34867040196603,0.7703026062825932,0.07239347243697906,0.02124378021702364,0.005722494302002677,0.46124871880799656,9.371246994251967,0.04493576592745549,115.62908734924451
534,3776269,1257238,949591,709757,8831,352481,357276,106745,53495,53250,1876768,1049463,827305,1590304,286464,1899501,756859,168340,3491139,244723,24979,0.05523970882370932,332,312,115,12583,344667,926768,46584,746836,91081,8368,9357,860,129,133465,961,2163,1420,3583,128,99,227,119,173,292,186,5251,Andhra Pradesh,Karimnagar,18.515483193277312,79.43765428571413,1008.0,58.43940143035361,67.0,50.0,17.0,44.0,56.0,12.0,0.2338551623308615,70.0,489449,189.34924782765927,3.5421824414397256,18.301275947438583,49.699001845472345,40.32778691878804,15.2636873603983,18.795191762027546,2.8267318880090375,92.44942561030477,6.48054998200605,0.6614730041742259,0.00879174656254626,0.008262123275645883,0.003045333899677168,0.33321249095337224,9.517641265995028,0.026356167854056298,152.58709283296113
535,3033288,953406,683731,537947,8635,266413,271534,168985,86574,82411,1442203,837874,604329,1195494,246709,1591085,571129,67642,2637313,342449,34301,0.04315449110008677,554,457,217,16688,163074,604719,47170,482906,92770,14040,16643,2160,443,74445,786,1659,997,2656,84,59,143,71,102,173,116,3874,Andhra Pradesh,Medak,17.889304978038055,78.13778901903379,992.0,53.972356070376435,63.0,45.0,18.0,40.0,55.0,15.0,0.2846745841476312,42.0,386608,156.41657699788934,2.994321115126484,20.289106866288073,47.545864421710036,39.60115184894221,17.106399029817577,17.7347815308009,5.57101732509409,86.94568402340957,11.28969619765746,1.1308190979557498,0.01826400922035758,0.015066159230511578,0.00715395307006786,0.5501620683561864,12.200989115589952,0.11458635103257046,124.90843438314778
536,3943323,1542688,1349467,247927,149034,124313,123614,48937,25556,23381,1413297,1045585,367712,1096081,317216,2530026,23029,46157,2046051,1713405,87522,0.29026280626770873,1268,19560,1929,62142,581509,869721,274653,692697,73154,16242,20914,3555,1117,94747,416,2008,3204,5212,1708,494,2202,671,860,1531,1710,11071,Andhra Pradesh,Hyderabad,17.38971555555556,78.46668888888888,954.0,73.34309160066269,76.0,70.0,6.0,19.0,52.0,33.0,3.779401281609444,155.0,376009,231.30324008201933,15.445759190678348,3.7575648089603466,35.84025452644888,1.6294522665794946,22.445105310490295,6.287260769660512,1.2410091691702658,51.88646732717558,43.45079010773401,2.2194986309769704,0.03215562103332646,0.4960283496939003,0.048918133259689855,1.5758790238588116,73.04426223840387,0.29706735743027424,184.22351592648047
538,4053028,1158386,782260,708954,6153,356099,352855,364269,187035,177234,2082501,1140067,942434,1815643,266858,1970527,931084,57846,3673456,334172,21345,0.016234775580134163,290,388,267,22452,136843,757821,60812,632870,116194,19694,23895,3474,727,100900,1068,2104,1137,3241,70,54,124,65,95,160,102,4695,Andhra Pradesh,Mahbubnagar,16.639546224256293,77.98933089244859,977.0,47.881386459703705,56.0,39.0,17.0,47.0,56.0,9.0,0.15181242271210563,27.0,515712,146.94655156366343,2.1725239616613417,22.747603833865814,51.38136228025072,44.70989449704946,12.81430357056251,17.4919590982347,8.987576695744515,90.63485374391689,8.24499608687628,0.52664328990572,0.007155144252642715,0.009573089551811633,0.0065876672946745,0.5539562026218422,11.791852817076197,0.14097015388433853,122.71771841648051
539,3488809,1160757,840262,637385,7715,318359,319026,394279,203876,190403,1741693,976428,765265,1493419,248274,1747116,863131,45124,3249231,188646,35025,0.026857302879005413,241,250,132,14347,228818,789225,53777,655150,89307,8970,10032,935,127,120943,968,1937,1106,3043,64,72,136,84,125,209,113,4468,Andhra Pradesh,Nalgonda,17.113250515463907,79.16984453608244,983.0,57.35536109887357,66.0,49.0,17.0,44.0,55.0,11.0,0.2211356368319389,29.0,788318,100.11505509198064,2.5290957923008057,21.665174574753802,49.92228006749581,49.557011482505814,14.254750980798567,18.269415149983846,11.301249222872332,93.1329574075279,5.40717476938405,1.0039242618326196,0.006907801487556355,0.0071657691779630234,0.003783526125964477,0.41122916158494205,6.821739450323347,0.016110249924522844,83.10732470906412
540,3512576,1179790,885233,616102,12952,307709,308393,530656,268976,261680,1705655,960926,744729,1442197,263458,1806921,758092,43550,3273755,197333,31377,0.041365653013628746,253,569,126,7710,237349,828077,59006,676526,90062,8344,9354,879,131,112611,938,1936,1203,3139,135,93,228,112,162,274,185,4762,Andhra Pradesh,Warangal,18.01752608695651,79.87422028985509,997.0,58.78941836418628,67.0,50.0,17.0,42.0,55.0,13.0,0.3687322352598207,52.0,460163,179.95297318558858,3.884922301553969,19.69760604787904,48.558522292471395,44.44579941430125,15.446148253896597,17.53989095182567,15.107317250929233,93.20097273340136,5.617899797755266,0.8932760458421398,0.007202691130384083,0.01619893775963851,0.0035871109977406897,0.21949703009984692,12.822847556192047,0.028468173234266987,147.01877378233365
541,2797370,901640,728594,462896,8628,229905,232991,765565,378532,387033,1410062,802906,607156,1215871,194191,1387308,804537,19799,2595321,158887,33463,0.023414850377318695,217,459,539,7829,219710,668519,42171,575647,55189,4220,4616,346,50,112134,732,1584,1012,2596,75,78,153,92,136,228,127,3836,Andhra Pradesh,Khammam,17.683921325051784,80.67008643892335,1011.0,58.27738196949277,65.0,52.0,13.0,43.0,58.0,15.0,0.30843256344352016,73.0,299270,223.38323253249573,3.3107403545359753,19.08237747653806,50.406703439301914,57.05685281923773,13.771805778752992,16.54754287062491,27.367312868873263,92.77717999406585,5.679870735726772,1.1962307453071994,0.007757286308210926,0.016408269195708827,0.01926809824942714,0.2798700207695085,14.091288802753365,0.01670732114812711,192.35038593911852
542,2703114,857824,637557,255664,3988,125214,130450,166118,81382,84736,1290288,766483,523805,936244,354044,1412826,700833,34479,2666950,9025,18879,0.0071399134479714875,77,160,106,7724,149554,615432,32280,506897,66546,7462,8385,811,112,107495,743,1475,803,2278,58,37,95,45,64,109,76,3301,Andhra Pradesh,Srikakulam,18.570900998697432,84.25874814010675,1015.0,55.32067829917643,64.0,47.0,17.0,38.0,57.0,19.0,0.1475335483446129,37.0,401717,153.2003873373544,2.3023326264768254,22.508330808845805,47.73339193241573,54.31601316915293,27.43914536909589,9.45812866198022,6.14543078834263,98.66213559620498,0.3338741910256097,0.6984167149443198,0.002848566505149246,0.005919099231478954,0.003921403240854807,0.2857445153996465,8.035507583696981,0.027880323710472794,126.18261114167437
543,2344474,707503,530885,247728,4453,121493,126235,235556,114687,120869,1157962,679289,478673,953215,204747,1186512,557254,27469,2299129,16423,17853,0.016208326473230242,114,815,183,9577,140361,527736,24128,440182,65254,6261,6993,645,87,84176,613,1306,804,2110,45,65,110,74,114,188,81,3103,Andhra Pradesh,Vizianagaram,18.28329696032972,83.45982854198873,1019.0,52.82157106455435,61.0,45.0,16.0,40.0,58.0,18.0,0.18993599417182702,37.0,376409,140.2028113036617,2.6103770544634224,19.755075733161455,49.391121419985886,48.12368626949762,17.68166831035906,10.56646394884311,10.047285659811113,98.06587746334571,0.7004982780785797,0.7614927698067882,0.0048624979419690725,0.03476259493600697,0.007805588801581932,0.4084924806161212,6.410048643895337,0.023113156167891842,116.94247480798812
545,5154296,1716933,1571644,945269,22411,468883,476386,213195,104422,108773,2093681,1545831,547850,1748117,345564,3060615,1122046,57853,4983330,77777,77825,0.014318153245370464,413,4149,403,9661,479914,1297273,93784,1085890,85895,6477,7007,450,80,228618,1274,2865,1949,4814,189,164,353,195,286,481,290,7211,Andhra Pradesh,East Godavari,16.782718320784902,82.2432074720511,1006.0,63.80264152466215,67.0,61.0,6.0,21.0,60.0,39.0,0.4348023474010806,68.0,700719,185.13455465029492,4.021633615309943,17.66745250312023,40.620115724824494,53.592022853529265,16.505093182772352,18.339439566528583,4.13625837553761,96.68303876998915,1.5089742614704316,1.5099055234701306,0.008012733455742549,0.08049595909897297,0.007818720539138613,0.1874358787310624,13.383967039569356,0.011416844698088678,154.96796861509392
546,3936966,1379223,1273166,811698,12050,403693,408005,109072,53367,55705,1773112,1199338,573774,1534166,238946,2163854,1061787,33861,3733191,86142,109120,0.0073152778052947365,209,1578,211,6227,435334,1017568,55613,830550,71679,5319,5684,329,36,167867,1011,2260,1477,3737,131,105,236,126,184,310,193,5485,Andhra Pradesh,West Godavari,16.63297943925236,81.45912990654196,1004.0,67.37139716218022,70.0,65.0,5.0,29.0,61.0,32.0,0.3060732553951444,132.0,329647,308.68413788082404,3.5186873290793073,18.432087511394712,45.03752381910334,59.88268084588001,13.476080473201918,20.617348486118498,2.7704582665941233,94.82405994870162,2.1880300718878445,2.7716774795616725,0.005308656462870139,0.040081626308177416,0.005359457003184686,0.1581674822693414,16.87047053363143,0.01092077282669037,251.95132975576905
547,4517398,1598959,1410759,871063,30438,435412,435651,132464,66734,65730,2048880,1327299,721581,1744978,303902,2468518,1006976,48444,4023678,307043,145598,0.030836335430263175,863,6320,906,31597,632890,1163932,101450,955030,81787,6370,6886,449,67,183554,1054,2557,2029,4586,270,180,450,218,313,531,364,6983,Andhra Pradesh,Krishna,16.143872753151673,81.14805061000413,992.0,66.62503503122815,71.0,63.0,8.0,32.0,59.0,27.0,0.6737949589564612,194.0,325713,357.3489544476272,5.212659315480452,15.093799226693399,45.355312947851836,49.14763187692788,14.832591464605052,19.282405490948552,2.932307492056268,89.07069954872252,6.796899454066256,3.223050083255892,0.019103917786300873,0.13990354624498438,0.020055793180056306,0.6994513213137297,31.147052773453932,0.020570256636977955,293.21212232855305
548,4887813,1634726,1325715,957407,19383,476333,481074,247089,125105,121984,2381624,1442370,939254,2106326,275298,2506189,1227956,47436,4217597,559770,89763,0.015630712549764076,323,3282,332,15982,648568,1186028,80434,972992,117838,10388,11313,821,104,185688,1119,2657,1953,4610,196,188,384,222,328,550,317,6981,Andhra Pradesh,Guntur,15.884925767634847,80.58657614107885,1003.0,60.56780404651324,67.0,54.0,13.0,38.0,59.0,21.0,0.39655772428282343,159.0,406649,291.65889993581686,4.5408967196676695,16.02922217447357,48.725759352904866,51.55960806575681,11.559255365246571,19.58763561535599,5.0552056717390785,86.28801879286299,11.452361209399786,1.836465511262399,0.006608272452321723,0.06714659501089751,0.006792403882881772,0.3269765025789653,19.77971174157566,0.02557488153173867,239.27072241662958
549,3397448,1107686,796749,787861,6151,397242,390619,151145,76677,74468,1700567,991842,708725,1463508,237059,1696881,889218,42603,3150195,220654,18775,0.007829406071851577,97,204,206,7051,290947,763746,43611,643184,89358,10022,11413,1186,205,113321,855,1845,1128,2973,91,65,156,79,114,193,127,4304,Andhra Pradesh,Prakasam,15.489039001601704,80.11665790176184,981.0,56.054868242280676,65.0,47.0,18.0,42.0,58.0,16.0,0.18104765694721447,201.0,144559,528.3282258455025,2.950743494423792,19.865241635687735,50.054246599212114,52.28950108993059,13.93999765960412,23.18978833524457,4.448780378684236,92.72239045306948,6.494698373602775,0.5526206729286217,0.002855084169058658,0.0060045069122470745,0.006063374627073026,0.2075381286188928,30.16830498274061,0.1418106102006793,444.9283683478718
552,4053463,1246369,880792,737945,10081,370215,367730,82831,42052,40779,2029425,1164122,865303,1757520,271905,2024038,1037302,60791,3328380,670737,33165,0.018181984145408506,255,2235,434,17520,195001,816721,56478,652567,109416,18819,22549,3071,659,92650,1042,2163,1355,3518,108,114,222,134,199,333,185,5301,Andhra Pradesh,Kurnool,15.43759715142429,77.90086836581717,988.0,52.47762222080231,61.0,44.0,17.0,43.0,57.0,14.0,0.2487009256036135,62.0,315396,258.9509695747568,3.4899075646104514,19.656668553103188,50.066449354539564,51.11309853776316,13.398130012195573,18.20529754434665,2.0434625898891885,82.11201138384635,16.547258479971326,0.8181892865433829,0.0062909171737844894,0.055138038758464056,0.010706894327146936,0.4322230152341343,17.907012137122855,0.20894367715506854,206.90401907443342
553,4081148,1338474,972486,583135,8606,292379,290756,154127,78573,75554,2036166,1208544,827622,1679655,356511,2044982,879537,105343,3599372,443456,20463,0.02283671163113908,341,1417,309,14858,223016,897970,48299,718794,115052,15584,17947,1994,369,109372,969,2252,1605,3857,143,150,293,176,261,437,243,5799,Andhra Pradesh,Anantapur,14.312065561843148,77.4601584478577,977.0,56.62524368143473,65.0,48.0,17.0,41.0,59.0,18.0,0.21087203894590445,64.0,349031,257.2751417495867,4.190377651319193,16.70977754785308,49.891991175032125,43.19574140811702,17.50893591190502,14.288504116978851,3.776559928725937,88.19508628454543,10.865962224354519,0.5014030365965655,0.008355492131135652,0.03472062272674257,0.007571399027920575,0.3640642289865499,13.838025848706847,0.10572126831141072,205.93987353558853
554,4174064,1484794,1183084,785760,13763,389582,396178,159165,79756,79409,1933357,1202223,731134,1669852,263505,2240707,748093,57269,3737588,397870,24129,0.02077112377769004,253,1322,358,11677,324406,944555,67087,757090,105579,10901,12183,1103,179,147264,1021,2270,1565,3835,261,125,386,157,218,375,307,5926,Andhra Pradesh,Chittoor,13.33109263067696,78.92763898886037,997.0,63.915598802509976,71.0,57.0,14.0,35.0,58.0,23.0,0.3297266165540346,52.0,624761,151.18661376110225,5.180560242996963,17.22915963550456,46.318336278504596,38.69399184941012,13.629402122836082,18.82481916904005,3.8131902146205707,89.54314068974504,9.531957344209383,0.5780697181451937,0.006061239118518547,0.03167177120427478,0.008576773140038102,0.27975134065984614,10.738026221226997,0.028650956125622438,121.18073951479045
555,4779661,1725548,1326484,577418,17560,289096,288322,297198,148673,148525,2105668,1372422,733246,1734501,371167,2673993,649517,60342,4038331,528412,18418,0.04261808525751094,1086,178310,149,12918,240742,808827,73497,644950,146890,38909,48893,7746,2238,123092,1016,1973,1572,3545,592,373,965,521,691,1212,308,7045,Karnataka,Belgaum,16.16107219152853,74.72329042357275,973.0,63.85457043920061,71.0,56.0,15.0,31.0,57.0,26.0,0.3673900722247875,85.0,283718,285.08131313487337,4.371894960965224,14.421575585521646,44.054756184591334,30.846125790010582,17.62704281966578,12.080731248513231,6.217972362475079,84.4899042003188,11.055428407997974,0.385341136118231,0.022721276676316585,3.7305993040092176,0.003117375897579347,0.27027021372436244,25.904947870773093,0.7888114254294757,227.3207903622611
556,1889752,641388,472024,319149,3745,158135,161014,97203,48470,48733,818081,511575,306506,676407,141674,1071671,303243,44797,1634229,219991,3433,0.023442229456563612,412,25198,166,5880,49345,301389,26297,229586,54042,17545,23049,4097,1407,48700,380,811,694,1505,217,155,372,217,327,544,89,2890,Karnataka,Bagalkot,16.15860676328503,75.64526070853468,989.0,58.9184189248113,68.0,50.0,18.0,33.0,54.0,21.0,0.19817415195221383,22.0,227795,132.30711824227924,3.0795847750865053,13.148788927335639,43.29038942676076,37.06760088548689,17.317845054462822,16.888406521067314,5.143690812339397,86.4784902992562,11.641262980539246,0.18166404903923902,0.02180180256456932,1.3334024782087808,0.008784221421646862,0.3111519395137563,11.544151539761629,0.6176606159046512,100.78623323602362
557,2177331,730566,517702,442773,4987,226440,216333,39314,19912,19402,927722,580111,347611,760083,167639,1249609,351600,25379,1786830,369588,2433,0.025627706582049305,374,8665,499,8384,58890,326594,36571,269069,64643,21459,28159,5019,1681,43205,447,860,643,1503,217,163,380,228,293,521,89,2938,Karnataka,Bijapur,16.84015316666667,75.95909166666665,960.0,57.330190035414915,66.0,49.0,17.0,33.0,52.0,19.0,0.229041886603369,19.0,316932,103.04860348592126,3.02927161334241,15.214431586113003,42.60822079876693,37.89928448392945,18.069960613200937,20.335585172856124,1.805605119295137,82.06515224373327,16.974359892914766,0.1117423120324838,0.017176993300513334,0.39796429665494126,0.022917966997208966,0.38505858778476953,11.539068317493975,0.5303976878320902,84.89802228869284
558,1703300,597198,445475,399785,3971,204280,195505,235822,119787,116035,702608,459050,243558,551763,150845,1000692,280091,18095,1289709,335184,35438,0.06722245053719252,30453,680,521,10170,34924,271439,36072,216975,52444,11996,15020,2465,559,29082,377,735,529,1264,168,143,311,201,246,447,50,2448,Karnataka,Bidar,17.950361730769224,77.19459961538459,956.0,61.21487700346386,69.0,54.0,15.0,29.0,53.0,24.0,0.23313567780191394,6.0,553944,49.00116257238999,2.042483660130719,15.400326797385622,41.24980919391769,39.86447635096668,21.46929724682896,23.471202958962014,13.845006751599836,75.71825280338167,19.678506428697233,2.0805495215170553,1.787882346034169,0.03992250337579992,0.030587682733517287,0.5970762637233605,6.511849573242061,0.1009127276403391,39.169121788484034
559,1928812,577213,402556,400933,5200,200359,200574,367071,182101,184970,903413,530373,373040,725985,177428,1025399,383526,19095,1634062,272022,10394,0.027892816925651646,2265,4156,29,5346,51443,314547,33903,245971,52518,14498,18639,3022,1119,42209,438,807,516,1323,213,166,379,232,219,451,80,2672,Karnataka,Raichur,16.050795353982295,76.87368606194688,1000.0,50.79650064391967,60.0,42.0,18.0,39.0,55.0,16.0,0.26959600002488576,13.0,382587,82.21580973739306,2.9940119760479043,16.392215568862277,46.83779445586195,42.4530087567923,19.639743948780904,20.786525591918757,19.03093717791055,84.71857288320479,14.103085215147976,0.5388809277420505,0.11742979616468582,0.21546941848142792,0.00150351615398494,0.27716542617943063,8.861513851751367,0.29248249417779487,64.29152062145343
560,1389920,468785,340300,258608,2135,129341,129267,164271,82761,81510,654766,387974,266792,508089,146677,735154,273016,18794,1218024,161770,4081,0.021296189708760217,85,2898,461,2305,31673,223166,15263,175862,36424,11419,14711,2468,824,32399,317,577,394,971,124,106,230,149,182,331,42,1889,Karnataka,Koppal,15.651253271028034,76.1617048598131,986.0,58.210904224703576,67.0,49.0,18.0,39.0,55.0,16.0,0.15360596293311846,7.0,470867,47.394699564845276,2.2233986236103758,16.781365802011646,47.10817888799355,41.69672829682665,22.40143807100552,18.60596293311845,11.818737769080235,87.63266950615862,11.63879935535858,0.2936140209508461,0.00611545988258317,0.20850120870265915,0.033167376539656956,0.1658368826982848,3.2414673357869637,0.17499633654513908,37.34855065230734
561,1064570,397178,302999,174196,3373,87745,86451,61654,30975,30679,495722,310412,185310,423451,72271,568848,200310,15485,907750,143665,3432,0.021698901904055157,79,5993,74,3346,31959,198064,15625,146711,28500,8075,10233,1670,488,30158,218,479,402,881,132,97,229,136,187,323,49,1699,Karnataka,Gadag,15.507128256880746,75.64861302752298,982.0,65.77087462543562,74.0,57.0,17.0,35.0,58.0,23.0,0.3168415416553162,11.0,285085,69.47541961169476,2.884049440847557,12.831077104178929,46.56546774754126,40.407728525262144,14.578937388294246,16.36303859774369,5.791446311656349,85.26916971171458,13.495120095437594,0.32238368543167667,0.007420836581906309,0.5629502991818293,0.006951163380519834,0.3143053063678293,5.4808215093743975,0.17117701738078117,51.46219548555694
562,1847023,711776,589888,177855,15013,89137,88718,87548,44173,43375,784833,543776,241057,690948,93885,1062190,207642,16463,1390020,386834,28747,0.08045378969292748,715,29037,2748,7436,140584,347962,49585,259494,45952,13714,17758,3053,991,48850,289,801,937,1738,415,170,585,237,386,623,284,3519,Karnataka,Dharwad,15.343831376975173,75.13831264108359,971.0,70.47362160622797,76.0,65.0,11.0,26.0,58.0,32.0,0.8128214970793541,68.0,206741,168.3081730280883,8.07047456663825,8.212560386473431,42.4917827227923,26.45683858859146,11.96241748244531,9.62927911563635,4.739951803523833,75.25731948113261,20.94364823827316,1.5563964281982412,0.038710941877821765,1.572097369659176,0.1487799556367192,0.40259379552934643,23.984115390754614,0.4793437199200933,125.51646746412177
564,1597668,603793,481650,219976,2456,112212,107764,141380,72109,69271,730066,490731,239335,601951,128115,867602,311263,20217,1281878,297927,2406,0.02622572399271939,68,9834,702,4434,41517,295937,17819,229883,42560,10776,13722,2281,665,39291,353,671,482,1153,153,127,280,178,224,402,52,2240,Karnataka,Haveri,14.737582809224318,75.3961230607966,950.0,67.93920889696733,74.0,62.0,12.0,31.0,60.0,29.0,0.15372405280696616,14.0,291440,101.54302772440296,2.3214285714285716,15.758928571428571,45.69572652140495,42.63491245996937,17.548413431114447,13.768567687404392,8.849147632674622,80.23431651632254,18.64761640090432,0.15059449147131945,0.004256203416479519,0.6155221234949939,0.043939041152479735,0.2775294992451498,6.114122975569586,0.22817732637935767,78.87832830085094
565,2452595,813440,608181,517409,9626,258582,258827,451406,225451,225955,1116880,703258,413622,969388,147492,1335715,406092,22832,2103633,320834,14014,0.04195556135440218,284,8044,54,4703,114040,440374,40190,338539,66300,16362,20496,3285,849,56369,415,973,1010,1983,361,183,544,256,416,672,271,3886,Karnataka,Bellary,15.074377548209377,76.47228471074374,983.0,57.96395246667305,66.0,50.0,16.0,34.0,57.0,23.0,0.39248224839404794,55.0,207713,212.01080336810887,6.973751930005147,10.679361811631498,45.53870492274509,36.359501468376195,13.205715922928157,21.09638974229337,18.40524016398957,85.77172341948018,13.08140969055225,0.5713947879694772,0.011579571841253855,0.3279791404614296,0.0022017495754496764,0.19175607876555242,19.34881302566522,0.40873705545632677,162.98402122158942
566,1659456,607188,480204,389117,5711,196819,192298,302554,152939,149615,856587,513311,343276,667479,189108,802869,294337,26235,1520553,128751,3175,0.019403949246017974,84,3778,128,2665,60522,307257,28897,243077,54314,10778,12905,1748,379,43847,365,699,534,1233,158,127,285,177,253,430,60,2374,Karnataka,Chitradurga,14.29102220394736,76.57821957236843,974.0,65.52701608237881,72.0,59.0,13.0,42.0,61.0,19.0,0.34414892591307034,22.0,276869,110.97558773282672,2.527379949452401,15.374894692502107,51.61854246210807,34.361600164373264,22.076916880597068,23.448467449573837,18.23211944155193,91.62960632882101,7.758626923521924,0.19132776042269273,0.005061899803309036,0.22766496972501832,0.007713371128851865,0.16059479733117357,10.43706590481419,0.13688784226475337,87.79494995828352
567,1945497,720637,587903,392595,7320,198299,194296,233112,117808,115304,875207,585639,289568,705099,170108,1070290,295873,31438,1658465,265805,5420,0.0157800294731886,164,6417,1743,7176,100812,372671,39416,285888,54132,12634,15775,2466,675,49045,406,865,723,1588,233,169,402,237,337,574,91,3062,Karnataka,Davanagere,14.330414586709884,75.91723841166937,972.0,67.25993409396159,73.0,61.0,12.0,30.0,59.0,29.0,0.3762534714779822,35.0,287325,129.70364569738103,2.9719137818419337,13.25930764206401,44.986293990687216,33.806059595044374,19.436316208622646,20.179676452854977,11.982131044149643,85.24634065228577,13.662575681175557,0.27859205128560977,0.008429722585025832,0.3298385965128705,0.0895915028396343,0.3688517638423498,13.718263290698687,0.23492560689115116,99.49986948577396
568,1752753,674938,588078,308158,8791,153546,154612,65412,32707,32705,780598,534487,246111,652789,127809,972155,246464,15087,1479424,234664,26521,0.022821241783639794,120,9234,367,2023,128087,363835,35207,292771,45042,7655,9248,1284,309,55078,336,796,816,1612,271,150,421,209,340,549,200,3119,Karnataka,Shimoga,14.063845885634592,75.17882078103197,998.0,72.058983781514,77.0,67.0,10.0,28.0,61.0,33.0,0.5015538412999436,54.0,235793,154.30271466922258,6.412311638345623,10.772683552420649,44.53553923456414,31.573742182275637,16.373216431505078,17.58137056390718,3.731957668878615,84.4057320112988,13.388309704790121,1.5131053833597774,0.0068463725350919385,0.5268283665753246,0.02093848933648951,0.11541843032075827,14.931316875394943,0.13104714728596692,124.16441539825185
569,1177361,465704,460725,75429,9070,36988,38441,52897,26228,26669,513241,335399,177842,459446,53795,664120,63390,10580,1009179,96740,65838,0.019705086205505363,161,4534,155,522,83810,224814,24817,156127,28839,7088,9418,1764,566,51929,209,518,534,1052,236,73,309,103,167,270,259,2100,Karnataka,Udupi,13.450404228534568,74.72009990316337,1094.0,78.68691081155228,83.0,75.0,8.0,29.0,60.0,31.0,0.7703669477755761,56.0,150528,149.3502869897959,12.333333333333334,9.952380952380953,43.592492022412834,12.350922860800287,10.481430750855836,6.406616152564931,4.492844590571625,85.71534134390386,8.216681204830124,5.591997696543371,0.013674650340889499,0.38509853817138495,0.013165036042471257,0.04433644396238707,16.486633715986397,0.3760097789115646,103.7195737670068
570,1137961,438257,380088,253651,4510,125016,128635,44970,21990,22980,565774,357889,207885,480229,85545,572187,126600,8873,1004553,101235,26000,0.015993518231292636,109,4710,4,1168,74534,238505,18727,194153,33374,4902,5721,668,151,38925,239,538,521,1059,143,86,229,121,196,317,151,1996,Karnataka,Chikmagalur,13.425288289676422,75.67626502311249,1008.0,71.91327295047897,77.0,67.0,10.0,36.0,63.0,27.0,0.39632289683038346,23.0,329088,72.4745356865033,7.565130260521043,11.973947895791582,49.718224086765716,22.37642592271826,15.119994909628225,22.28995545541543,3.9518050267100544,88.2765753835149,8.896174824972034,2.284788318756091,0.00957853564401592,0.4138981915900457,0.0003515058951932448,0.10263972139642748,5.690575165305329,0.045884383508362506,58.99728947880202
571,2678980,1006024,807367,506901,7971,254535,252366,209559,105265,104294,1354646,837512,517134,1078431,276215,1324334,352286,54523,2413812,245923,9130,0.01780528410066518,187,5067,161,4223,116539,562769,41751,441261,86767,13095,15383,1881,407,92983,613,1186,911,2097,289,220,509,309,423,732,116,4067,Karnataka,Tumkur,13.592467760074973,77.02297966260545,984.0,67.68960574547029,74.0,61.0,13.0,39.0,62.0,23.0,0.2975386154431911,65.0,178840,314.677365242675,2.852225227440374,15.072535038111631,50.56573770614189,26.005760914659625,20.390197881955878,18.92141785306348,7.822342831973363,90.10190445617361,9.179725119261809,0.3408013497674488,0.006980268609694734,0.18913914997499048,0.006009749979469799,0.1576346221323041,23.34544844553791,0.2275777231044509,246.7350704540371
573,1805769,638668,510981,265294,3367,131675,133619,22402,11310,11092,871408,575203,296205,714901,156507,934361,216159,17834,1712695,77801,8506,0.017831738168060256,299,3607,109,2430,80452,391033,20265,297441,56457,9232,10999,1467,300,61681,408,779,609,1388,156,134,290,188,300,488,53,2628,Karnataka,Mandya,12.574901806239744,76.81570098522172,995.0,63.66534146947921,71.0,57.0,14.0,33.0,64.0,31.0,0.186457957800804,11.0,739275,52.89411923844307,2.0167427701674274,15.52511415525114,48.256892216003266,24.805716725116135,17.960243651653414,14.691469396140924,1.2405794982636207,94.84574162032906,4.308469134202658,0.47104585359478424,0.01655804258462738,0.1997486943235818,0.0060362095040949314,0.13456870729312553,2.7411991478137363,0.04058029826519225,40.23414832099016
574,1776421,668836,556420,345031,4851,169961,175070,32329,15986,16343,903580,560452,343128,752387,151193,872841,165910,16126,1630814,120011,15611,0.016268666042565362,623,5820,3,3250,90599,400702,23444,311242,54910,7365,8430,897,168,54710,390,773,665,1438,184,131,315,183,297,480,119,2743,Karnataka,Hassan,12.945098749999998,76.11049549999997,1010.0,68.9732895524203,76.0,62.0,14.0,38.0,63.0,25.0,0.27307715907434105,11.0,804197,49.82634851908176,4.338315712723296,14.218009478672986,50.86519468076543,18.36140684831448,16.732663405564534,19.422817001150065,1.8198951712460054,91.80335066968922,6.755774672783085,0.8787894311089544,0.03507051537895578,0.32762503933470727,0.00016887888625500376,0.18295212677625405,2.915206099997886,0.020890403719486642,38.70220853845513
576,554519,215302,197575,73584,3308,35759,37825,58054,28510,29544,278938,172100,106838,258753,20185,275581,15153,1549,448986,87274,17130,0.0250667695786799,126,250,220,394,40958,113931,10758,100643,12563,1703,1952,214,35,23145,116,255,239,494,75,36,111,50,81,131,90,942,Karnataka,Kodagu,12.39684468085106,75.79336595744688,1019.0,74.4567814628534,78.0,71.0,7.0,38.0,63.0,25.0,0.5965530486782238,10.0,404138,28.191112936670148,9.554140127388536,12.314225053078557,50.30269476789795,5.432389993475253,7.236375108447038,13.269878940126489,10.469253533242323,80.9685511226847,15.738685238918777,3.0891637617466667,0.02272239544542207,0.04508411794726601,0.03967402379359409,0.07105256988489123,2.6619620030781563,0.008660408078428656,24.903127149637005
577,3001127,1063766,898414,536643,28397,269331,267312,334547,166697,167850,1314268,921803,392465,1082108,232160,1686859,311002,28162,2631985,290549,39361,0.0418176238459752,16194,14419,493,6871,273706,640868,80086,498019,82418,13731,16156,2041,384,91829,535,1222,1261,2483,525,237,762,330,537,867,349,4995,Karnataka,Mysore,12.248100259403367,76.52881802853437,985.0,65.38143837298455,70.0,60.0,10.0,26.0,61.0,35.0,0.9462112066566993,41.0,659743,97.13903747368293,6.986986986986987,10.71071071071071,43.79248195761126,23.66351459519672,17.66458591398406,17.88138256061806,11.1473789679677,87.69988740896336,9.68132971380418,1.311540631236199,0.5395972912842409,0.48045284321523213,0.016427162196068344,0.2289473254547375,12.138969265304823,0.058204482654609445,75.48681835199464
579,2566326,828359,599009,648782,9752,330091,318691,65259,32830,32429,1087028,680001,407027,844237,242791,1479298,415267,25891,2011014,513125,8344,0.03218609015378405,9589,4865,330,18233,77334,404767,52483,321938,72477,19470,25287,4454,1363,45543,761,1552,1211,2763,409,306,715,428,554,982,157,5378,Karnataka,Gulbarga,17.070459515951594,76.87503850385033,971.0,55.61912243417243,64.0,47.0,17.0,32.0,52.0,20.0,0.3799984881110194,12.0,665533,60.81847181131514,2.9193008553365565,14.150241725548533,42.357362236909886,38.20205183307146,22.335303230459566,25.280576201152932,2.5428959532031397,78.36159552605554,19.99453693724024,0.3251340632483948,0.3736469957441104,0.18957061573627046,0.012858849577177645,0.7104709222444849,7.885859904768059,0.20479825944017802,48.372958215445365
581,1536401,564110,452109,465867,5051,232546,233321,78875,39997,38878,717872,454048,263824,584590,133282,818529,201233,24178,1305431,199873,26722,0.016467055150315577,150,2494,92,1386,72407,309494,27235,232108,44931,8177,10062,1472,413,43889,477,1007,799,1806,206,193,399,271,394,665,41,3389,Karnataka,Kolar,13.312799881235172,78.01376947743476,979.0,66.14282339050807,73.0,59.0,14.0,35.0,58.0,23.0,0.32875531843574696,17.0,433258,71.43411085311755,1.209796400118029,14.074948362348774,46.724260137815584,28.031877549200974,18.56626250919384,30.321966726134647,5.1337508892535215,84.96681530407751,13.009168830272827,1.7392594771807621,0.009763076176076427,0.16232741322089742,0.00598802005466021,0.09021082386694619,6.2860928130582705,0.09532426406436811,53.57269802288705
583,990923,385311,303438,213700,3729,107424,106276,52903,27147,25756,459891,315499,144392,389989,69902,531032,84108,19457,890429,92252,5368,0.039256329704729837,272,1045,85,1083,77454,214253,17066,156406,30515,5347,6614,986,281,31210,164,380,368,748,113,59,172,83,135,218,120,1422,Karnataka,Bangalore Rural,12.936827087794448,77.47369314775169,946.0,69.50580418458347,76.0,63.0,13.0,30.0,62.0,32.0,0.3763158186862148,4.0,2198552,9.745186832060375,8.438818565400844,11.533052039381154,46.41036690035452,18.28868144843017,15.199688621869095,21.56575233393513,5.338759923828592,89.85854602224391,9.309704184886213,0.5417171667223387,0.02744915598891135,0.10545723532504545,0.008577861246534795,0.1092920438823198,0.7762381785829946,0.012781139586418697,7.114045972076166
585,818008,351738,311322,17606,23440,8712,8894,56606,27824,28782,327658,239125,88533,269437,58221,490350,14120,8862,622213,57941,134169,0.07554938338011365,553,546,166,1802,132612,173951,56266,122650,18253,3867,4750,736,147,33432,122,424,476,900,151,177,328,172,204,376,351,2078,Goa,North Goa,15.548723418714054,73.80667997909038,963.0,81.05788696443066,84.0,78.0,6.0,22.0,57.0,35.0,2.865497647944763,26.0,500598,34.748640625811525,16.89124157844081,5.871029836381136,40.05559847825449,4.309371356719506,17.768832135946628,2.152301688981037,6.91998122267753,76.06441501794603,7.083182560561754,16.40191782965448,0.06760325082395281,0.0667475134717509,0.020293200066503016,0.22029124409541226,11.239757250328607,0.029364879603993626,24.500697166189237
586,640537,264085,238342,7843,17624,3915,3928,92669,45124,47545,249590,180411,69179,206616,42974,390947,12640,5846,341664,63623,231961,0.1334817504687473,542,563,92,1237,102191,138810,44299,96972,14089,2921,3563,511,131,29104,87,314,375,689,122,148,270,143,164,307,294,1646,Goa,South Goa,15.195278658183785,73.941792596877,986.0,78.43840402662141,82.0,75.0,7.0,22.0,56.0,34.0,2.7514413687265526,9.0,1181006,11.753538932063003,17.861482381530987,5.285540704738761,38.96574280642648,5.064305460955968,17.217837253095077,1.2244413671653627,14.46739220372906,53.340244201349805,9.93275954394516,36.213520842667954,0.08461650146673806,0.08789500060105818,0.014362948588450003,0.19311921091209408,3.7509546945570134,0.011092238312083088,8.21096590533833
588,1307375,516476,521016,53283,10378,26385,26898,48857,23950,24907,462998,325095,137903,372700,90298,844377,38774,24496,729987,486913,87454,0.011549861363419064,362,130,152,2226,74092,237670,32484,179252,33751,8442,10603,1776,385,44156,305,607,581,1188,126,183,309,78,80,158,28,1988,Kerala,Kasaragod,12.33310309912974,75.07768497134369,1080.0,79.35687924275744,82.0,77.0,5.0,20.0,52.0,32.0,0.7938043790037288,11.0,646325,36.77252156422852,1.4084507042253522,15.3420523138833,35.414322592982124,8.374550214039802,19.50289202113184,4.075571278324888,3.7370303088249353,55.836083755617175,37.243560569844156,6.689281958122191,0.027689071612964907,0.009943589253274692,0.011626350511521178,0.17026484367530356,5.025954434688431,0.05956755502262793,27.734034734847018
589,2523003,1012956,1125478,83350,32653,40260,43090,41371,20141,21230,824116,609377,214739,694209,129907,1698887,82988,12875,1509592,742483,262526,0.016805370425639603,1118,193,722,5945,115356,511167,83940,350621,72201,15978,20104,3317,809,100283,536,1272,1292,2564,259,373,632,281,370,651,49,4432,Kerala,Kannur,11.941523076923056,75.35209891725934,1136.0,84.75748938863728,86.0,84.0,2.0,16.0,52.0,36.0,1.2942116993122876,63.0,183572,278.45586472882576,1.105595667870036,12.093862815884476,32.66409116437832,10.069941610161676,15.763193531007772,3.303602889096842,1.6397523110356984,59.833143282033355,29.4285420984438,10.40529876500345,0.04431227390534217,0.007649614368274632,0.028616692092716497,0.23563190372742324,45.72592770139237,0.44069901727932365,190.99917198701326
590,817420,328136,317449,32578,4712,16406,16172,151443,74476,76967,340077,228639,111438,263445,76632,477343,101630,4574,404460,234185,174453,0.00746250397592425,312,1797,286,1866,23028,149864,15944,131870,25844,3484,3879,357,38,23810,234,385,260,645,94,98,192,6,9,15,9,1095,Kerala,Wayanad,11.715277464788736,76.07587007042254,1035.0,78.97837097208289,82.0,76.0,6.0,27.0,57.0,30.0,0.57644784810746,3.0,776743,19.293897724215086,0.821917808219178,21.36986301369863,41.6037043380392,29.884408531009154,22.53372030451927,3.9854664676665603,18.526950649604853,49.480071444300364,28.649286780357713,21.341905018228083,0.03816887279489124,0.2198380269628832,0.03498813339531697,0.22827921998483033,2.0526737930048933,0.004892223039023203,16.97730137252605
591,3086293,1266939,1348504,199191,36791,97279,101912,15228,7429,7799,948981,752333,196648,754187,194794,2137312,64198,13312,1734958,1211131,131516,0.009623195205380694,235,601,588,6967,145558,641660,107602,459312,102483,21702,25527,3332,493,96503,770,1476,1070,2546,354,307,661,208,338,546,71,4594,Kerala,Kozhikode,11.392924270557026,75.71158720159153,1098.0,84.74383345975252,86.0,83.0,3.0,12.0,51.0,39.0,1.192077356232866,34.0,430613,149.0108287487837,1.545494122768829,16.76099259904223,30.748247169014736,6.764940499335603,20.52664911099379,6.454053455067292,0.4934074632577011,56.2149478354777,39.24225600096945,4.261293402797466,0.007614312704594152,0.019473199725366323,0.019051982426814305,0.22574007069322324,24.9880983621024,0.114487950897906,106.66468499557607
592,4112920,1597404,1713911,308266,27909,151557,156709,22990,11272,11718,1062424,898157,164267,852047,210377,3050496,117405,18423,1135259,2888849,81556,0.004984293397391634,179,68,579,6225,139994,730119,119918,482615,124797,40822,51784,9238,1724,115399,1156,1776,892,2668,480,265,745,73,111,184,83,4838,Kerala,Malappuram,10.97329875666072,75.93910775606876,1098.0,80.51007556675063,81.0,80.0,1.0,8.0,46.0,38.0,0.6785689972087957,19.0,744077,98.12411887479388,1.715584952459694,23.894171145101282,25.831380138684924,11.050672801066241,19.801604632425473,7.495064333855265,0.5589702692977252,27.602263112338676,70.23839510615329,1.9829221088666933,0.004352139112844403,0.001653326590354298,0.014077589644340274,0.15135232389640452,16.116342797855598,0.23169645077055198,64.8608947729872
593,2809934,1122600,1116892,403833,27162,197451,206382,48972,24314,24658,1042340,746121,296219,875540,166800,1767594,249949,25035,1875980,812936,114397,0.007829365387229736,238,78,400,5685,178386,587583,69440,419607,85777,19925,24296,3683,688,98607,692,1253,1078,2331,294,384,678,60,90,150,78,3929,Kerala,Palakkad,10.784926903553291,76.49980490693744,1067.0,79.69909613535407,83.0,77.0,6.0,20.0,55.0,35.0,0.9666419211269731,29.0,621987,94.46869468332939,1.9852379740391957,17.612624077373376,37.09482144420474,23.979603584243144,16.002456012433562,14.37161869282339,1.7428167351973394,66.76242217788744,28.930786274695418,4.071163237286,0.008469949828003077,0.002775865910017815,0.014235209794963155,0.20231791921091385,11.164220474061356,0.11061324432825766,67.46234246053375
594,3121200,1282261,1396287,324350,56148,156480,167870,9430,4362,5068,1095727,789511,306216,929506,166221,2025473,73941,27883,1823442,532839,757484,0.008298090478021275,278,62,585,6251,338350,721625,132774,508265,98284,16971,19542,2261,310,117739,622,1548,1722,3270,449,397,846,438,247,685,189,5612,Kerala,Thrissur,10.458932647907687,76.12321940836945,1108.0,85.81789055491478,87.0,85.0,2.0,19.0,53.0,34.0,1.7989234909650136,54.0,622026,116.01203165141007,3.367783321454027,11.083392729864576,35.1059528386518,6.748122479413212,15.169928275930044,10.391836473151352,0.3021273869024734,58.42118415993849,17.07160707420223,24.268999102909135,0.008906830706138664,0.0019864154812251696,0.018742791234140715,0.20027553505062154,21.34540999893895,0.04983714507110635,81.71121464376088
595,3282388,1425723,1429953,268411,88737,131573,136838,16559,8349,8210,1249343,913249,336094,1061388,187955,2033045,71391,23976,1509557,514397,1248137,0.02620043699891664,614,1176,1083,6564,499291,771287,184167,580054,112488,11394,12193,738,61,87002,654,1594,1933,3527,466,452,918,384,398,782,392,6274,Kerala,Ernakulam,10.004879301987431,76.26957729035381,1027.0,86.99995247362591,88.0,86.0,2.0,20.0,56.0,36.0,2.7034281139219374,88.0,567601,135.88541951124117,6.248007650621613,10.423971947720752,38.06201460643897,5.714283427369425,15.044307287910524,8.17730871548397,0.5044802747268148,45.98959659857397,15.671425803408981,38.02527306339165,0.01870589339224979,0.03582757431479764,0.03299427124398456,0.19997635867545216,32.44656017166989,0.010746985998967585,102.19397076467449
596,1108974,471881,451129,145486,8250,72399,73087,55815,27995,27820,516363,331710,184653,415947,100416,592611,145698,6888,541854,82206,481507,0.009017343959371454,189,44,384,2690,54626,244844,24863,204760,36686,2817,2977,143,17,32553,329,508,265,773,138,92,230,11,16,27,16,1374,Kerala,Idukki,9.80480963855423,77.04586641566264,1006.0,83.23098647939446,85.0,81.0,4.0,33.0,60.0,27.0,0.7439308766481451,15.0,376504,65.03091600620445,1.1644832605531297,23.94468704512373,46.56222778892923,28.21619674531289,19.446784529487974,13.118973032731155,5.0330305309231775,48.860838937612606,7.4127977752408984,43.419142378450715,0.01704278008321205,0.003967631342123441,0.034626600803986385,0.24256655250709214,6.603648301213267,0.004515224273845696,54.384548371332045
597,1974551,861592,888206,153909,37849,75503,78406,21972,10974,10998,735735,530322,205413,604553,131182,1238816,63052,18523,983598,126499,858608,0.01033146269708911,358,83,565,4636,187213,464039,83999,346188,72827,5858,6177,298,21,55261,481,918,893,1811,241,276,517,105,70,175,88,3071,Kerala,Kottayam,9.643701174068417,76.46059673302705,1039.0,88.61751355118201,89.0,88.0,1.0,20.0,55.0,35.0,1.91684084128493,15.0,1240425,37.40967813451035,2.865516118528167,15.66265060240964,37.26087601687675,8.569933467892652,17.830061095367217,7.794632805128862,1.1127593057864802,49.81375512711497,6.406469116269978,43.48370844814847,0.018130704144891676,0.004203487273815668,0.028614100116937977,0.2347875542338486,6.771791926154343,0.001692968135921156,27.908821573251103
598,2127789,890552,962245,201211,28842,97183,104028,6574,3175,3399,804471,536738,267733,596387,208084,1323318,71706,35865,1460447,224545,435056,0.012595233831926003,146,74,311,6942,274392,507913,71593,367040,76254,8258,8908,607,43,76073,516,1012,940,1952,226,283,509,109,167,276,116,3368,Kerala,Alappuzha,9.542602965599087,76.38010796263319,1100.0,87.07616215705599,88.0,86.0,2.0,24.0,53.0,29.0,1.3554915454492902,171.0,160369,316.71520056868843,3.44418052256532,15.320665083135394,37.80783714926621,8.913435039920643,25.865941718222285,9.456341770730086,0.30895920601149834,68.63683382139865,10.552973062648599,20.446388246202986,0.006861582609929837,0.003477788446128822,0.014616110901973832,0.32625415395981466,44.64266784727722,0.026813162144803546,228.87216357276031
600,2635375,1074345,1165928,328263,31542,157801,170462,10761,5195,5566,912025,644362,267663,695299,216726,1723350,92193,21511,1697635,508500,421598,0.007892614903002419,272,63,619,6480,263148,630767,83133,455971,83293,9101,9925,765,59,114087,667,1228,1056,2284,295,351,646,84,126,210,103,3910,Kerala,Kollam,8.929388820570157,76.6360775852431,1113.0,85.00775032016317,86.0,84.0,2.0,19.0,52.0,33.0,1.1968695157235687,55.0,481996,130.8656088432269,2.634271099744246,17.058823529411764,34.60702936014798,10.108604479043885,23.763164386941146,12.45602618223213,0.40832898543850493,64.41720817720439,19.295166722003508,15.997647393634681,0.010321111796233934,0.0023905516292747715,0.023488118389223545,0.24588531043969072,17.247653507497986,0.012240765483530983,94.60057759815435
601,3301427,1354857,1430551,372977,71621,178589,194388,26759,12624,14135,1231669,864101,367568,921282,310387,2069758,94470,28587,2194057,452915,630573,0.01223713260962608,301,76,1082,22019,343590,783872,155321,579574,96518,12243,13652,1224,185,139030,766,1611,1689,3300,424,491,915,214,302,516,273,5770,Kerala,Thiruvananthapuram,8.537101759082221,76.88711502868073,1087.0,84.36981947503307,86.0,83.0,3.0,21.0,55.0,34.0,2.1693952342426472,576.0,59618,1314.8243818980845,4.731369150779896,13.275563258232237,37.30717050536026,7.670080191999635,25.200520594412946,11.297448042922046,0.8105282957945156,66.4578377774217,13.7187646432891,19.100013418439964,0.009117269592815471,0.0023020348473554012,0.03277370664261242,0.6669540171568235,260.5270220403234,0.31030896709047606,972.1459961756516
602,3728104,1495711,1296010,821646,75634,410526,411120,47243,23692,23551,1538054,1103563,434491,1247918,290136,2190050,270586,58240,3325823,143093,233633,0.038142712756940256,951,3693,530,18959,621907,909400,174279,717165,93063,9615,10766,1021,130,117828,539,1940,1732,3672,1137,455,1592,472,876,1348,580,7731,Tamil Nadu,Thiruvallur,13.275858101752885,80.19724702864492,987.0,74.88313094269903,80.0,70.0,10.0,23.0,59.0,36.0,2.028752416778073,152.0,409156,222.2624133582301,7.502263614021472,6.971931186133746,41.25566239568424,17.592750319559652,18.863837030429362,22.039245686279138,1.2672125026555052,89.20950166626253,3.8382244701328077,6.266804788707611,0.02550894502943051,0.09905839536665285,0.014216341604204175,0.5085426801398244,42.5947560343732,0.031772722384616134,175.279111145871
603,4646732,1968079,1808197,779667,217368,389001,390666,10061,5207,4854,1817297,1369302,447995,1619554,197743,2829435,13674,37345,3751322,439270,358662,0.06135494795051662,2804,51708,1759,38356,910262,1096334,355838,859219,111380,15288,17628,1926,414,118340,471,2117,3685,5802,1954,1866,3820,748,1214,1962,3686,15742,Tamil Nadu,Chennai,13.058098905608748,80.28139151846806,989.0,81.267350903818,84.0,78.0,6.0,19.0,59.0,40.0,4.677868230834057,183.0,498391,219.97467851546278,23.415067971032904,2.9919959344428917,39.10914165051912,0.7524361730636214,10.881160316668106,16.778824343646246,0.2165177591477193,80.73032832536931,9.453310412565218,7.71858587928032,0.06034348441011876,1.1127820584445154,0.03785456101191117,0.8254403309680868,71.39735669384078,0.08306731060552859,172.39857862601852
604,3998252,1611461,1401921,948081,100322,474264,473817,41210,20605,20605,1673814,1181308,492506,1367378,306436,2324438,272514,54732,3537399,173785,256762,0.04051770623762584,990,4962,756,21978,622095,961161,200738,761575,97620,10013,11193,1025,155,123421,541,1993,1965,3958,1138,560,1698,522,832,1354,797,8349,Tamil Nadu,Kancheepuram,12.496424756511884,80.08820360135913,986.0,75.36748559120335,80.0,71.0,9.0,25.0,59.0,34.0,2.5091464970191972,33.0,1899838,50.59173466369238,9.546053419571205,6.479817942268536,41.86364441260831,16.281020471808695,18.307649475987176,23.712387313255892,1.0307004160818276,88.47363797979718,4.346524431176424,6.421856351225486,0.024760820478549127,0.12410423355006138,0.01890826291089206,0.5496902146237906,10.566058790275802,0.008158590364020512,40.08631262244465
605,3936331,1504355,1269573,860212,20623,424668,435544,72955,36663,36292,1689330,1123874,565456,1360185,329145,2247001,391955,136415,3397857,414760,111390,0.01717335254580979,438,3514,251,7445,417535,865913,69912,681392,113434,12677,14378,1470,231,118114,789,2455,1670,4125,1082,579,1661,340,777,1117,402,8092,Tamil Nadu,Vellore,12.784882632293078,79.02643283582084,1007.0,70.46988680575896,77.0,64.0,13.0,29.0,57.0,28.0,0.5239142744855552,191.0,218489,396.3188078118349,4.9678695007414735,9.750370736529906,42.9163604381847,23.2018018977938,19.483759833780255,21.8531419232783,1.8533756434608777,86.32040852255565,10.536715535355132,2.829792514907918,0.011127113040036522,0.08927094799700533,0.006376496285500381,0.18913551731294956,31.997949553524435,0.1057261463963861,311.8655859105035
606,2464875,909803,717010,565329,6445,282615,282714,90954,45956,44998,1238177,738995,499182,970072,268105,1226698,525063,46720,2294369,91636,66987,0.009412242000101425,157,7898,110,3486,176242,549077,27529,422698,77068,8445,9562,968,149,83936,545,1519,798,2317,483,324,807,118,271,389,131,4189,Tamil Nadu,Tiruvannamalai,12.419318947368414,79.23265631578953,994.0,65.9998174349612,74.0,58.0,16.0,41.0,60.0,19.0,0.26147370556316246,935.0,18850,2912.8753315649865,3.1272380042969687,13.01026497970876,50.23285156448096,42.406134179523605,21.65320467106076,22.93540240377301,3.6900045641259696,93.08257011004615,3.7176733100055785,2.717663167503423,0.006369491353516913,0.3204219280896597,0.0044627009483239515,0.14142705005324813,146.04244031830237,0.7904509283819628,2242.4297082228113
608,3482056,1285107,1000455,580512,20660,294062,286450,119369,60489,58880,1694160,1083797,610363,1561030,133130,1787896,454210,141503,3326357,95487,53841,0.011832090006593805,174,992,246,4547,448968,835377,63867,678452,98849,7933,8622,609,80,132976,642,2185,1727,3912,1197,523,1720,437,943,1380,515,8169,Tamil Nadu,Salem,11.629324202127655,78.2478257978723,954.0,65.63828956225862,72.0,59.0,13.0,36.0,61.0,25.0,0.5933276202335631,632.0,71079,1175.2796184527076,6.304321214346921,7.858979067205288,48.654013605754756,26.81033668602729,7.858171601265523,16.67152969395093,3.428118330090039,95.52853256811493,2.742259171018502,1.5462416457403327,0.004997047721231364,0.02848891574403169,0.007064791605878826,0.13058377004850008,89.85354324061959,0.11255082373134119,954.5041432771986
609,1726601,653312,522819,345392,8960,173973,171419,57059,29383,27676,898245,531463,366782,839152,59093,828356,253726,38797,1673652,32483,16909,0.010598858682463406,108,84,199,2983,265276,441044,31581,354019,45345,2788,2947,145,14,75446,309,1050,890,1940,506,241,747,220,358,578,249,3824,Tamil Nadu,Namakkal,11.33766638477801,78.14624841437633,986.0,68.11828557958671,75.0,61.0,14.0,43.0,61.0,18.0,0.5189386546167876,244.0,108783,405.43467269702063,6.5115062761506275,8.080543933054393,52.02388971163575,28.246859153126376,6.5787173877950895,20.0041584593082,3.304700970287866,96.93333897061336,1.8813263747675346,0.9793229588075069,0.006255064140470207,0.004865049887032383,0.011525534851421956,0.1727671882502095,29.031190535285845,0.012869657942877106,325.435959662815
610,2251744,828300,664362,369483,18604,184408,185075,21880,11024,10856,1195773,732083,463690,1111051,84722,1055971,370212,54322,2115455,76098,55899,0.01931835945826879,148,639,157,2913,371015,595211,58861,487375,56971,3695,3912,196,21,110476,521,1933,1748,3681,1130,450,1580,513,933,1446,491,7719,Tamil Nadu,Erode,11.267012155963302,77.42034334862392,993.0,66.28915187516876,73.0,59.0,14.0,41.0,65.0,24.0,0.8262040445095002,92.0,405012,146.9613246027278,6.360927581292914,6.749578961005312,53.104304929867695,30.960056800078277,7.085124016013072,16.408748063723053,0.9716912757400485,93.94740254664828,3.3795138346099733,2.4824758054201546,0.0065726832179857034,0.028378003893870705,0.0069723734136740234,0.12936639333778618,14.53314963507254,0.005185031554620604,120.33594066348653
612,2159775,816180,665654,452376,9155,225573,226803,8064,4095,3969,1105155,665469,439686,963017,142138,1054620,467959,30829,1879494,105012,169945,0.014492250350152214,256,71,138,4546,209640,500057,38677,414781,64405,6056,6698,543,99,77288,421,1362,1000,2362,634,322,956,228,479,707,236,4682,Tamil Nadu,Dindigul,10.377801390820574,77.78011279554937,998.0,68.61057286059891,76.0,62.0,14.0,41.0,62.0,21.0,0.42388674746211985,40.0,528790,94.56627394617901,5.040580948312686,8.991883810337463,51.16991353265965,42.34329121254485,12.861363338174284,20.94551515782894,0.3733722262735702,87.02267597319165,4.862173143035733,7.868643724462039,0.011853086548367307,0.003287379472398745,0.006389554467479252,0.21048488847217883,7.314245730819417,0.018721987934718888,78.43964522778418
613,1064493,401726,325318,221385,4915,108809,112576,575,297,278,543298,329034,214264,508507,34791,521195,200837,11340,993666,53292,16483,0.010803265028515923,29,7,79,822,135831,264949,17995,206574,31734,2873,3206,291,42,46334,199,628,485,1113,267,158,425,99,172,271,145,2151,Tamil Nadu,Karur,10.79532776617955,78.08749686847604,1015.0,68.29955669036809,76.0,61.0,15.0,40.0,62.0,22.0,0.46172215317526744,12.0,1169788,22.64931765413904,6.741050674105067,9.251510925151091,51.03819376924038,36.966268972092664,6.403667968591822,20.797224594243456,0.05401632514257962,93.34640998108958,5.006326955649309,1.5484366736089388,0.002724301615886624,0.0006575900452140127,0.007421373367415286,0.07721985959513121,1.5383129250770224,0.003590394156889966,17.659097203937808
615,565223,208011,167812,175289,1507,87444,87845,2584,1292,1292,299726,162639,137087,255097,44629,265497,118278,5343,521658,32702,10301,0.014684469669493279,39,38,26,376,49390,135751,7745,105551,14136,1057,1159,92,10,28555,117,346,242,588,87,79,166,40,36,76,31,979,Tamil Nadu,Perambalur,11.260137758112096,78.86034011799416,1003.0,66.49110174214425,74.0,59.0,15.0,48.0,58.0,10.0,0.2666204312280286,7.0,728192,18.64219876076639,3.1664964249233916,11.95097037793667,53.02791995371739,39.4620419983585,14.889932805295503,31.012361492720576,0.45716469428880285,92.29242263672923,5.785681049780353,1.8224665309090393,0.00689993153144865,0.0067230102101294535,0.0045999543542990995,0.06652241681601775,1.0635931182984706,0.0013732641940587098,14.494940894709089
616,754894,269582,211022,176230,1749,88076,88154,10722,5274,5448,359851,212547,147304,272241,87610,395043,166837,13564,708397,7942,37403,0.013776768658911052,88,65,42,853,39642,177502,8371,146444,18746,1243,1339,87,9,31577,196,518,234,752,121,108,229,19,44,63,18,1258,Tamil Nadu,Ariyalur,11.190514836795256,79.22249643916912,1015.0,63.66509735141622,72.0,56.0,16.0,39.0,57.0,18.0,0.23168815754264835,8.0,504235,35.20223705216814,1.4308426073131957,15.580286168521463,47.66907671805578,46.362800158954684,24.34618772769841,23.344999430383602,1.4203318611619644,93.84059218910204,1.052068237394919,4.954735366819713,0.011657265788309352,0.008610480411819409,0.005563695035329464,0.11299599678895315,1.6601386258391426,0.0017848820490445922,29.042807421142918
617,2605914,1000322,814959,763944,15396,383943,380001,15702,7943,7759,1169880,749633,420247,837271,332609,1436034,539412,32027,2391675,123749,83334,0.015388074971008251,236,1280,138,5101,244610,598412,50938,473604,65535,6433,7371,773,165,90912,519,1580,1097,2677,683,405,1088,200,432,632,385,5300,Tamil Nadu,Cuddalore,11.57587300613498,79.63002365371497,987.0,69.66005017817164,76.0,63.0,13.0,32.0,57.0,25.0,0.5908099806824016,74.0,330846,180.87327638841032,7.264150943396226,9.79245283018868,44.89326969347415,46.108318801928405,28.431035661777276,29.315779415590843,0.6025525017325974,91.77873866904281,4.748775285753866,3.197879899336663,0.009056323424334033,0.04911904230147272,0.005295646748127528,0.1957470584217284,15.39628709429765,0.04987214595310205,143.14938067862388
618,1616450,640916,572092,509767,5585,252332,257435,3756,1847,1909,671994,461174,210820,486328,185666,944456,345057,11555,1435072,128617,47579,0.011382968851495562,450,963,110,3475,143846,381940,19692,308480,31907,3303,3832,436,93,68437,334,992,697,1689,313,253,566,110,157,267,170,3026,Tamil Nadu,Nagapattinam,10.789468161718286,79.79437299431483,1025.0,75.0414797859507,80.0,70.0,10.0,26.0,58.0,32.0,0.34551022301957995,18.0,781815,48.852989517980596,5.617977528089887,11.037673496364839,41.572210708651674,51.34822632344932,27.629115736152404,31.536205883262706,0.2323610380772681,88.77923845463826,7.956757091156547,2.9434254075288444,0.02783878251724458,0.05957499458690341,0.006805035726437564,0.21497726499427758,2.518754436791313,0.011895397248709734,39.45690476647289
619,1264277,503085,443386,430927,4416,214717,216210,3034,1466,1568,540168,369853,170315,412425,127743,724109,295188,10440,1132785,96092,33192,0.020406920318885812,151,279,64,1456,109580,303114,15535,247478,27515,2565,2918,288,65,50060,271,781,497,1278,240,193,433,65,117,182,108,2272,Tamil Nadu,Thiruvarur,10.368927409395978,79.60322893959727,1017.0,74.86262899665184,80.0,70.0,10.0,27.0,59.0,32.0,0.3492905431325572,28.0,388704,77.98067424055323,4.753521126760563,11.92781690140845,42.7254470341547,54.64744301772782,23.64875372106456,34.084856404094985,0.2399790552228665,89.59943113732196,7.6005495631099835,2.625374028001775,0.011943585147875031,0.02206794871693466,0.005062181784529815,0.11516463559805327,3.9966143903844573,0.0167222359430312,63.66746933399193
620,2405890,944264,846734,455062,13495,225859,229203,3561,1739,1822,974079,680483,293596,834484,139595,1431811,415361,31200,2075870,190814,133971,0.009601436474651791,795,1256,148,2805,223044,555582,42912,445798,58184,6279,7135,710,146,93957,481,1474,1064,2538,603,389,992,187,370,557,348,4914,Tamil Nadu,Thanjavur,10.387692255892237,79.3194869107745,1035.0,74.44222304427883,80.0,69.0,11.0,24.0,58.0,34.0,0.5609150875559564,17.0,1308366,42.463805999238744,7.0818070818070815,9.788359788359788,40.48726250992356,42.64140793508535,14.330973155154766,18.914497337783523,0.14801175448586595,86.2828308858676,7.931119045342888,5.568459073357468,0.033043904750425,0.05220521303966515,0.0061515696893872955,0.11658887147791462,3.279816198219764,0.011158957050244351,34.07288174715637
621,1618345,608776,501769,284804,4494,141428,143376,1283,647,636,761693,471099,290594,640248,121445,856652,305149,13941,1428784,114194,72850,0.00735319106865347,81,32,293,1992,82967,354493,18272,283940,46461,5400,6160,661,99,54067,349,1005,636,1641,282,229,511,86,132,218,92,2812,Tamil Nadu,Pudukkottai,10.130514816433578,79.05444484265728,1015.0,68.62226533897284,76.0,62.0,14.0,36.0,59.0,23.0,0.2776910980044428,23.0,356418,99.45990382079468,3.2716927453769555,12.411095305832148,47.066169450889646,40.061940965717156,15.944087709877863,17.59847251358641,0.07927852219396977,88.28673737676453,7.056221015914406,4.5015123474908005,0.005005113248411186,0.001977328690730345,0.01810491582449972,0.12308871099796397,5.126564876072477,0.02777637493055906,79.66488785639334
622,1339101,526304,433440,227746,5773,113599,114147,790,394,396,620171,391305,228866,461102,159069,718930,199563,14656,1186078,74310,75481,0.011201544917074964,80,109,24,2869,113822,314270,24456,245294,39006,4472,5165,602,91,52495,248,757,578,1335,258,205,463,103,137,240,169,2456,Tamil Nadu,Sivaganga,9.960306580645158,78.56535729032255,1003.0,71.67077016595462,79.0,65.0,14.0,34.0,59.0,25.0,0.4311101253751584,29.0,386515,81.30861674191169,6.881107491856678,10.097719869706841,46.31248875178198,32.178705550565894,25.649216103300542,17.00738032456103,0.05899480322992814,88.57270661436291,5.549245351918937,5.636692079238236,0.005974157289106647,0.008139789306407805,0.0017922471867319939,0.21424821578058711,6.327309418780643,0.023543717578877923,63.462996261464625
623,3038252,1223810,1049620,408976,34097,205098,203878,11096,5622,5474,1354632,902704,451928,1173902,180730,1683620,372828,47293,2760502,168881,97711,0.017115104342891898,199,1532,305,8602,391821,754141,95311,605700,71390,7350,8241,762,129,112608,458,1632,1526,3158,980,502,1482,372,710,1082,738,6917,Tamil Nadu,Madurai,9.904313833333331,78.01366033333332,990.0,74.82690705050142,80.0,69.0,11.0,30.0,59.0,29.0,1.1222571399607406,118.0,330840,227.947346149196,10.669365331791239,6.621367644932774,44.58590005042373,27.522456283330087,13.341630789764306,13.460897911035689,0.3652099957475548,90.85823032454188,5.558492185638321,3.216026847015981,0.006549818777375938,0.05042373048713537,0.010038666970350057,0.28312332222606945,28.808789747309877,0.03899165759883932,183.07943416757345
624,1245899,479403,390677,258200,4667,129900,128300,1835,954,881,591642,368900,222742,530591,61051,654257,315161,14939,1148990,56751,37574,0.012200025844791592,79,28,74,2251,147529,312310,18830,253069,30050,2641,2892,221,30,54954,218,734,506,1240,401,169,570,153,367,520,94,2642,Tamil Nadu,Theni,9.924066666666668,77.43458833333332,991.0,69.83551636208072,77.0,63.0,14.0,36.0,59.0,23.0,0.37458895143185766,22.0,684655,45.61567504801688,3.557910673732021,8.251324753974263,47.4871558609486,53.26886867396162,10.318909070011934,20.723991270560454,0.14728320674468798,92.22176115399402,4.555024123143208,3.015814283501311,0.006340802906174578,0.002247373181935293,0.005939486266543275,0.18067275116201234,2.7502902921909578,0.004381768920113049,36.962995961469645
625,1942288,760375,638413,399831,10219,198704,201127,2294,1182,1112,950158,579111,371047,854066,96092,992130,208702,35298,1822626,47838,67405,0.012613989274505119,87,98,75,3914,235005,505950,37357,410503,36597,2872,3150,239,39,89882,364,1185,921,2106,595,298,893,199,416,615,321,4300,Tamil Nadu,Virudhunagar,9.468872195892564,77.87641469194315,1007.0,72.01753807880192,79.0,66.0,13.0,38.0,60.0,22.0,0.526132066923134,29.0,798132,63.391769782442,7.465116279069768,8.465116279069768,48.919521718715245,21.964978456214652,10.113265372706435,20.585567124957784,0.11810812814577448,93.83912169564967,2.462971505770514,3.470391620604153,0.004479253334212022,0.005045595709802048,0.0038614252881138122,0.20151491436903282,4.680554093809044,0.004886409766805491,51.432970987255246
626,1353445,536487,442459,249008,5172,125015,123993,1105,559,546,602977,392751,210226,486150,116827,750468,153874,25228,1047411,208038,91139,0.011378371489052012,86,29,36,6552,100484,291400,22379,232329,38952,5592,6654,845,217,51020,265,778,504,1282,268,185,453,75,151,226,112,2340,Tamil Nadu,Ramanathapuram,9.31286995153476,78.99185362412462,983.0,72.32994321897085,79.0,66.0,13.0,31.0,58.0,27.0,0.38213595676218837,12.0,821682,35.463841242719205,4.786324786324787,11.324786324786325,44.551274710091654,25.519049648659898,19.375034205284777,18.398087842505607,0.08164350971040567,77.38851597220426,15.370997713242874,6.73385324117345,0.006354155506873202,0.0021426803453409634,0.0026598790493887817,0.48409798698875833,2.7235597226177526,0.026409243478620684,28.274807042140388
629,1870374,780541,768197,74249,15673,36817,37432,7282,3554,3728,679620,524629,154991,552658,126962,1190754,72867,35789,909872,78590,876299,0.00855443884485135,438,156,10,4849,199188,465692,52943,343647,55107,5937,6697,646,114,83750,275,1048,990,2038,662,246,908,291,534,825,332,4377,Tamil Nadu,Kanniyakumari,8.183466300191206,77.32053064053538,1019.0,82.8036531731087,84.0,81.0,3.0,16.0,57.0,41.0,0.8379607500959702,70.0,284369,163.7632794010599,7.585103952478867,6.282842129312314,36.33604829836172,10.721726847355875,18.681321915187898,3.9697408111960493,0.3893338979262971,48.64652737901618,4.201833430105423,46.851538783152456,0.023417776337780572,0.008340577873730068,0.0005346524278032094,0.25925296224177624,18.61771149457219,0.04008875791665055,120.84545080511589
630,1506843,527599,390110,245392,3651,124706,120686,63044,32130,30914,751170,446057,305113,652996,98174,755673,267345,15341,1452956,38304,14089,0.0108836819761581,39,37,87,1167,104785,337972,18927,280175,50837,4998,5458,409,51,44454,380,969,370,1339,255,180,435,42,92,134,76,2364,Tamil Nadu,Dharmapuri,12.300141200000006,78.11509813333339,946.0,60.902761601573616,68.0,53.0,15.0,42.0,58.0,16.0,0.24229465179849527,25.0,427239,79.10607411776547,3.2148900169204735,16.07445008460237,49.85058164652854,35.590478852989335,13.06947828054901,16.28517370422798,4.183846625029947,96.42384773994371,2.542003380577804,0.9350011912322651,0.0025881926650619873,0.0024554648360844496,0.0057736605605228945,0.0774466882083933,4.430073097259379,0.011937112482708742,65.57804882044944
632,3458045,1394790,1241117,535911,63273,266960,268951,28342,14245,14097,1567950,1083125,484825,1443252,124698,1890095,230026,50085,3044145,211035,190314,0.03215689790040326,435,3284,237,7483,675153,896325,149920,730354,82440,7282,7924,561,81,125225,725,2868,3206,6074,1958,1062,3020,847,1435,2282,1837,13938,Tamil Nadu,Coimbatore,10.871376995940452,77.07619012178621,1000.0,76.22535276435094,81.0,72.0,9.0,28.0,63.0,35.0,1.8297332741476757,134.0,502830,178.2560706401766,13.179796240493616,5.201607117233462,45.342093581778144,14.670493319302274,7.952932172582034,15.497513768617818,0.819596043429163,88.03080931566825,6.102725673032017,5.503514268900492,0.012579362038377175,0.09496695387133482,0.0068535834553917025,0.21639394513373886,29.815245709285442,0.016108824055843924,145.2486924010103
634,55626,19919,19355,8427,207,4100,4327,0,0,0,16760,14047,2713,15373,1387,38866,3324,146,53537,1191,873,0.005393161471254449,1,4,4,13,10399,12859,597,10594,821,58,66,8,0,1827,510,1993,2316,4309,1370,838,2208,576,978,1554,1446,10027,Puducherry,Yanam,16.707695652173904,82.26187304347832,1038.0,70.60367454068242,73.0,68.0,5.0,10.0,51.0,41.0,0.37212814151655704,1.0,979132,1.3133060710915383,14.421063129550216,5.086267078887005,30.12979541940819,19.832935560859188,8.27565632458234,15.149390572753749,0.0,96.24456189551648,2.1410851040880163,1.5694099881350447,0.0017977204904181497,0.007190881961672599,0.007190881961672599,0.02337036637543595,0.06097237144736358,0.0,1.081978732183199
636,41816,16610,19860,144,574,77,67,0,0,0,11802,9093,2709,10404,1398,30014,82,69,27940,12856,958,0.007174287354122824,21,14,3,21,3632,7150,1484,3991,1267,489,685,132,64,1254,510,1993,2316,4309,1370,838,2208,576,978,1554,1446,10027,Puducherry,Mahe,12.006420793787758,75.28275021570326,1184.0,87.21541993495313,87.0,88.0,-1.0,12.0,48.0,36.0,1.3726803137555004,0.0,1668932,0.4284176946694054,14.421063129550216,5.086267078887005,28.223646451119187,0.6947974919505169,11.845449923741738,0.34436579299789555,0.0,66.81652955806389,30.744212741534344,2.290989095083222,0.050220011478859766,0.033480007652573175,0.007174287354122824,0.050220011478859766,0.08891914110341224,0.0038347877564813906,0.2391349677518317
637,200222,79903,75013,35348,1868,17206,18142,0,0,0,68301,53139,15162,58342,9959,131921,13077,1327,152638,28835,18391,0.022974498306879365,63,54,14,181,28366,47880,4870,36645,4554,628,771,115,28,8098,407,1345,1063,2408,665,340,1005,246,483,729,341,4890,Puducherry,Karaikal,10.876161726078813,79.82369793621002,1047.0,77.3721169501853,82.0,73.0,9.0,15.0,54.0,39.0,0.932964409505449,1.0,3618151,1.3233278544759464,6.973415132924335,8.323108384458077,34.11263497517755,19.146132560284624,14.581045665510024,17.65440361199069,0.0,76.2343798383794,14.401514319105793,9.185304312213443,0.031465073768117385,0.026970063229814906,0.006992238615137197,0.09039965638141663,0.13459913640972973,0.0007738759382900272,1.012810134237073
